{
"skeleton": { "hash": "m06szJMy8CfncyyWrjnPFxagL4o", "spine": "2.1.27", "width": 112, "height": 127.01, "images": "" },
"bones": [
	{ "name": "root" },
	{ "name": "bone", "parent": "root", "length": 41.16, "x": -0.23, "y": -0.89, "rotation": 90 },
	{ "name": "bone18", "parent": "bone", "length": 23.18, "x": 2.95, "y": -50.45, "rotation": 9.82 },
	{ "name": "bone2", "parent": "bone", "length": 56.05, "x": 41.16, "rotation": -0.45 },
	{ "name": "bone10", "parent": "bone2", "length": 15.73, "x": -7.28, "y": 2.8, "rotation": 114.9 },
	{ "name": "bone11", "parent": "bone2", "length": 15.65, "x": -7.04, "y": -2.64, "rotation": -109.1 },
	{ "name": "bone12", "parent": "bone2", "length": 15.25, "x": 20.96, "y": 6.06, "rotation": 97.18 },
	{ "name": "bone13", "parent": "bone2", "length": 14.99, "x": 20.66, "y": -6.86, "rotation": -94.08 },
	{ "name": "bone14", "parent": "bone2", "length": 15.08, "x": 45.81, "y": 6.05, "rotation": 70.08 },
	{ "name": "bone15", "parent": "bone2", "length": 15.57, "x": 45.9, "y": -5.05, "rotation": -80.17 },
	{ "name": "bone16", "parent": "bone2", "x": 35.87, "y": 11.54 },
	{ "name": "bone17", "parent": "bone2", "x": 36.21, "y": -11.65 },
	{ "name": "bone19", "parent": "bone18", "length": 25.58, "x": 23.18, "y": 0.08, "rotation": 38.21 },
	{ "name": "bone3", "parent": "bone2", "length": 25.65, "x": 56.05, "y": -0.19, "rotation": 1.8 },
	{ "name": "bone4", "parent": "bone2", "length": 17.88, "x": 28.85, "y": 30.16, "rotation": 167.13 },
	{ "name": "bone7", "parent": "bone2", "length": 16.55, "x": 29.52, "y": -29.62, "rotation": -159.69 },
	{ "name": "bone20", "parent": "bone19", "length": 59.59, "x": 18.77, "y": -0.99, "rotation": -32.84 },
	{ "name": "bone5", "parent": "bone4", "length": 15.11, "x": 17.88, "y": -0.13, "rotation": 21.64 },
	{ "name": "bone8", "parent": "bone7", "length": 15.68, "x": 16.03, "y": -0.2, "rotation": -27.1 },
	{ "name": "bone21", "parent": "bone20", "length": 23.14, "x": 58.75, "y": 0.21, "rotation": -97.91 },
	{ "name": "bone6", "parent": "bone5", "length": 10.09, "x": 15.11, "y": 0.03, "rotation": 28.51 },
	{ "name": "bone9", "parent": "bone8", "length": 12.94, "x": 15.68, "y": -0.04, "rotation": -26.74 },
	{ "name": "bone22", "parent": "bone21", "length": 16.7, "x": 23.14, "y": -0.13, "rotation": 26.74 },
	{ "name": "bone23", "parent": "bone22", "length": 14.11, "x": 16.7, "y": 0.05, "rotation": 17.7 }
],
"slots": [
	{ "name": "shenti2", "bone": "bone", "attachment": "shenti" },
	{ "name": "shenti", "bone": "root" },
	{ "name": "bone2", "bone": "bone2", "attachment": "tou" },
	{ "name": "tou", "bone": "root" },
	{ "name": "zui2", "bone": "bone2", "attachment": "zui" },
	{ "name": "zui", "bone": "root" },
	{ "name": "toufa2", "bone": "bone4", "attachment": "toufa" },
	{ "name": "toufa", "bone": "root" },
	{ "name": "touguan2", "bone": "bone3", "attachment": "touguan" },
	{ "name": "touguan", "bone": "root" },
	{ "name": "huzi2", "bone": "bone12", "attachment": "huzi" },
	{ "name": "huzi", "bone": "root" },
	{ "name": "bone3", "bone": "bone2", "attachment": "bizi" },
	{ "name": "bizi", "bone": "root" },
	{ "name": "yanjing2", "bone": "bone16", "attachment": "yanjing" },
	{ "name": "yanjing", "bone": "root" },
	{ "name": "meimaol2", "bone": "bone14", "attachment": "meimaol" },
	{ "name": "meimaol", "bone": "root" },
	{ "name": "qigan2", "bone": "bone20", "attachment": "qigan" },
	{ "name": "qigan", "bone": "root" },
	{ "name": "qi2", "bone": "bone21", "attachment": "qi" },
	{ "name": "qi", "bone": "root" },
	{ "name": "huwan2", "bone": "bone18", "attachment": "huwan" },
	{ "name": "huwan", "bone": "root" },
	{ "name": "shou2", "bone": "bone19", "attachment": "shou" },
	{ "name": "shou", "bone": "root" }
],
"skins": {
	"default": {
		"bone2": {
			"tou": { "x": 24.14, "y": -0.36, "rotation": -89.54, "width": 53, "height": 63 }
		},
		"bone3": {
			"bizi": { "x": 23.64, "y": -0.36, "rotation": -89.54, "width": 19, "height": 14 }
		},
		"huwan2": {
			"huwan": { "x": 16.2, "y": 0.64, "rotation": -99.82, "width": 34, "height": 36 }
		},
		"huzi2": {
			"huzi": {
				"type": "skinnedmesh",
				"uvs": [ 1, 0.30126, 1, 0.60818, 0.82252, 1, 0.69145, 1, 0.63175, 0.87471, 0.50616, 0.84241, 0.39087, 0.87471, 0.31675, 1, 0.18499, 1, 0.06619, 0.79507, 0, 0.68087, 0, 0.38202, 0.07175, 0, 0.17263, 0, 0.28381, 0, 0.38263, 0, 0.49587, 0.24472, 0.62969, 0, 0.69076, 0, 0.82047, 0, 0.91105, 0, 0.38653, 0.41436, 0.29974, 0.48367, 0.17896, 0.5124, 0.06919, 0.36604, 0.69109, 0.47096, 0.93088, 0.76078, 0.92082, 0.37499, 0.82145, 0.47937 ],
				"triangles": [ 27, 20, 0, 25, 19, 28, 19, 20, 27, 18, 19, 25, 19, 27, 28, 4, 16, 17, 4, 17, 25, 27, 0, 1, 26, 28, 27, 1, 26, 27, 17, 18, 25, 25, 3, 4, 25, 28, 3, 3, 28, 2, 28, 26, 2, 24, 11, 12, 21, 15, 16, 21, 22, 14, 21, 14, 15, 22, 23, 13, 22, 13, 14, 10, 24, 9, 24, 12, 13, 23, 24, 13, 9, 24, 23, 10, 11, 24, 6, 22, 21, 5, 6, 21, 7, 23, 22, 8, 9, 23, 23, 7, 8, 22, 6, 7, 16, 5, 21, 16, 4, 5 ],
				"vertices": [ 1, 7, 18.70999, 4.6, 1, 1, 7, 19.03, 0.62, 1, 1, 7, 10.39999, -5.16, 1, 2, 3, 14.72, -10.2, 7.9E-4, 7, 3.74, -5.68, 0.9992, 2, 3, 16.32, -7.14, 0.09225, 7, 0.58, -4.3, 0.90774, 2, 3, 16.69, -0.73, 0.9249, 7, -5.83, -4.39, 0.07509, 2, 3, 16.23, 5.14, 0.23757, 6, -0.32, 4.81, 0.76242, 2, 3, 14.57, 8.89999, 0.01291, 6, 3.62, 5.98, 0.98708, 1, 6, 10.29, 5.19, 1, 1, 6, 16, 1.84, 1, 1, 6, 19.18, -0.02, 1, 1, 6, 18.71999, -3.88, 1, 1, 6, 14.5, -8.38, 1, 1, 6, 9.39, -7.78, 1, 2, 3, 27.56, 10.69, 0.00547, 6, 3.76, -7.12, 0.99452, 2, 3, 27.59, 5.65, 0.17683, 6, -1.23, -6.52, 0.82316, 2, 3, 24.46, -0.14, 0.99203, 7, -6.97, 3.31, 0.00796, 2, 3, 27.69, -6.94, 0.1318, 7, -0.41, 7.02, 0.86819, 2, 3, 27.72, -10.06, 0.02715, 7, 2.68, 7.26, 0.97284, 1, 7, 9.28, 7.78, 1, 1, 7, 13.88, 8.14999, 1, 2, 3, 22.21, 5.4, 0.14952, 6, -0.8, -1.15, 0.85046, 1, 6, 3.69, -0.78, 1, 1, 6, 9.85, -1.13, 1, 1, 6, 15.19, -3.67, 1, 1, 7, 3.18, 1.16, 1, 1, 7, 15.67, -1.62, 1, 1, 7, 14.76, 3.33, 1, 1, 7, 9.82, 1.57, 1 ],
				"hull": 21,
				"edges": [ 32, 10, 12, 10, 30, 32, 32, 34, 34, 8, 8, 10, 8, 6, 12, 14, 14, 16, 20, 22, 24, 22, 24, 26, 26, 28, 28, 30, 30, 42, 42, 12, 14, 44, 44, 28, 16, 46, 46, 26, 16, 18, 18, 20, 24, 48, 48, 18, 34, 36, 6, 50, 50, 36, 4, 6, 36, 38, 38, 40, 2, 52, 52, 4, 2, 0, 40, 0, 40, 54, 54, 52, 4, 56, 56, 38, 2, 4 ],
				"width": 51,
				"height": 13
			}
		},
		"meimaol2": {
			"meimaol": {
				"type": "skinnedmesh",
				"uvs": [ 1, 1, 0.60746, 1, 0.50882, 1, 0.37838, 1, 0, 1, 0, 0, 0.18942, 0, 0.49651, 0, 0.79887, 0, 1, 0, 0.27978, 0.53058, 0.44508, 0.79826, 0.55532, 0.7938, 0.74415, 0.48154 ],
				"triangles": [ 12, 2, 7, 7, 2, 11, 2, 12, 1, 13, 8, 9, 0, 1, 12, 0, 13, 9, 0, 12, 13, 13, 7, 8, 13, 12, 7, 7, 11, 10, 3, 11, 2, 10, 6, 7, 4, 10, 11, 3, 4, 11, 10, 4, 5, 10, 5, 6 ],
				"vertices": [ 1, 9, 20, -5.53, 1, 1, 9, 0.25, -2.28, 1, 1, 3, 43.65, -0.66, 1, 1, 8, -0.81, 2.06, 1, 1, 8, 17.27, 8.78, 1, 1, 8, 22.49, -5.27, 1, 1, 8, 13.44, -8.64, 1, 1, 3, 58.64, 0.08, 1, 1, 9, 12.31, 10.92, 1, 1, 9, 22.44, 9.26, 1, 1, 8, 6.35, -2.78, 1, 1, 8, -2.95, -1.95, 1, 1, 9, -1.87, 1.19, 1, 1, 9, 8.39, 4.25, 1 ],
				"hull": 10,
				"edges": [ 8, 10, 0, 18, 20, 22, 6, 8, 22, 6, 10, 12, 20, 12, 0, 2, 24, 2, 24, 26, 16, 18, 26, 16, 12, 14, 14, 16, 2, 4, 4, 6, 14, 4 ],
				"width": 51,
				"height": 15
			}
		},
		"qi2": {
			"qi": {
				"type": "skinnedmesh",
				"uvs": [ 0.94386, 0.18061, 0.89042, 0.41116, 0.78317, 0.60475, 0.62406, 0.74991, 0.43527, 0.82446, 0.29674, 0.93829, 0.26279, 0.96618, 0.22164, 1, 0.15667, 0.91001, 0.19792, 0.83424, 0.24029, 0.75641, 0.22645, 0.46981, 0.14062, 0.24818, 0.06932, 0.19122, 0, 0.13583, 0, 0, 0.03854, 0.00771, 0.10467, 0.02094, 0.26604, 0.05323, 0.48594, 0.1161, 0.64499, 0.15579, 0.75566, 0.09423, 0.83712, 0, 1, 0, 0.89864, 0.10409, 0.82565, 0.25883, 0.71181, 0.37288, 0.55462, 0.43127, 0.34967, 0.43435 ],
				"triangles": [ 9, 10, 5, 17, 12, 13, 5, 6, 9, 17, 13, 16, 14, 15, 16, 7, 8, 6, 16, 13, 14, 6, 8, 9, 24, 22, 23, 21, 22, 24, 0, 24, 23, 25, 21, 24, 25, 24, 0, 27, 19, 20, 20, 21, 25, 26, 20, 25, 26, 25, 1, 27, 20, 26, 2, 26, 1, 27, 26, 2, 3, 27, 2, 1, 25, 0, 5, 10, 4, 18, 12, 17, 18, 28, 12, 28, 19, 27, 19, 28, 18, 11, 12, 28, 10, 11, 28, 4, 28, 27, 4, 27, 3, 10, 28, 4 ],
				"vertices": [ 4, 19, 45, 9.64999, 0, 22, 23.92, -1.08, 0.25, 23, 6.54, -3.25, 0.74999, 16, 58.84, -45.81, 0, 2, 22, 16.27, -8.38, 0.8253, 23, -2.94, -7.91, 0.17469, 3, 19, 34.98, -8.47, 0.25, 22, 6.81, -12.77, 0.5, 23, -13.28, -9.26, 0.25, 2, 19, 25.73, -14.35, 0.4729, 22, -4.08, -13.86, 0.52709, 3, 19, 14.99, -17.04, 0.51349, 22, -14.88, -11.43, 0.27649, 16, 38.95, -10.91, 0.21, 3, 19, 6.97, -21.62, 0.52461, 22, -24.1, -11.91, 0.09538, 16, 36.15, -2.10999, 0.38, 3, 19, 5.01, -22.74, 0.14047, 22, -26.36, -12.02, 0.01952, 16, 35.46, 0.04, 0.84, 1, 16, 34.63, 2.65, 1, 1, 16, 39.4, 5.12, 1, 2, 19, 1.7, -16.74, 0.16, 16, 42.02, 2.02, 0.84, 3, 19, 4.26, -13.45, 0.52461, 22, -22.85, -3.39, 0.09538, 16, 44.7, -1.15, 0.38, 2, 19, 4.17999, -0.82, 0.62, 16, 57.08, -3.71, 0.38, 3, 19, -0.07, 9.18, 0.52461, 22, -16.54, 18.76, 0.09538, 16, 67.75, -1.62, 0.38, 2, 19, -3.91, 11.9, 0.16, 16, 71.21, 1.57, 0.84, 1, 16, 74.58, 4.67999, 1, 1, 16, 80.35, 3.11, 1, 3, 19, -5.19, 20.06, 0.15976, 22, -16.21999, 30.78, 2.3E-4, 16, 79.44999, 1.12, 0.84, 3, 19, -1.52, 19.27, 0.52461, 22, -13.3, 28.43, 0.09538, 16, 77.92, -2.29, 0.38, 3, 19, 7.41, 17.35, 0.51298, 22, -6.17, 22.69, 0.27701, 16, 74.19, -10.64, 0.21, 3, 19, 19.54999, 13.91, 0.51, 22, 3.11, 14.16, 0.48933, 16, 68.29, -21.8, 6.6E-4, 4, 19, 28.35, 11.67, 0.25, 22, 9.96, 8.2, 0.49999, 23, -3.97, 9.8, 0.25, 16, 64.28, -29.94, 0, 3, 19, 34.68999, 14.03, 0.00105, 22, 16.68, 7.46, 0.39947, 23, 2.21, 7.07, 0.59947, 2, 22, 22.7, 8.78, 0.25, 23, 8.35, 6.52, 0.75, 2, 23, 14.52, -0.19, 1, 16, 65.69, -50.92, 0, 2, 22, 23.41, 3.09, 0.25, 23, 7.3, 0.88, 0.75, 2, 22, 16.46999, -0.76, 0.5, 23, -0.46, -0.71, 0.5, 4, 19, 31.56, 1.93, 0.25, 22, 8.43999, -1.93, 0.49999, 23, -8.47, 0.58, 0.25, 16, 54.08, -31.05, 0, 2, 19, 22.63, -0.14, 0.5, 22, -0.46, 0.22, 0.5, 3, 19, 11.16, 0.35, 0.51349, 22, -10.47999, 5.82, 0.27649, 16, 56.78, -10.77, 0.21 ],
				"hull": 24,
				"edges": [ 44, 46, 46, 0, 0, 2, 2, 4, 4, 6, 36, 38, 38, 40, 40, 42, 42, 44, 44, 48, 48, 0, 42, 50, 50, 2, 40, 52, 52, 4, 38, 54, 54, 6, 8, 56, 56, 36, 8, 6, 14, 16, 20, 22, 22, 24, 28, 30, 34, 36, 34, 24, 8, 10, 20, 10, 30, 32, 32, 34, 24, 26, 26, 28, 32, 26, 16, 18, 18, 20, 10, 12, 12, 14, 18, 12 ],
				"width": 56,
				"height": 44
			}
		},
		"qigan2": {
			"qigan": { "x": 29.88, "y": 2.3, "rotation": -105.19, "width": 38, "height": 99 }
		},
		"shenti2": {
			"shenti": {
				"type": "mesh",
				"uvs": [ 0.87886, 0.12051, 0.95644, 0.35838, 1, 0.66944, 1, 1, 0.74144, 1, 0.50206, 1, 0.28484, 1, 0, 1, 0, 0.70604, 0.04324, 0.41327, 0.12525, 0.13423, 0.26489, 0, 0.49097, 0, 0.73479, 0, 0.49984, 0.34923, 0.50206, 0.66487, 0.28041, 0.32636, 0.28484, 0.63742, 0.737, 0.31721, 0.737, 0.66029 ],
				"triangles": [ 18, 13, 0, 16, 11, 12, 10, 11, 16, 18, 14, 12, 18, 12, 13, 16, 12, 14, 18, 0, 1, 9, 10, 16, 17, 16, 14, 9, 16, 17, 19, 14, 18, 19, 18, 1, 15, 17, 14, 19, 15, 14, 19, 1, 2, 8, 9, 17, 6, 7, 8, 6, 17, 15, 6, 8, 17, 4, 5, 15, 6, 15, 5, 4, 19, 2, 4, 15, 19, 4, 2, 3 ],
				"vertices": [ 39.14, -37.3, 27.96, -44.82, 13.34, -49.05, -2.18, -49.05, -2.18, -23.97, -2.18, -0.75, -2.18, 20.31, -2.18, 47.94, 11.62, 47.94, 25.38, 43.75, 38.5, 35.79, 44.81, 22.25, 44.81, 0.32, 44.81, -23.32, 28.39, -0.52999, 13.56, -0.75, 29.47, 20.74, 14.85, 20.31, 29.9, -23.54, 13.77, -23.54 ],
				"hull": 14,
				"edges": [ 24, 28, 28, 30, 30, 10, 22, 24, 22, 32, 32, 34, 10, 12, 12, 14, 34, 12, 24, 26, 26, 36, 36, 38, 6, 8, 8, 10, 38, 8, 26, 0, 0, 2, 6, 4, 2, 4, 22, 20, 20, 18, 14, 16, 18, 16 ],
				"width": 97,
				"height": 47
			}
		},
		"shou2": {
			"shou": { "x": 13.28, "y": -1.53, "rotation": -138.04, "width": 27, "height": 30 }
		},
		"toufa2": {
			"toufa": {
				"type": "skinnedmesh",
				"uvs": [ 0.7977, 0.07644, 0.81606, 0.18329, 0.86361, 0.2883, 0.94693, 0.37933, 0.94528, 0.54654, 0.98474, 0.6822, 0.96342, 0.83157, 0.91551, 0.90204, 0.83641, 0.93937, 0.61794, 1, 0.54651, 0.97324, 0.50088, 0.90814, 0.45008, 0.97632, 0.3861, 1, 0.14071, 0.94009, 0.0534, 0.85962, 0.01603, 0.72396, 0.06406, 0.56615, 0.05042, 0.42029, 0.1316, 0.30847, 0.18299, 0.19533, 0.20471, 0.07412, 0.26071, 0, 0.29956, 0, 0.33842, 0, 0.65382, 0, 0.69515, 0, 0.73953, 0, 0.28444, 0.34426, 0.256, 0.56376, 0.28977, 0.68306, 0.25921, 0.61865, 0.26299, 0.45404, 0.27556, 0.21834, 0.28928, 0.10941, 0.24724, 0.09187, 0.22486, 0.20574, 0.2061, 0.32592, 0.17696, 0.44038, 0.15796, 0.56498, 0.15186, 0.66176, 0.17594, 0.76808, 0.25385, 0.90941, 0.30985, 0.779, 0.50243, 0.74365, 0.53655, 0.71034, 0.47141, 0.71034, 0.44194, 0.77072, 0.56447, 0.78321, 0.46795, 0.83138, 0.53771, 0.83578, 0.40472, 0.79169, 0.3768, 0.78336, 0.32717, 0.78945, 0.2928, 0.86854, 0.31326, 0.96357, 0.60161, 0.79516, 0.62814, 0.78146, 0.68835, 0.9705, 0.70977, 0.90063, 0.69345, 0.81844, 0.58141, 0.86045, 0.62356, 0.87953, 0.42681, 0.88161, 0.38144, 0.89142, 0.72207, 0.35408, 0.74203, 0.53923, 0.71844, 0.67322, 0.74384, 0.61232, 0.73571, 0.43892, 0.71581, 0.1124, 0.72729, 0.21309, 0.75719, 0.09423, 0.77411, 0.19737, 0.79092, 0.32208, 0.83562, 0.41074, 0.84962, 0.5431, 0.85381, 0.64422, 0.83935, 0.75137, 0.75254, 0.90892, 0.68733, 0.75793 ],
				"triangles": [ 14, 42, 55, 54, 42, 43, 14, 15, 41, 43, 42, 41, 42, 14, 41, 41, 30, 43, 34, 23, 24, 37, 36, 33, 37, 20, 36, 34, 71, 33, 65, 28, 71, 33, 71, 28, 70, 34, 25, 70, 72, 73, 72, 0, 1, 25, 26, 70, 26, 27, 72, 48, 50, 44, 48, 45, 57, 49, 47, 44, 66, 45, 46, 44, 46, 45, 47, 46, 44, 30, 31, 46, 44, 45, 48, 80, 45, 67, 68, 67, 45, 46, 31, 66, 46, 47, 52, 70, 26, 72, 72, 27, 0, 71, 70, 73, 73, 72, 1, 71, 73, 74, 2, 73, 1, 34, 70, 71, 36, 35, 34, 20, 21, 35, 34, 24, 25, 34, 35, 23, 35, 22, 23, 35, 21, 22, 33, 36, 34, 36, 20, 35, 15, 16, 41, 30, 40, 31, 30, 41, 40, 31, 40, 39, 40, 17, 39, 16, 40, 41, 16, 17, 40, 32, 37, 28, 38, 19, 37, 69, 32, 28, 66, 31, 29, 38, 37, 32, 18, 19, 38, 32, 66, 29, 31, 39, 29, 38, 17, 18, 29, 38, 32, 39, 17, 38, 39, 38, 29, 37, 33, 28, 19, 20, 37, 11, 49, 50, 12, 63, 11, 63, 49, 11, 14, 55, 13, 55, 54, 64, 54, 53, 64, 54, 43, 53, 53, 43, 52, 52, 43, 30, 55, 64, 13, 12, 13, 64, 64, 51, 63, 64, 52, 51, 63, 51, 49, 51, 47, 49, 51, 52, 47, 46, 52, 30, 53, 52, 64, 12, 64, 63, 42, 54, 55, 50, 49, 44, 58, 9, 62, 9, 10, 62, 10, 61, 62, 10, 11, 61, 58, 62, 59, 11, 50, 61, 62, 60, 59, 61, 56, 62, 62, 57, 60, 62, 56, 57, 61, 50, 56, 56, 50, 48, 56, 48, 57, 79, 59, 60, 9, 58, 8, 58, 59, 79, 57, 80, 60, 57, 45, 80, 7, 78, 6, 80, 78, 79, 80, 67, 78, 58, 79, 8, 79, 60, 80, 7, 8, 78, 78, 8, 79, 6, 78, 5, 78, 67, 77, 77, 67, 68, 68, 76, 77, 77, 76, 4, 78, 77, 5, 77, 4, 5, 65, 71, 74, 2, 74, 73, 69, 28, 65, 68, 45, 66, 4, 76, 75, 76, 66, 69, 68, 66, 76, 75, 69, 65, 75, 2, 3, 3, 4, 75, 76, 69, 75, 66, 32, 69, 75, 65, 74, 75, 74, 2 ],
				"vertices": [ 1, 3, 48.29, -28.84, 1, 2, 15, -9.91, 4.82, 0.3, 3, 40.5, -30.7, 0.7, 2, 15, -1.12, 6.6, 0.74, 3, 32.87, -35.41999, 0.26, 2, 15, 7.89, 12.02, 0.95577, 18, -12.81, 7.18, 0.04422, 3, 15, 19.32, 7.72, 0.42248, 18, -0.68, 8.56, 0.57642, 21, -18.49, 0.32, 0.00107, 3, 15, 29.95, 8, 0.039, 18, 8.64999, 13.64, 0.79926, 21, -12.43, 9.06, 0.16171, 2, 18, 19.73, 12.94, 0.48834, 21, -2.23, 13.42, 0.51165, 2, 18, 25.43, 8.92, 0.24774, 21, 4.65, 12.4, 0.75225, 2, 18, 29.1, 1.58, 0.02048, 21, 11.25, 7.5, 0.97951, 2, 5, 12.61, -8.56, 0.9989, 4, -8.16, 17, 0.00109, 1, 5, 5.36, -9.06, 1, 2, 5, -0.43, -6.08, 0.51708, 4, -0.5, 6.14, 0.48291, 1, 4, 6.08, 8.60999, 1, 1, 4, 12.51, 7.59, 1, 2, 17, 26.28, -4.84, 0.13459, 20, 7.48, -9.60999, 0.8654, 2, 17, 19.21999, -12.45, 0.51305, 20, -2.33999, -12.93, 0.48694, 3, 14, 31.55, -10.46, 0.02231, 17, 8.89, -14.64, 0.80306, 20, -12.46, -9.93, 0.17462, 2, 14, 19.26, -8.53, 0.4649, 17, -1.81, -8.31, 0.53509, 2, 14, 9.2, -12.28, 0.94288, 17, -12.54, -8.09, 0.05711, 2, 14, -0.56, -6.42, 0.77, 3, 30.84, 36.29, 0.23, 2, 14, -9.76, -3.41, 0.26, 3, 39.13, 31.32, 0.74, 1, 3, 48, 29.26, 1, 1, 3, 53.45, 23.81, 1, 1, 3, 53.48, 20.01, 1, 1, 20, -35.81, 47.03, 1, 1, 3, 53.76, -14.7, 1, 1, 3, 53.79, -18.75, 1, 1, 3, 53.82, -23.1, 1, 2, 14, -1.47, 8.75, 0.77, 3, 28.34, 21.29, 0.23, 4, 5, -31.46, 9.57, 0.02799, 14, 14.76, 9.72999, 0.54318, 17, 0.73, 10.31, 0.39206, 20, -7.72, 15.9, 0.03675, 4, 5, -25.43, 2.47, 0.0547, 14, 22.47, 14.95, 0.37209, 17, 9.83, 12.33, 0.39672, 20, 1.23, 13.32, 0.17647, 4, 5, -29.83, 5.9, 0.02799, 14, 18.58, 10.96, 0.54318, 17, 4.73999, 10.04, 0.39206, 20, -4.32, 13.74, 0.03675, 3, 5, -33.5, 17.35, 0.02631, 14, 6.8, 8.55, 0.89635, 17, -7.08, 12.15, 0.07733, 2, 14, -10.21, 5.79, 0.26, 3, 37.53, 22.23, 0.74, 1, 3, 45.49, 20.95, 1, 1, 3, 46.74, 25.08, 1, 2, 14, -9.97, 0.74, 0.26, 3, 38.41, 27.21, 0.74, 2, 14, -1, 0.97, 0.77, 3, 29.62, 28.98, 0.23, 1, 14, 7.77, 0.12, 1, 2, 14, 17.04999, 0.4, 0.5, 17, -0.56, 0.79, 0.5, 1, 17, 6.33, -0.81, 1, 2, 17, 14.35, 0.39, 0.5, 20, -0.49, 0.67, 0.5, 1, 20, 12.34, 0.6, 1, 3, 14, 28.83, 18.48, 0.06875, 17, 17.04, 13.26, 0.16585, 20, 8.01, 10.7, 0.76538, 1, 3, -0.64, -0.29, 1, 1, 3, 1.81, -3.62, 1, 1, 3, 1.76, 2.76, 1, 3, 4, 0.58999, -5.37, 0.44252, 3, -2.66, 5.61, 0.54979, 20, 15.29, 21.42, 0.00767, 2, 5, 2.38, 4.59, 0.48, 3, -3.48, -6.39, 0.52, 2, 5, -5.35, -1.88, 0.22, 4, 0.11, -0.29, 0.78, 2, 5, 1.19, 0.1, 0.75, 4, -5.97, 2.83, 0.25, 1, 4, 4.55, -5.49, 1, 1, 4, 6.79, -7.18, 1, 1, 4, 11.4, -8.79, 1, 1, 4, 16.85, -4.92999, 1, 1, 4, 17.9, 2.21, 1, 1, 5, 6.1, 4.98999, 1, 1, 5, 8.22, 6.8, 1, 1, 5, 18.39, -4.21999, 1, 1, 5, 18.67, 1.28, 1, 1, 5, 15.15, 6.4, 1, 1, 5, 5.83, -0.16, 1, 1, 5, 10.18999, -0.09, 1, 1, 4, 5.3, 1.37, 1, 1, 4, 9.64, 0.18, 1, 2, 15, -1.32, -8.07, 0.74, 3, 27.96, -21.59, 0.26, 4, 15, 12.05, -10.82, 0.6755, 18, 1.29, -11.26, 0.28628, 21, -7.8, -16.49, 0.02257, 4, -33.16, -8.57, 0.01562, 5, 15, 20.46999, -16.32, 0.13344, 18, 11.28, -12.32, 0.41271, 21, 1.6, -12.94, 0.43872, 4, -27.01, -0.63, 0.0015, 14, 12.1, 55.67, 0.01361, 5, 15, 17.12999, -12.47, 0.35247, 18, 6.56, -10.41, 0.46608, 21, -3.47, -13.36, 0.13818, 4, -31.12, -3.64, 0.01248, 14, 7.2, 57.07, 0.03076, 3, 15, 4.94999, -8.92, 0.89682, 18, -5.89, -12.79, 0.08341, 4, -35.63, -15.49, 0.01976, 1, 3, 45.6, -20.84, 1, 2, 15, -10.82, -4.09, 0.3, 3, 38.25999, -22.02, 0.7, 1, 3, 46.96, -24.88, 1, 2, 15, -10.34, 0.6, 0.3, 3, 39.43999, -26.6, 0.7, 2, 15, -1.22, -0.93, 0.74, 3, 30.35, -28.32, 0.26, 1, 15, 6.35, 0.98, 1, 2, 15, 15.9, -1, 0.5, 18, 0.24, -0.76, 0.5, 1, 18, 7.51, 0.56, 1, 2, 18, 15.45, 0.14, 0.5, 21, -0.28, 0.06, 0.5, 1, 21, 14, -0.55, 1, 5, 15, 25.25, -21.29, 0.16988, 18, 17.79999, -14.57, 0.3051, 21, 8.43, -12.01, 0.4907, 4, -21.67, 3.73, 0.00467, 14, 18.82, 54.13, 0.02962 ],
				"hull": 28,
				"edges": [ 42, 70, 70, 68, 46, 70, 40, 72, 72, 66, 70, 72, 38, 74, 74, 56, 72, 74, 36, 76, 76, 64, 74, 76, 34, 78, 78, 58, 76, 78, 32, 80, 80, 62, 78, 80, 30, 82, 82, 60, 80, 82, 82, 84, 28, 30, 28, 84, 84, 86, 86, 60, 60, 62, 62, 58, 58, 64, 64, 56, 56, 66, 66, 68, 46, 48, 68, 48, 44, 46, 44, 42, 42, 40, 40, 38, 38, 36, 36, 34, 34, 32, 32, 30, 96, 90, 90, 88, 88, 92, 92, 94, 94, 98, 98, 22, 88, 98, 22, 100, 100, 96, 88, 100, 104, 102, 102, 94, 104, 106, 106, 108, 108, 110, 110, 26, 26, 24, 24, 22, 18, 20, 20, 22, 18, 116, 116, 118, 118, 120, 120, 114, 114, 112, 112, 96, 112, 122, 122, 20, 18, 124, 124, 114, 100, 122, 122, 124, 124, 118, 102, 126, 126, 24, 98, 126, 26, 128, 128, 104, 126, 128, 128, 108, 10, 12, 10, 8, 6, 8, 6, 4, 54, 0, 0, 2, 2, 4, 48, 50, 50, 140, 140, 142, 142, 130, 130, 138, 50, 52, 52, 54, 140, 144, 144, 0, 52, 144, 142, 146, 146, 2, 144, 146, 130, 148, 148, 4, 146, 148, 138, 150, 150, 6, 148, 150, 132, 152, 152, 8, 150, 152, 136, 154, 154, 10, 152, 154, 134, 156, 156, 12, 154, 156, 156, 158, 138, 132, 132, 136, 136, 134, 134, 160, 160, 158, 158, 16, 12, 14, 14, 16, 16, 18, 26, 28 ],
				"width": 98,
				"height": 73
			}
		},
		"touguan2": {
			"touguan": { "x": 7.6, "y": 0.4, "rotation": -91.35, "width": 84, "height": 40 }
		},
		"yanjing2": {
			"yanjing": {
				"type": "skinnedmesh",
				"uvs": [ 1, 0.36539, 1, 0.70196, 0.86825, 1, 0.71259, 1, 0.49889, 1, 0.26672, 1, 0.12425, 1, 0, 0.73739, 0, 0.32996, 0.14008, 0, 0.30102, 0, 0.49625, 0, 0.69148, 0, 0.85242, 0, 0.56095, 0.27649, 0.5637, 0.66086, 0.42702, 0.27652, 0.42477, 0.69655 ],
				"triangles": [ 11, 15, 4, 11, 4, 17, 4, 15, 3, 11, 14, 15, 14, 11, 12, 2, 3, 1, 3, 15, 1, 13, 0, 14, 0, 15, 14, 15, 0, 1, 14, 12, 13, 5, 17, 4, 11, 17, 16, 16, 10, 11, 17, 5, 7, 5, 6, 7, 17, 7, 16, 16, 7, 8, 9, 16, 8, 16, 9, 10 ],
				"vertices": [ 1, 11, 1.94, -12.09, 1, 1, 11, -5.12, -12.15, 1, 1, 11, -11.43, -6.01, 1, 1, 11, -11.48, 1.29999, 1, 1, 3, 24.64, -0.3, 1, 1, 10, -11.31, -0.93, 1, 1, 10, -11.36, 5.75, 1, 1, 10, -5.89, 11.63, 1, 1, 10, 2.66, 11.7, 1, 1, 10, 9.64, 5.17, 1, 1, 10, 9.7, -2.38, 1, 1, 3, 45.64, -0.01, 1, 1, 11, 9.5, 2.46, 1, 1, 11, 9.56, -5.1, 1, 1, 11, 3.64, 8.54, 1, 1, 11, -4.42, 8.35, 1, 1, 10, 3.94, -8.35, 1, 1, 10, -4.88, -8.31, 1 ],
				"hull": 14,
				"edges": [ 24, 28, 30, 28, 30, 6, 4, 6, 4, 2, 24, 26, 2, 0, 26, 0, 20, 32, 34, 32, 34, 10, 10, 12, 12, 14, 18, 20, 14, 16, 18, 16, 6, 8, 8, 10, 20, 22, 22, 24, 8, 22 ],
				"width": 47,
				"height": 21
			}
		},
		"zui2": {
			"zui": {
				"type": "mesh",
				"uvs": [ 1, 0.3489, 1, 0.67459, 0.83217, 1, 0.19417, 1, 0, 0.6612, 0, 0.33997, 0.29, 0, 0.72122, 0 ],
				"triangles": [ 1, 4, 5, 6, 7, 0, 1, 3, 4, 0, 5, 6, 5, 0, 1, 2, 3, 1 ],
				"vertices": [ 10.2, -11.97, 5.96, -12, 1.7, -8.17, 1.59, 6.49, 5.96, 10.99, 10.13, 11.02, 14.6, 4.39, 14.68, -5.52 ],
				"hull": 8,
				"edges": [ 14, 0, 12, 14, 12, 10, 8, 10, 8, 6, 0, 2, 4, 6, 2, 4 ],
				"width": 23,
				"height": 13
			}
		}
	}
},
"animations": {
	"animation": {
		"slots": {
			"bizi": {
				"attachment": [
					{ "time": 0, "name": null },
					{ "time": 0.4666, "name": null }
				]
			},
			"bone2": {
				"attachment": [
					{ "time": 0, "name": "tou" },
					{ "time": 0.4666, "name": "tou" }
				]
			},
			"bone3": {
				"attachment": [
					{ "time": 0, "name": "bizi" },
					{ "time": 0.4666, "name": "bizi" }
				]
			},
			"huwan": {
				"attachment": [
					{ "time": 0, "name": null },
					{ "time": 0.4666, "name": null }
				]
			},
			"huwan2": {
				"attachment": [
					{ "time": 0, "name": "huwan" },
					{ "time": 0.4666, "name": "huwan" }
				]
			},
			"huzi": {
				"attachment": [
					{ "time": 0, "name": null },
					{ "time": 0.4666, "name": null }
				]
			},
			"huzi2": {
				"attachment": [
					{ "time": 0, "name": "huzi" },
					{ "time": 0.4666, "name": "huzi" }
				]
			},
			"meimaol": {
				"attachment": [
					{ "time": 0, "name": null },
					{ "time": 0.4666, "name": null }
				]
			},
			"meimaol2": {
				"attachment": [
					{ "time": 0, "name": "meimaol" },
					{ "time": 0.4666, "name": "meimaol" }
				]
			},
			"qi": {
				"attachment": [
					{ "time": 0, "name": null },
					{ "time": 0.4666, "name": null }
				]
			},
			"qi2": {
				"attachment": [
					{ "time": 0, "name": "qi" },
					{ "time": 0.4666, "name": "qi" }
				]
			},
			"qigan": {
				"attachment": [
					{ "time": 0, "name": null },
					{ "time": 0.4666, "name": null }
				]
			},
			"qigan2": {
				"attachment": [
					{ "time": 0, "name": "qigan" },
					{ "time": 0.4666, "name": "qigan" }
				]
			},
			"shenti": {
				"attachment": [
					{ "time": 0, "name": null },
					{ "time": 0.4666, "name": null }
				]
			},
			"shenti2": {
				"attachment": [
					{ "time": 0, "name": "shenti" },
					{ "time": 0.4666, "name": "shenti" }
				]
			},
			"shou": {
				"attachment": [
					{ "time": 0, "name": null },
					{ "time": 0.4666, "name": null }
				]
			},
			"shou2": {
				"attachment": [
					{ "time": 0, "name": "shou" },
					{ "time": 0.4666, "name": "shou" }
				]
			},
			"tou": {
				"attachment": [
					{ "time": 0, "name": null },
					{ "time": 0.4666, "name": null }
				]
			},
			"toufa": {
				"attachment": [
					{ "time": 0, "name": null },
					{ "time": 0.4666, "name": null }
				]
			},
			"toufa2": {
				"attachment": [
					{ "time": 0, "name": "toufa" },
					{ "time": 0.4666, "name": "toufa" }
				]
			},
			"touguan": {
				"attachment": [
					{ "time": 0, "name": null },
					{ "time": 0.4666, "name": null }
				]
			},
			"touguan2": {
				"attachment": [
					{ "time": 0, "name": "touguan" },
					{ "time": 0.4666, "name": "touguan" }
				]
			},
			"yanjing": {
				"attachment": [
					{ "time": 0, "name": null },
					{ "time": 0.4666, "name": null }
				]
			},
			"yanjing2": {
				"attachment": [
					{ "time": 0, "name": "yanjing" },
					{ "time": 0.4666, "name": "yanjing" }
				]
			},
			"zui": {
				"attachment": [
					{ "time": 0, "name": null },
					{ "time": 0.4666, "name": null }
				]
			},
			"zui2": {
				"attachment": [
					{ "time": 0, "name": "zui" },
					{ "time": 0.4666, "name": "zui" }
				]
			}
		},
		"bones": {
			"root": {
				"rotate": [
					{ "time": 0, "angle": 0, "curve": "stepped" },
					{ "time": 0.4666, "angle": 0 }
				],
				"translate": [
					{ "time": 0, "x": 0, "y": 0, "curve": "stepped" },
					{ "time": 0.4666, "x": 0, "y": 0 }
				],
				"scale": [
					{ "time": 0, "x": 1, "y": 1, "curve": "stepped" },
					{ "time": 0.4666, "x": 1, "y": 1 }
				]
			},
			"bone": {
				"rotate": [
					{ "time": 0, "angle": 0, "curve": "stepped" },
					{ "time": 0.4666, "angle": 0 }
				],
				"translate": [
					{ "time": 0, "x": 0, "y": 0, "curve": "stepped" },
					{ "time": 0.4666, "x": 0, "y": 0 }
				],
				"scale": [
					{ "time": 0, "x": 1, "y": 1, "curve": "stepped" },
					{ "time": 0.4666, "x": 1, "y": 1 }
				]
			},
			"bone18": {
				"rotate": [
					{
						"time": 0,
						"angle": 9.47,
						"curve": [ 0.25, 0, 0.75, 1 ]
					},
					{
						"time": 0.2333,
						"angle": -42.23,
						"curve": [ 0.25, 0, 0.75, 1 ]
					},
					{ "time": 0.4666, "angle": 9.47 }
				],
				"translate": [
					{ "time": 0, "x": 35.09, "y": 6.98, "curve": "stepped" },
					{ "time": 0.4666, "x": 35.09, "y": 6.98 }
				],
				"scale": [
					{ "time": 0, "x": 1, "y": 1, "curve": "stepped" },
					{ "time": 0.4666, "x": 1, "y": 1 }
				]
			},
			"bone2": {
				"rotate": [
					{
						"time": 0,
						"angle": 0,
						"curve": [ 0.25, 0, 0.75, 1 ]
					},
					{
						"time": 0.1666,
						"angle": 3.51,
						"curve": [ 0.25, 0, 0.75, 1 ]
					},
					{
						"time": 0.3333,
						"angle": -2.64,
						"curve": [ 0.25, 0, 0.75, 1 ]
					},
					{ "time": 0.4666, "angle": 0 }
				],
				"translate": [
					{
						"time": 0,
						"x": 0,
						"y": 3.22,
						"curve": [ 0.25, 0, 0.75, 1 ]
					},
					{
						"time": 0.1333,
						"x": -3.58,
						"y": 0,
						"curve": [ 0.25, 0, 0.75, 1 ]
					},
					{
						"time": 0.3,
						"x": 0,
						"y": 1.28,
						"curve": [ 0.25, 0, 0.75, 1 ]
					},
					{ "time": 0.4666, "x": 0, "y": 3.22 }
				],
				"scale": [
					{ "time": 0, "x": 1, "y": 1, "curve": "stepped" },
					{ "time": 0.4666, "x": 1, "y": 1 }
				]
			},
			"bone10": {
				"rotate": [
					{
						"time": 0,
						"angle": 0,
						"curve": [ 0.25, 0, 0.75, 1 ]
					},
					{
						"time": 0.1666,
						"angle": 9.79,
						"curve": [ 0.25, 0, 0.75, 1 ]
					},
					{
						"time": 0.3333,
						"angle": -14.94,
						"curve": [ 0.25, 0, 0.75, 1 ]
					},
					{ "time": 0.4666, "angle": 0 }
				],
				"translate": [
					{ "time": 0, "x": 0, "y": 0, "curve": "stepped" },
					{ "time": 0.4666, "x": 0, "y": 0 }
				],
				"scale": [
					{ "time": 0, "x": 1, "y": 1, "curve": "stepped" },
					{ "time": 0.4666, "x": 1, "y": 1 }
				]
			},
			"bone11": {
				"rotate": [
					{ "time": 0, "angle": 0 },
					{ "time": 0.1666, "angle": -14.94 },
					{ "time": 0.3333, "angle": 13.02 },
					{ "time": 0.4666, "angle": 0 }
				],
				"translate": [
					{ "time": 0, "x": 0, "y": 0, "curve": "stepped" },
					{ "time": 0.4666, "x": 0, "y": 0 }
				],
				"scale": [
					{ "time": 0, "x": 1, "y": 1, "curve": "stepped" },
					{ "time": 0.4666, "x": 1, "y": 1 }
				]
			},
			"bone12": {
				"rotate": [
					{
						"time": 0,
						"angle": 0,
						"curve": [ 0.25, 0, 0.75, 1 ]
					},
					{
						"time": 0.1333,
						"angle": -18.31,
						"curve": [ 0.25, 0, 0.75, 1 ]
					},
					{
						"time": 0.3,
						"angle": 15.52,
						"curve": [ 0.25, 0, 0.75, 1 ]
					},
					{ "time": 0.4666, "angle": 0 }
				],
				"translate": [
					{ "time": 0, "x": 0, "y": 0, "curve": "stepped" },
					{ "time": 0.4666, "x": 0, "y": 0 }
				],
				"scale": [
					{ "time": 0, "x": 1, "y": 1, "curve": "stepped" },
					{ "time": 0.4666, "x": 1, "y": 1 }
				]
			},
			"bone13": {
				"rotate": [
					{ "time": 0, "angle": 0 },
					{ "time": 0.1666, "angle": 22.78 },
					{ "time": 0.3333, "angle": -11.25 },
					{ "time": 0.4666, "angle": 0 }
				],
				"translate": [
					{ "time": 0, "x": 0, "y": 0, "curve": "stepped" },
					{ "time": 0.4666, "x": 0, "y": 0 }
				],
				"scale": [
					{ "time": 0, "x": 1, "y": 1, "curve": "stepped" },
					{ "time": 0.4666, "x": 1, "y": 1 }
				]
			},
			"bone14": {
				"rotate": [
					{ "time": 0, "angle": 0 },
					{ "time": 0.1666, "angle": 13.39 },
					{ "time": 0.3333, "angle": -8.51 },
					{ "time": 0.4666, "angle": 0 }
				],
				"translate": [
					{ "time": 0, "x": 0, "y": 0, "curve": "stepped" },
					{ "time": 0.4666, "x": 0, "y": 0 }
				],
				"scale": [
					{ "time": 0, "x": 1, "y": 1, "curve": "stepped" },
					{ "time": 0.4666, "x": 1, "y": 1 }
				]
			},
			"bone15": {
				"rotate": [
					{ "time": 0, "angle": 0 },
					{ "time": 0.1333, "angle": -9.94 },
					{ "time": 0.3, "angle": 14.35 },
					{ "time": 0.4666, "angle": 0 }
				],
				"translate": [
					{ "time": 0, "x": 0, "y": 0, "curve": "stepped" },
					{ "time": 0.4666, "x": 0, "y": 0 }
				],
				"scale": [
					{ "time": 0, "x": 1, "y": 1, "curve": "stepped" },
					{ "time": 0.4666, "x": 1, "y": 1 }
				]
			},
			"bone16": {
				"rotate": [
					{ "time": 0, "angle": 0, "curve": "stepped" },
					{ "time": 0.4666, "angle": 0 }
				],
				"translate": [
					{ "time": 0, "x": 0, "y": 0, "curve": "stepped" },
					{ "time": 0.4666, "x": 0, "y": 0 }
				],
				"scale": [
					{ "time": 0, "x": 1, "y": 1 },
					{ "time": 0.1333, "x": 0.804, "y": 0.804 },
					{ "time": 0.2666, "x": 1, "y": 1, "curve": "stepped" },
					{ "time": 0.4666, "x": 1, "y": 1 }
				]
			},
			"bone17": {
				"rotate": [
					{ "time": 0, "angle": 0, "curve": "stepped" },
					{ "time": 0.4666, "angle": 0 }
				],
				"translate": [
					{ "time": 0, "x": 0, "y": 0, "curve": "stepped" },
					{ "time": 0.4666, "x": 0, "y": 0 }
				],
				"scale": [
					{ "time": 0, "x": 1, "y": 1 },
					{ "time": 0.1333, "x": 0.779, "y": 0.779 },
					{ "time": 0.2666, "x": 1, "y": 1 },
					{ "time": 0.4333, "x": 0.779, "y": 0.779 },
					{ "time": 0.4666, "x": 1, "y": 1 }
				]
			},
			"bone19": {
				"rotate": [
					{ "time": 0, "angle": 0, "curve": "stepped" },
					{ "time": 0.4666, "angle": 0 }
				],
				"translate": [
					{ "time": 0, "x": 0, "y": 0, "curve": "stepped" },
					{ "time": 0.4666, "x": 0, "y": 0 }
				],
				"scale": [
					{ "time": 0, "x": 1, "y": 1, "curve": "stepped" },
					{ "time": 0.4666, "x": 1, "y": 1 }
				]
			},
			"bone3": {
				"rotate": [
					{ "time": 0, "angle": 0 },
					{ "time": 0.1333, "angle": 2.3 },
					{ "time": 0.2666, "angle": -3.41 },
					{ "time": 0.4333, "angle": 3.41 },
					{ "time": 0.4666, "angle": 0 }
				],
				"translate": [
					{ "time": 0, "x": 0, "y": 0 },
					{ "time": 0.1333, "x": 2.83, "y": 0.93 },
					{ "time": 0.2666, "x": 1.09, "y": 0.19 },
					{ "time": 0.4333, "x": 0.69, "y": -0.62 },
					{ "time": 0.4666, "x": 0, "y": 0 }
				],
				"scale": [
					{ "time": 0, "x": 1, "y": 1, "curve": "stepped" },
					{ "time": 0.4666, "x": 1, "y": 1 }
				]
			},
			"bone4": {
				"rotate": [
					{
						"time": 0,
						"angle": 0,
						"curve": [ 0.25, 0, 0.75, 1 ]
					},
					{
						"time": 0.1333,
						"angle": -6.78,
						"curve": [ 0.25, 0, 0.75, 1 ]
					},
					{
						"time": 0.3333,
						"angle": 2.94,
						"curve": [ 0.25, 0, 0.75, 1 ]
					},
					{ "time": 0.4666, "angle": 0 }
				],
				"translate": [
					{ "time": 0, "x": 0, "y": 0, "curve": "stepped" },
					{ "time": 0.4666, "x": 0, "y": 0 }
				],
				"scale": [
					{ "time": 0, "x": 1, "y": 1, "curve": "stepped" },
					{ "time": 0.4666, "x": 1, "y": 1 }
				]
			},
			"bone7": {
				"rotate": [
					{
						"time": 0,
						"angle": 0,
						"curve": [ 0.25, 0, 0.75, 1 ]
					},
					{
						"time": 0.1666,
						"angle": 11.32,
						"curve": [ 0.25, 0, 0.75, 1 ]
					},
					{
						"time": 0.3666,
						"angle": -4.86,
						"curve": [ 0.25, 0, 0.75, 1 ]
					},
					{ "time": 0.4666, "angle": 0 }
				],
				"translate": [
					{ "time": 0, "x": 0, "y": 0, "curve": "stepped" },
					{ "time": 0.4666, "x": 0, "y": 0 }
				],
				"scale": [
					{ "time": 0, "x": 1, "y": 1, "curve": "stepped" },
					{ "time": 0.4666, "x": 1, "y": 1 }
				]
			},
			"bone20": {
				"rotate": [
					{ "time": 0, "angle": 0, "curve": "stepped" },
					{ "time": 0.4666, "angle": 0 }
				],
				"translate": [
					{ "time": 0, "x": 0, "y": 0, "curve": "stepped" },
					{ "time": 0.4666, "x": 0, "y": 0 }
				],
				"scale": [
					{ "time": 0, "x": 1, "y": 1, "curve": "stepped" },
					{ "time": 0.4666, "x": 1, "y": 1 }
				]
			},
			"bone5": {
				"rotate": [
					{
						"time": 0,
						"angle": 0,
						"curve": [ 0.25, 0, 0.75, 1 ]
					},
					{
						"time": 0.0666,
						"angle": 10.96,
						"curve": [ 0.25, 0, 0.75, 1 ]
					},
					{
						"time": 0.2666,
						"angle": -14.97,
						"curve": [ 0.25, 0, 0.75, 1 ]
					},
					{ "time": 0.4666, "angle": 0 }
				],
				"translate": [
					{ "time": 0, "x": 0, "y": 0, "curve": "stepped" },
					{ "time": 0.4666, "x": 0, "y": 0 }
				],
				"scale": [
					{ "time": 0, "x": 1, "y": 1, "curve": "stepped" },
					{ "time": 0.4666, "x": 1, "y": 1 }
				]
			},
			"bone8": {
				"rotate": [
					{
						"time": 0,
						"angle": 0,
						"curve": [ 0.25, 0, 0.75, 1 ]
					},
					{
						"time": 0.1,
						"angle": -19.18,
						"curve": [ 0.25, 0, 0.75, 1 ]
					},
					{
						"time": 0.3,
						"angle": 26.38,
						"curve": [ 0.25, 0, 0.75, 1 ]
					},
					{ "time": 0.4666, "angle": 0 }
				],
				"translate": [
					{ "time": 0, "x": 0, "y": 0, "curve": "stepped" },
					{ "time": 0.4666, "x": 0, "y": 0 }
				],
				"scale": [
					{ "time": 0, "x": 1, "y": 1, "curve": "stepped" },
					{ "time": 0.4666, "x": 1, "y": 1 }
				]
			},
			"bone21": {
				"rotate": [
					{
						"time": 0,
						"angle": 24.32,
						"curve": [ 0.25, 0, 0.75, 1 ]
					},
					{
						"time": 0.2333,
						"angle": -4.81,
						"curve": [ 0.25, 0, 0.75, 1 ]
					},
					{ "time": 0.4666, "angle": 24.32 }
				],
				"translate": [
					{ "time": 0, "x": 0, "y": 0, "curve": "stepped" },
					{ "time": 0.4666, "x": 0, "y": 0 }
				],
				"scale": [
					{
						"time": 0,
						"x": 1,
						"y": 1,
						"curve": [ 0.312, 0, 0.646, 0.35 ]
					},
					{
						"time": 0.0333,
						"x": -1,
						"y": 1,
						"curve": [ 0.272, 0.11, 0.64, 0.57 ]
					},
					{
						"time": 0.1333,
						"x": -0.852,
						"y": 0.72,
						"curve": [ 0.377, 0.51, 0.747, 1 ]
					},
					{
						"time": 0.2333,
						"x": -1,
						"y": 1,
						"curve": [ 0.278, 0.12, 0.753, 1 ]
					},
					{
						"time": 0.2666,
						"x": 1,
						"y": 1,
						"curve": [ 0.322, 0, 0.655, 0.34 ]
					},
					{
						"time": 0.3666,
						"x": 0.763,
						"y": 0.712,
						"curve": [ 0.323, 0.22, 0.657, 0.56 ]
					},
					{ "time": 0.4666, "x": 1, "y": 1 }
				]
			},
			"bone6": {
				"rotate": [
					{
						"time": 0,
						"angle": 0,
						"curve": [ 0.25, 0, 0.75, 1 ]
					},
					{
						"time": 0.1333,
						"angle": 11.97,
						"curve": [ 0.25, 0, 0.75, 1 ]
					},
					{
						"time": 0.3333,
						"angle": -24.18,
						"curve": [ 0.25, 0, 0.75, 1 ]
					},
					{ "time": 0.4666, "angle": 0 }
				],
				"translate": [
					{ "time": 0, "x": 0, "y": 0, "curve": "stepped" },
					{ "time": 0.4666, "x": 0, "y": 0 }
				],
				"scale": [
					{ "time": 0, "x": 1, "y": 1, "curve": "stepped" },
					{ "time": 0.4666, "x": 1, "y": 1 }
				]
			},
			"bone9": {
				"rotate": [
					{
						"time": 0,
						"angle": 0,
						"curve": [ 0.25, 0, 0.75, 1 ]
					},
					{
						"time": 0.1666,
						"angle": -13.96,
						"curve": [ 0.25, 0, 0.75, 1 ]
					},
					{
						"time": 0.3666,
						"angle": 31.58,
						"curve": [ 0.25, 0, 0.75, 1 ]
					},
					{ "time": 0.4666, "angle": 0 }
				],
				"translate": [
					{ "time": 0, "x": 0, "y": 0, "curve": "stepped" },
					{ "time": 0.4666, "x": 0, "y": 0 }
				],
				"scale": [
					{ "time": 0, "x": 1, "y": 1, "curve": "stepped" },
					{ "time": 0.4666, "x": 1, "y": 1 }
				]
			},
			"bone22": {
				"rotate": [
					{
						"time": 0,
						"angle": -62.72,
						"curve": [ 0.15, 0.22, 0.75, 1 ]
					},
					{
						"time": 0.1333,
						"angle": 27.77,
						"curve": [ 0.25, 0, 0.75, 1 ]
					},
					{
						"time": 0.3333,
						"angle": -53.05,
						"curve": [ 0.25, 0, 0.857, 0.76 ]
					},
					{ "time": 0.4666, "angle": -62.72 }
				],
				"translate": [
					{ "time": 0, "x": 0, "y": 0, "curve": "stepped" },
					{ "time": 0.1333, "x": 0, "y": 0, "curve": "stepped" },
					{ "time": 0.3333, "x": 0, "y": 0, "curve": "stepped" },
					{ "time": 0.4666, "x": 0, "y": 0 }
				],
				"scale": [
					{ "time": 0, "x": 1, "y": 1, "curve": "stepped" },
					{ "time": 0.1333, "x": 1, "y": 1, "curve": "stepped" },
					{ "time": 0.3333, "x": 1, "y": 1, "curve": "stepped" },
					{ "time": 0.4666, "x": 1, "y": 1 }
				]
			},
			"bone23": {
				"rotate": [
					{
						"time": 0,
						"angle": -45.07,
						"curve": [ 0.27, 0, 0.618, 0.41 ]
					},
					{
						"time": 0.0666,
						"angle": -55.02,
						"curve": [ 0.341, 0.36, 0.757, 1 ]
					},
					{
						"time": 0.2333,
						"angle": 44.39,
						"curve": [ 0.295, 0, 0.632, 0.36 ]
					},
					{
						"time": 0.2666,
						"angle": 41.49,
						"curve": [ 0.29, 0.19, 0.652, 0.61 ]
					},
					{
						"time": 0.3666,
						"angle": -67.15,
						"curve": [ 0.38, 0.53, 0.744, 1 ]
					},
					{ "time": 0.4666, "angle": -59.79 }
				],
				"translate": [
					{ "time": 0, "x": -7.37, "y": 0.65 },
					{
						"time": 0.1333,
						"x": 17.92,
						"y": 7.7,
						"curve": [ 0.319, 0.28, 0.659, 0.64 ]
					},
					{
						"time": 0.2333,
						"x": -7.31,
						"y": 3.25,
						"curve": [ 0.345, 0.37, 0.691, 0.74 ]
					},
					{
						"time": 0.3666,
						"x": 12.36,
						"y": -6.38,
						"curve": [ 0.376, 0.61, 0.718, 1 ]
					},
					{ "time": 0.4666, "x": -7.37, "y": 0.65 }
				],
				"scale": [
					{ "time": 0, "x": 1, "y": 1, "curve": "stepped" },
					{ "time": 0.4666, "x": 1, "y": 1 }
				]
			}
		},
		"ffd": {
			"default": {
				"huzi2": {
					"huzi": [
						{ "time": 0, "curve": "stepped" },
						{ "time": 0.4666 }
					]
				},
				"meimaol2": {
					"meimaol": [
						{ "time": 0, "curve": "stepped" },
						{ "time": 0.4666 }
					]
				},
				"qi2": {
					"qi": [
						{ "time": 0, "curve": "stepped" },
						{ "time": 0.4666 }
					]
				},
				"shenti2": {
					"shenti": [
						{
							"time": 0,
							"offset": 9,
							"vertices": [ 6.13598, 0, 4.48397, 0, 0, 0, 0, 0, 0, 0, 0, 0, 0, 0, 0, 0, 4.48397, 0, 6.13598, 0, 4.48397, 0, 4.48397, 0, 0, 0, 0, 0, 6.13598, 0, 6.13598 ],
							"curve": [ 0.25, 0, 0.75, 1 ]
						},
						{
							"time": 0.2333,
							"curve": [ 0.25, 0, 0.75, 1 ]
						},
						{
							"time": 0.4666,
							"offset": 9,
							"vertices": [ 6.13598, 0, 4.48397, 0, 0, 0, 0, 0, 0, 0, 0, 0, 0, 0, 0, 0, 4.48397, 0, 6.13598, 0, 4.48397, 0, 4.48397, 0, 0, 0, 0, 0, 6.13598, 0, 6.13598 ]
						}
					]
				},
				"toufa2": {
					"toufa": [
						{ "time": 0, "curve": "stepped" },
						{ "time": 0.4666 }
					]
				},
				"yanjing2": {
					"yanjing": [
						{ "time": 0, "curve": "stepped" },
						{ "time": 0.4666 }
					]
				},
				"zui2": {
					"zui": [
						{
							"time": 0,
							"vertices": [ 1.98961, 0.58464, 2.06265, -0.16583, 1.45151, -0.98225, -1.1495, -1.23542, -2.01709, -0.5318, -2.08914, 0.20839, -0.98312, 1.10687, 0.77486, 1.27798 ]
						},
						{
							"time": 0.1333,
							"vertices": [ -6.07952, -0.78377, -5.90029, 0.80891, -4.26924, 2.23683, -1.38996, -0.31276, -2.25469, 0.33082, -2.35384, 1.04158, -0.77174, 0.22958, -2.32975, -1.28274 ]
						},
						{
							"time": 0.3,
							"vertices": [ 1.26255, -0.32398, 1.12484, -0.74499, 0.60344, -1.04007, -0.64552, -0.82163, -1.18758, -0.49151, -1.28452, -0.08024, -0.55761, 0.57497, 0.61403, 0.48366 ]
						},
						{
							"time": 0.4666,
							"vertices": [ 1.98961, 0.58464, 2.06265, -0.16583, 1.45151, -0.98225, -1.1495, -1.23542, -2.01709, -0.5318, -2.08914, 0.20839, -0.98312, 1.10687, 0.77486, 1.27798 ]
						}
					]
				}
			}
		},
		"drawOrder": [
			{ "time": 0 },
			{ "time": 0.4666 }
		]
	}
}
}