{
"skeleton": { "hash": "U5iqbcLnDJLqLvlZMnbZoupoByo", "spine": "2.1.27", "width": 107.15, "height": 127.03, "images": "" },
"bones": [
	{ "name": "root" },
	{ "name": "bone", "parent": "root", "length": 41.28, "x": 2.08, "y": -0.43, "rotation": 91.35 },
	{ "name": "bone16", "parent": "root", "length": 36.92, "x": 31.79, "y": 77.54, "scaleX": 0.729, "scaleY": 0.729, "rotation": 42.4 },
	{
		"name": "bone17",
		"parent": "root",
		"length": 38.18,
		"x": -30.24,
		"y": 74.85,
		"scaleX": 0.658,
		"scaleY": 0.658,
		"rotation": 139.1
	},
	{ "name": "bone2", "parent": "bone", "length": 55.85, "x": 41.28, "y": 0.27, "rotation": -0.45 },
	{ "name": "bone12", "parent": "bone2", "length": 14.88, "x": -8.34, "y": 4.73, "rotation": 119.2 },
	{ "name": "bone13", "parent": "bone2", "length": 16.12, "x": -8.58, "y": -3.21, "rotation": -119.2 },
	{ "name": "bone14", "parent": "bone2", "length": 19.04, "x": 19.84, "y": 7.36, "rotation": 85.49 },
	{ "name": "bone15", "parent": "bone2", "length": 17.39, "x": 19.84, "y": -8.74, "rotation": -82.81 },
	{ "name": "bone18", "parent": "bone2", "length": 10.98, "x": 29.52, "y": -0.11 },
	{ "name": "bone19", "parent": "bone2", "length": 16.71, "x": 10.1, "y": -0.27, "rotation": 179.09 },
	{ "name": "bone3", "parent": "bone2", "length": 25.43, "x": 55.85, "y": -0.17 },
	{ "name": "bone4", "parent": "bone2", "length": 20.36, "x": 34.34, "y": -5.72, "rotation": -46.15 },
	{ "name": "bone5", "parent": "bone2", "length": 20.87, "x": 34.88, "y": 5.93, "rotation": 44.77 },
	{ "name": "bone6", "parent": "bone2", "length": 24.15, "x": 43.88, "y": 25.51, "rotation": 164.05 },
	{ "name": "bone9", "parent": "bone2", "length": 24.23, "x": 44.54, "y": -24.87, "rotation": -164.59 },
	{ "name": "bone10", "parent": "bone9", "length": 21.34, "x": 24.23, "y": 0.03, "rotation": -5.84 },
	{ "name": "bone20", "parent": "bone19", "length": 14.64, "x": 2, "y": -16.95 },
	{ "name": "bone21", "parent": "bone19", "length": 13.68, "x": 1.91, "y": 16.72, "rotation": 0.9 },
	{ "name": "bone7", "parent": "bone6", "length": 22.32, "x": 24.15, "rotation": 4.05 },
	{ "name": "bone11", "parent": "bone10", "length": 16.59, "x": 21.34, "y": -0.1, "rotation": -42.65 },
	{ "name": "bone8", "parent": "bone7", "length": 14.09, "x": 23, "y": 1.06, "rotation": 51.56 }
],
"slots": [
	{ "name": "shenti2", "bone": "bone", "attachment": "shenti" },
	{ "name": "bone2", "bone": "bone2", "attachment": "tou" },
	{ "name": "zui2", "bone": "bone19", "attachment": "zui" },
	{ "name": "toufa2", "bone": "bone6", "attachment": "toufa" },
	{ "name": "touguan2", "bone": "bone3", "attachment": "touguan" },
	{ "name": "huzi2", "bone": "bone14", "attachment": "huzi" },
	{ "name": "bizi2", "bone": "bone2", "attachment": "bizi" },
	{ "name": "yanjing2", "bone": "bone18", "attachment": "yanjing" },
	{ "name": "meimao2", "bone": "bone4", "attachment": "meimao" },
	{ "name": "youqi2", "bone": "bone17", "attachment": "youqi" },
	{ "name": "zuoqi2", "bone": "bone16", "attachment": "zuoqi" }
],
"skins": {
	"default": {
		"bizi2": {
			"bizi": { "x": 24.65, "y": 0.03, "rotation": -90.9, "width": 18, "height": 14 }
		},
		"bone2": {
			"tou": { "x": 23.16, "y": 0.56, "rotation": -90.9, "width": 53, "height": 63 }
		},
		"huzi2": {
			"huzi": {
				"type": "skinnedmesh",
				"uvs": [ 1, 0.21563, 1, 0.58311, 0.88633, 0.89445, 0.80099, 1, 0.65568, 1, 0.49998, 0.91195, 0.35469, 1, 0.25514, 1, 0.1987, 1, 0.08897, 0.84634, 0, 0.55177, 0, 0.27031, 0.06188, 0, 0.18208, 0, 0.26253, 0.25341, 0.37464, 0.1107, 0.50318, 0.23214, 0.65024, 0.13038, 0.74446, 0.25373, 0.80954, 0, 0.93542, 0 ],
				"triangles": [ 4, 16, 17, 4, 5, 16, 16, 5, 6, 15, 16, 6, 6, 14, 15, 11, 12, 13, 14, 11, 13, 10, 11, 14, 9, 14, 7, 10, 14, 9, 7, 8, 9, 6, 7, 14, 0, 19, 20, 19, 0, 18, 1, 2, 0, 2, 18, 0, 17, 18, 4, 18, 3, 4, 2, 3, 18 ],
				"vertices": [ 1, 8, 20.59, 1.78, 1, 1, 8, 19.87, -3.3, 1, 1, 8, 12.74, -6.7, 1, 1, 8, 7.63, -7.47, 1, 2, 8, -0.71, -6.29, 0.6638, 4, 13.51, -8.81, 0.33619, 1, 4, 14.89, 0.19, 1, 2, 7, 0.79, 6.14, 0.61034, 4, 13.78, 8.63, 0.38965, 1, 7, 6.55, 6.5, 1, 1, 7, 9.82, 6.71, 1, 1, 7, 16.29999, 4.96, 1, 1, 7, 21.72, 1.16999, 1, 1, 7, 21.96, -2.75, 1, 1, 7, 18.62, -6.76, 1, 1, 7, 11.66, -7.19, 1, 1, 7, 6.78, -3.95, 1, 2, 7, 0.42, -6.35, 0.60956, 4, 26.21, 7.28, 0.39043, 1, 4, 24.4, -0.14, 1, 2, 8, 0.68, 5.8, 0.66456, 4, 25.69, -8.68999, 0.33543, 1, 8, 5.85, 3.33, 1, 1, 8, 10.08, 6.32, 1, 1, 8, 17.31, 5.29, 1 ],
				"hull": 21,
				"edges": [ 34, 8, 34, 32, 32, 10, 10, 8, 10, 12, 32, 30, 30, 12, 30, 28, 12, 14, 28, 14, 28, 26, 24, 26, 24, 22, 20, 22, 20, 18, 14, 16, 18, 16, 34, 36, 36, 38, 38, 40, 40, 0, 0, 2, 2, 4, 6, 8, 4, 6, 36, 6 ],
				"width": 58,
				"height": 14
			}
		},
		"meimao2": {
			"meimao": {
				"type": "skinnedmesh",
				"uvs": [ 1, 1, 0.54592, 1, 0.47167, 1, 0, 1, 0, 0, 0.41948, 0, 0.5826, 0, 1, 0 ],
				"triangles": [ 3, 5, 2, 2, 5, 6, 3, 4, 5, 1, 6, 0, 6, 7, 0, 1, 2, 6 ],
				"vertices": [ 1, 12, 10.39, -12.79, 1, 1, 12, -3.79, 1.26, 1, 1, 13, -4.92999, -1.83, 1, 1, 13, 9.89999, 12.66, 1, 1, 13, 23.18, -0.92, 1, 1, 13, 9.97999, -13.81, 1, 1, 12, 10.72, 13.62, 1, 1, 12, 23.76, 0.7, 1 ],
				"hull": 8,
				"edges": [ 6, 8, 0, 14, 12, 14, 0, 2, 12, 2, 2, 4, 4, 6, 8, 10, 10, 12, 4, 10 ],
				"width": 44,
				"height": 19
			}
		},
		"shenti2": {
			"shenti": { "x": 20.46, "y": 1.69, "rotation": -91.35, "width": 97, "height": 47 }
		},
		"toufa2": {
			"toufa": {
				"type": "skinnedmesh",
				"uvs": [ 0.77731, 0.03437, 0.80073, 0.08592, 0.81803, 0.18683, 0.86194, 0.29939, 0.94172, 0.40929, 0.95946, 0.52071, 0.98132, 0.63368, 0.98733, 0.76073, 0.96112, 0.86057, 0.90483, 0.91646, 0.8238, 0.94933, 0.646, 1, 0.59597, 1, 0.42312, 1, 0.35406, 1, 0.14449, 0.94166, 0.06994, 0.89519, 0.03101, 0.82593, 0.00659, 0.68566, 0.05476, 0.56029, 0.04635, 0.43846, 0.11761, 0.31747, 0.18095, 0.19697, 0.19862, 0.10106, 0.21743, 0.03925, 0.27334, 0, 0.72241, 0, 0.26804, 0.45029, 0.27893, 0.33259, 0.27794, 0.19894, 0.28324, 0.10106, 0.33965, 0.02544, 0.26853, 0.66637, 0.25336, 0.60062, 0.25336, 0.51909, 0.30944, 0.73037, 0.28833, 0.83295, 0.23422, 0.92237, 0.43894, 0.77415, 0.49672, 0.93094, 0.35317, 0.78304, 0.31074, 0.80157, 0.28764, 0.87883, 0.2996, 0.95992, 0.5678, 0.78417, 0.53605, 0.71348, 0.46182, 0.72389, 0.61293, 0.7861, 0.53747, 0.96966, 0.66455, 0.78773, 0.69878, 0.82938, 0.71156, 0.89568, 0.69919, 0.95759, 0.45871, 0.96661, 0.39639, 0.77856, 0.46459, 0.84376, 0.42541, 0.86613, 0.385, 0.88176, 0.29372, 0.92002, 0.6268, 0.90458, 0.57661, 0.87446, 0.54077, 0.83998, 0.73239, 0.43361, 0.72507, 0.31204, 0.72726, 0.19364, 0.71656, 0.09175, 0.66679, 0.02367, 0.72834, 0.6649, 0.74637, 0.60464, 0.74582, 0.52361, 0.69824, 0.72167, 0.7069, 0.80961, 0.74525, 0.89755, 0.17548, 0.82256, 0.14642, 0.7484, 0.12719, 0.6441, 0.13991, 0.54263, 0.161, 0.44458, 0.20634, 0.32579, 0.22825, 0.19793, 0.83628, 0.7946, 0.85587, 0.71209, 0.8652, 0.61932, 0.8635, 0.52201, 0.83784, 0.42136, 0.79776, 0.30532, 0.78105, 0.1896, 0.75818, 0.08887 ],
				"triangles": [ 44, 38, 46, 44, 46, 45, 70, 47, 45, 47, 44, 45, 38, 54, 46, 46, 54, 35, 34, 45, 46, 70, 45, 67, 62, 45, 27, 13, 53, 48, 53, 13, 57, 15, 43, 14, 37, 58, 43, 57, 13, 14, 14, 43, 57, 57, 56, 53, 53, 56, 39, 43, 58, 57, 56, 55, 39, 37, 42, 58, 58, 42, 57, 42, 41, 57, 41, 40, 57, 57, 54, 56, 57, 40, 54, 42, 36, 41, 56, 38, 55, 56, 54, 38, 55, 38, 61, 41, 35, 40, 40, 35, 54, 11, 52, 10, 52, 51, 72, 52, 11, 59, 13, 48, 12, 53, 39, 48, 11, 12, 59, 12, 48, 59, 48, 60, 59, 48, 39, 60, 52, 59, 51, 39, 61, 60, 39, 55, 61, 60, 47, 59, 59, 50, 51, 59, 49, 50, 59, 47, 49, 51, 50, 72, 61, 44, 60, 60, 44, 47, 61, 38, 44, 50, 49, 71, 49, 47, 70, 71, 49, 70, 9, 10, 80, 10, 72, 80, 9, 80, 8, 80, 72, 71, 8, 80, 7, 80, 71, 70, 80, 70, 81, 80, 81, 7, 81, 70, 67, 52, 72, 10, 71, 72, 50, 81, 6, 7, 45, 68, 67, 81, 67, 82, 81, 82, 6, 82, 67, 68, 68, 45, 69, 82, 5, 6, 68, 83, 82, 82, 83, 5, 68, 69, 83, 69, 84, 83, 69, 62, 84, 83, 4, 5, 83, 84, 4, 69, 45, 62, 63, 28, 64, 63, 62, 28, 64, 31, 66, 62, 85, 84, 62, 63, 85, 84, 3, 4, 84, 85, 3, 63, 64, 85, 64, 86, 85, 66, 65, 64, 85, 2, 3, 85, 86, 2, 64, 87, 86, 64, 65, 87, 86, 1, 2, 86, 87, 1, 87, 65, 26, 65, 66, 26, 87, 0, 1, 87, 26, 0, 66, 31, 26, 35, 32, 46, 42, 37, 36, 41, 36, 35, 15, 37, 43, 37, 15, 73, 15, 16, 73, 16, 17, 73, 36, 37, 73, 17, 74, 73, 35, 36, 73, 73, 74, 35, 74, 32, 35, 27, 45, 34, 17, 18, 74, 18, 75, 74, 74, 75, 32, 18, 19, 75, 75, 33, 32, 33, 34, 46, 75, 76, 33, 75, 19, 76, 76, 34, 33, 33, 46, 32, 19, 20, 76, 76, 77, 34, 76, 20, 77, 34, 77, 27, 28, 62, 27, 30, 64, 29, 64, 30, 31, 77, 78, 27, 27, 78, 28, 20, 21, 77, 77, 21, 78, 28, 79, 29, 64, 28, 29, 28, 78, 79, 21, 22, 78, 78, 22, 79, 29, 79, 30, 22, 23, 79, 25, 30, 79, 25, 79, 23, 25, 23, 24, 30, 25, 31, 26, 31, 25 ],
				"vertices": [ 3, 15, -4.48999, 3.2, 0.99953, 6, -7.9, 62.39, 2.0E-5, 5, -55.82, -35.31, 4.3E-4, 1, 15, -0.24, 4.32, 1, 2, 15, 7.3, 3.86, 0.97365, 16, -17.23, 2.08, 0.02634, 2, 15, 16.37999, 5.64, 0.7919, 16, -8.38, 4.77, 0.20809, 2, 15, 26.25, 10.81, 0.42519, 16, 0.91, 10.93, 0.5748, 3, 15, 34.54, 10.18, 0.07654, 16, 9.22, 11.14, 0.88291, 20, -16.53, 0.07, 0.04053, 3, 15, 43.05, 9.89999, 0.00836, 16, 17.71999, 11.72, 0.80511, 20, -10.67, 6.25, 0.18651, 3, 15, 52.12, 7.85, 1.0E-4, 16, 26.94, 10.61, 0.46984, 20, -3.13, 11.68, 0.53004, 3, 15, 58.4, 3.36, 1.0E-4, 16, 33.65, 6.79, 0.13946, 20, 4.38, 13.41, 0.86042, 3, 15, 60.78, -3.01, 4.0E-5, 16, 36.66999, 0.68, 0.04736, 20, 10.74, 10.96, 0.95259, 3, 15, 60.88, -11.23, 0, 16, 37.59999, -7.48, 0.00585, 20, 16.95999, 5.58, 0.99413, 1, 6, 14.29, -5.72, 1, 1, 6, 10.02, -8.02, 1, 1, 5, 9.26, 8.42, 1, 1, 5, 15.05, 5.06, 1, 3, 19, 36.12, 4.02, 0.04863, 21, 10.47, -8.43, 0.95071, 6, -30.55, -25.03, 6.4E-4, 2, 19, 34.16999, -3.72, 0.12455, 21, 3.19, -11.72, 0.87544, 2, 19, 29.93, -8.39, 0.44051, 21, -3.1, -11.3, 0.55948, 3, 14, 45.33, -11.2, 0.00647, 19, 20.33, -12.67, 0.76985, 21, -12.41, -6.44, 0.22367, 3, 14, 35.28, -9.06, 0.08183, 19, 10.45, -9.83, 0.85644, 21, -16.33, 3.06, 0.06172, 3, 14, 26.9, -12.16, 0.41539, 19, 1.88, -12.32, 0.58126, 21, -23.61, 8.22, 0.00333, 2, 14, 16.57, -7.77, 0.78392, 19, -8.1, -7.22, 0.21607, 4, 14, 6.49, -4.12, 0.95782, 19, -17.91, -2.87, 0.04144, 15, -9.35, -55.65, 6.6E-4, 6, -53.21, 24.51, 6.0E-5, 2, 14, -0.71, -4.28, 0.9977, 15, -15.59, -52.04, 0.00229, 2, 14, -5.54, -3.69, 0.98391, 15, -19.4, -49.02, 0.01608, 3, 14, -9.72, 0.79, 0.76207, 15, -20.62999, -43.01, 0.23743, 6, -52.14, 41.43, 4.9E-4, 3, 15, -8.39, -1.2, 0.99746, 6, -13.78, 62.08, 6.5E-4, 5, -52.47, -40.16, 0.00188, 5, 14, 22.15, 8.83, 0.62671, 19, -1.36, 8.93999, 0.33731, 21, -8.97, 23.99, 0.00112, 15, 10.77, -52.74, 0.02894, 6, -37.00999, 12.23, 0.00589, 5, 14, 13.58, 7.62, 0.84079, 19, -10, 8.34, 0.11996, 21, -14.81, 30.38, 8.3E-4, 15, 2.82, -49.31, 0.033, 6, -40.15, 20.29999, 0.00539, 4, 14, 4.17999, 4.98999, 0.95224, 19, -19.56, 6.38, 0.00541, 15, -6.57, -46.66, 0.03875, 6, -44.86, 28.85, 0.00358, 3, 14, -2.84, 3.63, 0.90681, 15, -13.28, -44.16, 0.09057, 6, -47.79, 35.38, 0.00261, 3, 14, -9.59, 7.49, 0.90946, 15, -17.04, -37.36, 0.08923, 6, -45.59, 42.84, 0.0013, 5, 14, 37.37, 12.96, 0.05311, 19, 14.1, 12, 0.56749, 21, 3.03, 13.77, 0.36818, 15, 25.92, -57.13, 0.01016, 6, -29.49, -1.63, 0.00103, 5, 14, 33.12, 10.3, 0.16211, 19, 9.67, 9.64, 0.7362, 21, -1.56, 15.77, 0.08214, 15, 20.9, -57.19, 0.0161, 6, -33.06, 1.89, 0.00341, 5, 14, 27.37, 8.75, 0.18982, 19, 3.83, 8.5, 0.7698, 21, -6.08, 19.64, 0.01983, 15, 15.19, -55.52, 0.0163, 6, -35.88, 7.13, 0.00422, 5, 14, 40.86, 18.01, 0.02086, 19, 17.93, 16.78, 0.23574, 21, 9.16, 13.74, 0.73691, 15, 31.52, -54.63, 0.00638, 6, -23.78, -3.86, 8.0E-5, 4, 14, 48.62, 17.96999, 0.00827, 19, 25.67, 16.2, 0.10162, 21, 13.52, 7.32, 0.88696, 15, 38.13, -58.7, 0.00314, 4, 14, 56.28, 14.6, 8.9E-4, 19, 33.08, 12.29, 0.01341, 21, 15.06, -0.9, 0.98531, 15, 42.92, -65.57, 3.7E-4, 2, 5, -0.33, -5.07, 0.47, 4, -3.75, 6.91, 0.52999, 2, 6, -0.84, -8.14, 0.52117, 5, 0.55, 7.64, 0.47882, 1, 5, 7.18, -8.68, 1, 1, 5, 11.42, -9.57, 1, 1, 5, 16.19, -5.82, 1, 1, 5, 18.15, -0.12, 1, 2, 6, 0.15, 4.55, 0.49, 4, -4.67999, -5.57, 0.51, 1, 4, 0.52, -2.57, 1, 1, 4, -0.11, 4.63, 1, 2, 6, 4.07, 6.5, 0.8, 4, -4.89, -9.93999, 0.2, 1, 6, 3.97, -8.76, 1, 1, 6, 8.53, 8.77, 1, 1, 6, 12.9, 7.67, 1, 1, 6, 16.29, 4, 1, 1, 6, 17.37, -0.54, 1, 1, 5, 5.05, 8.04, 1, 2, 5, 3.39, -6.86, 0.8, 4, -4, 11.04, 0.2, 7, 14, 44.94, 34.68999, 0.00666, 19, 23.18, 33.13, 0.00801, 21, 25.24, 19.79, 0.00158, 15, 43.69, -42.51, 0.00455, 16, 23.69, -40.34, 0.002, 6, -6.6, -4.01, 0.20627, 5, 0.05, 0.57, 0.77087, 1, 5, 4.16, 0.07, 1, 1, 5, 8.12, -0.9, 1, 1, 5, 17.18, -2.92, 1, 1, 6, 9.35, -0.46, 1, 7, 14, 44.29, 45.77, 0.00144, 19, 23.31, 44.23, 3.0E-4, 15, 48.9, -32.71, 0.00233, 16, 27.87, -30.07, 0.00402, 20, 25.09, -17.62, 0.00399, 6, 4.02, -0.84, 0.9323, 5, -8.21, 7.96, 0.05558, 7, 14, 42.76, 41.75999, 0.0018, 19, 21.5, 40.34, 3.7E-4, 15, 45.5, -35.34, 0.00293, 16, 24.76, -33.03, 0.00502, 20, 24.81, -21.9, 0.00498, 6, -0.22, -0.27, 0.8806, 5, -6.47, 4.04, 0.10425, 4, 15, 22.25, -9.17, 0.554, 16, -1.02, -9.35999, 0.43204, 20, -10.18999, -21.96, 0.00202, 5, -37.43, -12.29, 0.01191, 3, 15, 13.53, -7.35, 0.85293, 16, -9.88, -8.43999, 0.13732, 5, -41.27, -20.32, 0.00973, 4, 15, 5.3, -4.71999, 0.95045, 16, -18.34, -6.66, 0.03096, 6, -6.66, 49.85, 0.01199, 5, -45.79, -27.69, 0.00659, 3, 15, -2.11999, -3.63, 0.99461, 6, -11.1, 55.91, 0.00236, 5, -48.62, -34.65, 0.00301, 3, 15, -8.25, -6.87, 0.99623, 6, -17.70999, 58, 0.00109, 5, -46.94, -41.37, 0.00267, 4, 15, 38.34999, -14.29, 0.08641, 16, 15.5, -12.81, 0.56546, 20, 4.31, -13.3, 0.32675, 5, -28.62, 2.10999, 0.02135, 4, 15, 34.62, -11.37, 0.14794, 16, 11.49, -10.29, 0.76485, 20, -0.34, -14.16, 0.06943, 5, -32.34, -0.81, 0.01775, 4, 15, 28.92, -9.76, 0.25565, 16, 5.66, -9.27, 0.69692, 20, -5.32, -17.36, 0.03372, 5, -35.25999, -5.95, 0.0137, 4, 15, 41.5, -18.25, 0.06186, 16, 19.04, -16.44, 0.28551, 20, 9.37, -13.57, 0.63757, 5, -24.01, 4.23, 0.01505, 4, 15, 47.9, -19.25, 0.03562, 16, 25.51, -16.78, 0.16, 20, 14.36, -9.43999, 0.79469, 5, -21.52, 10.2, 0.00966, 4, 15, 55.11, -17.48, 0.00359, 16, 32.5, -14.29, 0.0203, 20, 17.81, -2.87, 0.97606, 5, -21.52, 17.62, 3.0E-5, 4, 14, 50.73, 7.21, 0.0029, 19, 27.01, 5.31, 0.17668, 21, 5.82, -0.49, 0.81933, 15, 34.33, -68.99, 0.00107, 5, 14, 46.23, 3.08, 0.00836, 19, 22.24, 1.51, 0.4847, 21, -0.11, 0.88, 0.50457, 15, 28.34, -70.18, 0.0023, 6, -37.08, -12.52, 4.0E-5, 5, 14, 39.36, -0.69, 0.02274, 19, 15.12, -1.76, 0.81108, 21, -7.11, 4.41, 0.16237, 15, 20.51, -69.83, 0.00317, 6, -42.33, -6.69, 6.0E-4, 5, 14, 31.89, -1.42, 0.19062, 19, 7.61, -1.96, 0.79832, 21, -11.93, 10.17, 0.00338, 15, 13.74, -66.56, 0.00591, 6, -44.76, 0.4, 0.00174, 5, 14, 24.44, -1.29999, 0.45181, 19, 0.2, -1.32, 0.53986, 21, -16.04, 16.37999, 6.5E-4, 15, 7.45, -62.59, 0.00591, 6, -46.35, 7.68, 0.00174, 4, 14, 14.93, 0.69, 0.84843, 19, -9.14, 1.33, 0.13853, 15, 0.36, -55.93, 0.01131, 6, -46.59, 17.4, 0.00171, 3, 14, 5.36, 0.32, 0.98149, 15, -7.99, -51.27, 0.01768, 6, -49.14, 26.63, 8.2E-4, 4, 15, 50.38, -6.9, 0.01171, 16, 26.71, -4.23999, 0.19424, 20, 6.75, 0.58999, 0.79017, 5, -32.91999, 15.55, 0.00387, 4, 15, 45.13, -3.38, 0.02192, 16, 21.13, -1.27, 0.50807, 20, 0.64, -1, 0.46504, 5, -37.59, 11.3, 0.00495, 4, 15, 38.88, -0.61, 0.02186, 16, 14.64, 0.84, 0.80911, 20, -5.56, -3.83, 0.16406, 5, -41.77, 5.89, 0.00495, 4, 15, 32.02, 1.22, 0.16768, 16, 7.62, 1.97, 0.82812, 20, -11.49, -7.75, 0.00155, 5, -45.19, -0.33, 0.00263, 3, 15, 24.27, 0.89, 0.46447, 16, -0.04, 0.86, 0.53296, 5, -46.73, -7.93, 0.00255, 4, 15, 15.04, -0.45, 0.84145, 16, -9.08, -1.42, 0.14654, 6, 3.22, 45.91, 0.00811, 5, -47.61, -17.20999, 0.00389, 3, 15, 6.48, 0.36, 0.9977, 6, -2.21, 52.58, 0.00122, 5, -50.45, -25.33, 0.00106, 3, 15, -1.19, 0.3, 0.99936, 6, -7.64, 58.01, 1.3E-4, 5, -52.22, -32.8, 5.0E-4 ],
				"hull": 27,
				"edges": [ 54, 56, 42, 40, 56, 58, 44, 42, 58, 60, 60, 62, 62, 50, 50, 48, 48, 46, 46, 44, 34, 36, 66, 68, 38, 40, 38, 36, 66, 64, 64, 70, 70, 72, 72, 74, 74, 30, 30, 32, 32, 34, 80, 82, 82, 84, 26, 28, 86, 28, 88, 90, 90, 92, 92, 76, 88, 94, 96, 78, 24, 26, 96, 24, 98, 94, 98, 100, 100, 102, 102, 104, 22, 24, 104, 22, 26, 106, 106, 78, 76, 108, 108, 80, 76, 110, 110, 78, 106, 112, 112, 108, 110, 112, 26, 114, 114, 80, 112, 114, 84, 116, 116, 86, 114, 116, 24, 118, 118, 98, 104, 118, 94, 120, 120, 96, 118, 120, 78, 122, 122, 88, 120, 122, 8, 6, 126, 124, 126, 128, 4, 6, 4, 2, 130, 128, 130, 132, 50, 52, 132, 52, 52, 0, 0, 2, 14, 12, 136, 134, 136, 138, 10, 8, 10, 12, 124, 138, 14, 16, 140, 134, 140, 142, 142, 144, 144, 20, 20, 18, 18, 16, 20, 22, 28, 30, 32, 146, 146, 70, 74, 146, 34, 148, 148, 64, 146, 148, 36, 150, 150, 66, 148, 150, 38, 152, 152, 68, 150, 152, 40, 154, 154, 54, 152, 154, 42, 156, 156, 56, 154, 156, 44, 158, 158, 58, 156, 158, 158, 50, 16, 160, 160, 140, 144, 160, 14, 162, 162, 134, 160, 162, 12, 164, 164, 136, 162, 164, 138, 166, 166, 10, 164, 166, 8, 168, 168, 124, 166, 168, 6, 170, 170, 126, 168, 170, 4, 172, 172, 128, 170, 172, 2, 174, 174, 130, 172, 174, 174, 52, 54, 68 ],
				"width": 97,
				"height": 73
			}
		},
		"touguan2": {
			"touguan": { "x": 6.8, "y": 0.11, "rotation": -90.9, "width": 83, "height": 40 }
		},
		"yanjing2": {
			"yanjing": { "x": 3.13, "y": 0.52, "rotation": -90.9, "width": 43, "height": 16 }
		},
		"youqi2": {
			"youqi": { "x": 20.04, "y": -1.99, "rotation": -139.1, "width": 37, "height": 36 }
		},
		"zui2": {
			"zui": {
				"type": "skinnedmesh",
				"uvs": [ 1, 0.51878, 0.9112, 0.80303, 0.78762, 1, 0.72179, 0.94267, 0.65047, 0.88055, 0.51658, 0.82727, 0.38516, 0.88066, 0.306, 0.94531, 0.23905, 1, 0.19652, 1, 0.07976, 0.78031, 0, 0.49848, 0, 0, 0.12787, 0, 0.29666, 0, 0.51146, 1.0E-5, 0.74287, 0, 0.88329, 0, 1, 0, 0.7028, 0.64578, 0.73716, 0.32392, 0.32905, 0.63174, 0.3011, 0.29275, 0.51272, 0.26585, 0.51307, 0.57693, 0.88638, 0.32907, 0.81295, 0.7291, 0.2161, 0.70828, 0.14913, 0.33497 ],
				"triangles": [ 25, 17, 18, 25, 18, 0, 20, 16, 17, 25, 20, 17, 19, 20, 25, 26, 19, 25, 0, 26, 25, 1, 26, 0, 4, 19, 26, 3, 4, 26, 3, 26, 1, 2, 3, 1, 22, 28, 13, 22, 13, 14, 28, 11, 12, 28, 12, 13, 28, 22, 21, 27, 11, 28, 21, 27, 28, 10, 11, 27, 27, 21, 6, 7, 27, 6, 10, 27, 7, 9, 10, 7, 8, 9, 7, 23, 15, 16, 23, 22, 14, 23, 14, 15, 20, 23, 16, 24, 23, 20, 22, 23, 24, 21, 22, 24, 19, 24, 20, 5, 24, 19, 21, 24, 5, 4, 5, 19, 6, 21, 5 ],
				"vertices": [ 2, 17, 0.9, 40.41, 0, 18, 1.09, 6.72, 0.99999, 1, 18, 7.84, 2.26, 1, 3, 10, 14.45, 13.05, 0.15524, 17, 12.45, 30.01, 4.2E-4, 18, 12.48, -3.86, 0.84433, 3, 10, 13.08, 9.82, 0.30118, 17, 11.07, 26.78, 6.1E-4, 18, 11.05, -7.06, 0.6982, 3, 10, 11.58, 6.33, 0.6298, 17, 9.58, 23.29, 9.1E-4, 18, 9.5, -10.53, 0.36926, 2, 10, 10.31, -0.22, 0.99747, 17, 8.3, 16.73, 0.00252, 3, 10, 11.59, -6.66, 0.58221, 17, 9.58, 10.29, 0.4143, 18, 9.3, -23.53, 0.00348, 3, 10, 13.14, -10.54, 0.23457, 17, 11.14, 6.41, 0.76375, 18, 10.79, -27.44, 0.00166, 3, 10, 14.45, -13.82, 0.04816, 17, 12.45, 3.13, 0.95142, 18, 12.05, -30.74, 4.0E-4, 3, 10, 14.45, -15.91, 0.00185, 17, 12.45, 1.04, 0.99812, 18, 12.02, -32.82, 2.0E-5, 1, 17, 7.18, -4.67, 1, 1, 17, 0.41, -8.58, 1, 2, 10, -9.54, -25.54, 4.3E-4, 17, -11.54, -8.58, 0.99956, 2, 10, -9.54, -19.27, 0.06003, 17, -11.54, -2.31, 0.93996, 2, 10, -9.54, -11, 0.42114, 17, -11.54, 5.95, 0.57884, 3, 10, -9.54, -0.47, 0.87437, 17, -11.54, 16.48, 0.07049, 18, -11.72, -17.01, 0.05513, 3, 10, -9.54, 10.85, 0.39017, 17, -11.54, 27.81, 5.0E-5, 18, -11.55, -5.68, 0.60976, 3, 10, -9.54, 17.74, 0.10668, 17, -11.54, 34.68999, 3.0E-5, 18, -11.44, 1.19, 0.89327, 2, 17, -11.54, 40.41, 2.0E-5, 18, -11.35, 6.91, 0.99997, 3, 10, 5.95, 8.89, 0.47635, 17, 3.95, 25.85, 1.9E-4, 18, 3.91, -7.88, 0.52344, 2, 10, -1.76, 10.57, 0.47111, 18, -3.78, -6.08, 0.52888, 3, 10, 5.61, -9.41, 0.36298, 17, 3.61, 7.54, 0.63607, 18, 3.29, -26.19, 9.3E-4, 2, 10, -2.51, -10.78, 0.39934, 17, -4.52, 6.17, 0.60065, 3, 10, -3.16, -0.41, 0.95199, 17, -5.16, 16.54, 0.03134, 18, -5.34, -17.04999, 0.01665, 2, 10, 4.3, -0.4, 0.99611, 17, 2.29, 16.54999, 0.00388, 3, 10, -1.64, 17.89, 0.07058, 17, -3.64, 34.84999, 1.0E-5, 18, -3.54, 1.22, 0.9294, 3, 10, 7.95, 14.29, 0.06091, 17, 5.95, 31.25, 9.0E-5, 18, 5.99, -2.52, 0.93899, 3, 10, 7.45, -14.95, 0.02961, 17, 5.45, 2, 0.97025, 18, 5.03, -31.75, 1.3E-4, 2, 10, -1.5, -18.23, 0.05031, 17, -3.5, -1.27, 0.94968 ],
				"hull": 19,
				"edges": [ 12, 10, 10, 8, 4, 2, 0, 36, 2, 0, 16, 18, 18, 20, 22, 24, 20, 22, 8, 38, 38, 40, 30, 32, 40, 32, 12, 42, 42, 44, 28, 30, 44, 28, 30, 46, 10, 48, 48, 46, 32, 34, 34, 36, 34, 50, 50, 52, 4, 6, 6, 8, 52, 6, 16, 14, 14, 12, 14, 54, 54, 56, 24, 26, 26, 28, 56, 26 ],
				"width": 49,
				"height": 24
			}
		},
		"zuoqi2": {
			"zuoqi": { "x": 19.76, "y": 2.18, "rotation": -42.4, "width": 39, "height": 38 }
		}
	}
},
"animations": {
	"animation": {
		"slots": {
			"bizi2": {
				"attachment": [
					{ "time": 0, "name": "bizi" },
					{ "time": 0.5333, "name": "bizi" }
				]
			},
			"bone2": {
				"attachment": [
					{ "time": 0, "name": "tou" },
					{ "time": 0.5333, "name": "tou" }
				]
			},
			"huzi2": {
				"attachment": [
					{ "time": 0, "name": "huzi" },
					{ "time": 0.5333, "name": "huzi" }
				]
			},
			"meimao2": {
				"attachment": [
					{ "time": 0, "name": "meimao" },
					{ "time": 0.5333, "name": "meimao" }
				]
			},
			"shenti2": {
				"attachment": [
					{ "time": 0, "name": "shenti" },
					{ "time": 0.5333, "name": "shenti" }
				]
			},
			"toufa2": {
				"attachment": [
					{ "time": 0, "name": "toufa" },
					{ "time": 0.5333, "name": "toufa" }
				]
			},
			"touguan2": {
				"attachment": [
					{ "time": 0, "name": "touguan" },
					{ "time": 0.5333, "name": "touguan" }
				]
			},
			"yanjing2": {
				"attachment": [
					{ "time": 0, "name": "yanjing" },
					{ "time": 0.5333, "name": "yanjing" }
				]
			},
			"youqi2": {
				"attachment": [
					{ "time": 0, "name": "youqi" },
					{ "time": 0.5333, "name": "youqi" }
				],
				"color": [
					{ "time": 0, "color": "ffffffff", "curve": "stepped" },
					{ "time": 0.0666, "color": "ffffffff" },
					{ "time": 0.2, "color": "ffffff00", "curve": "stepped" },
					{ "time": 0.3333, "color": "ffffffff", "curve": "stepped" },
					{ "time": 0.4333, "color": "ffffffff" },
					{ "time": 0.5333, "color": "ffffff00" }
				]
			},
			"zui2": {
				"attachment": [
					{ "time": 0, "name": "zui" },
					{ "time": 0.5333, "name": "zui" }
				]
			},
			"zuoqi2": {
				"attachment": [
					{ "time": 0, "name": "zuoqi" },
					{ "time": 0.5333, "name": "zuoqi" }
				],
				"color": [
					{ "time": 0, "color": "ffffffff", "curve": "stepped" },
					{ "time": 0.0666, "color": "ffffffff" },
					{ "time": 0.2, "color": "ffffff00", "curve": "stepped" },
					{ "time": 0.3333, "color": "ffffffff", "curve": "stepped" },
					{ "time": 0.4333, "color": "ffffffff" },
					{ "time": 0.5333, "color": "ffffff00" }
				]
			}
		},
		"bones": {
			"root": {
				"rotate": [
					{ "time": 0, "angle": 0, "curve": "stepped" },
					{ "time": 0.5333, "angle": 0 }
				],
				"translate": [
					{ "time": 0, "x": 0, "y": 0, "curve": "stepped" },
					{ "time": 0.5333, "x": 0, "y": 0 }
				],
				"scale": [
					{ "time": 0, "x": 1, "y": 1, "curve": "stepped" },
					{ "time": 0.5333, "x": 1, "y": 1 }
				]
			},
			"bone": {
				"rotate": [
					{ "time": 0, "angle": 0, "curve": "stepped" },
					{ "time": 0.5333, "angle": 0 }
				],
				"translate": [
					{ "time": 0, "x": 0, "y": 0, "curve": "stepped" },
					{ "time": 0.5333, "x": 0, "y": 0 }
				],
				"scale": [
					{ "time": 0, "x": 1, "y": 1, "curve": "stepped" },
					{ "time": 0.5333, "x": 1, "y": 1 }
				]
			},
			"bone16": {
				"rotate": [
					{ "time": 0, "angle": 0, "curve": "stepped" },
					{ "time": 0.3333, "angle": 0, "curve": "stepped" },
					{ "time": 0.5333, "angle": 0 }
				],
				"translate": [
					{ "time": 0, "x": 1.29, "y": 0.65 },
					{ "time": 0.2, "x": 7.14, "y": 4.54 },
					{ "time": 0.3333, "x": 1.29, "y": 0.65 },
					{ "time": 0.5333, "x": 7.14, "y": 4.54 }
				],
				"scale": [
					{ "time": 0, "x": 0.632, "y": 0.632 },
					{ "time": 0.2, "x": 1.527, "y": 1.527 },
					{ "time": 0.3333, "x": 0.632, "y": 0.632 },
					{ "time": 0.5333, "x": 1.527, "y": 1.527 }
				]
			},
			"bone17": {
				"rotate": [
					{ "time": 0, "angle": 0, "curve": "stepped" },
					{ "time": 0.5333, "angle": 0 }
				],
				"translate": [
					{ "time": 0, "x": 0, "y": 0 },
					{ "time": 0.2, "x": -2.1, "y": -0.34 },
					{ "time": 0.3333, "x": 0, "y": 0 },
					{ "time": 0.5333, "x": -2.1, "y": -0.34 }
				],
				"scale": [
					{ "time": 0, "x": 0.763, "y": 0.763 },
					{ "time": 0.2, "x": 1.563, "y": 1.563 },
					{ "time": 0.3333, "x": 0.763, "y": 0.763 },
					{ "time": 0.5333, "x": 1.563, "y": 1.563 }
				]
			},
			"bone2": {
				"rotate": [
					{ "time": 0, "angle": 0 },
					{ "time": 0.0666, "angle": 0.39 },
					{ "time": 0.2, "angle": -1.04 },
					{ "time": 0.3333, "angle": 0.39 },
					{ "time": 0.5, "angle": -1.04 },
					{ "time": 0.5333, "angle": 0 }
				],
				"translate": [
					{ "time": 0, "x": 0, "y": 0 },
					{ "time": 0.1666, "x": -2.85, "y": 0.06 },
					{ "time": 0.2666, "x": 0, "y": 0 },
					{ "time": 0.4333, "x": -2.85, "y": 0.06 },
					{ "time": 0.5333, "x": 0, "y": 0 }
				],
				"scale": [
					{ "time": 0, "x": 1, "y": 1, "curve": "stepped" },
					{ "time": 0.5333, "x": 1, "y": 1 }
				]
			},
			"bone12": {
				"rotate": [
					{ "time": 0, "angle": 0 },
					{ "time": 0.1666, "angle": 12.12 },
					{ "time": 0.2666, "angle": 0 },
					{ "time": 0.4333, "angle": 12.12 },
					{ "time": 0.5333, "angle": 0 }
				],
				"translate": [
					{ "time": 0, "x": 0, "y": 0, "curve": "stepped" },
					{ "time": 0.5333, "x": 0, "y": 0 }
				],
				"scale": [
					{ "time": 0, "x": 1, "y": 1, "curve": "stepped" },
					{ "time": 0.5333, "x": 1, "y": 1 }
				]
			},
			"bone13": {
				"rotate": [
					{ "time": 0, "angle": 0 },
					{ "time": 0.1666, "angle": -12.82 },
					{ "time": 0.2666, "angle": 0 },
					{ "time": 0.4333, "angle": -12.82 },
					{ "time": 0.5333, "angle": 0 }
				],
				"translate": [
					{ "time": 0, "x": 0, "y": 0, "curve": "stepped" },
					{ "time": 0.5333, "x": 0, "y": 0 }
				],
				"scale": [
					{ "time": 0, "x": 1, "y": 1, "curve": "stepped" },
					{ "time": 0.5333, "x": 1, "y": 1 }
				]
			},
			"bone14": {
				"rotate": [
					{ "time": 0, "angle": 0 },
					{ "time": 0.1666, "angle": 10.9 },
					{ "time": 0.2666, "angle": 0 },
					{ "time": 0.4333, "angle": 10.9 },
					{ "time": 0.5333, "angle": 0 }
				],
				"translate": [
					{ "time": 0, "x": 0, "y": 0, "curve": "stepped" },
					{ "time": 0.5333, "x": 0, "y": 0 }
				],
				"scale": [
					{ "time": 0, "x": 1, "y": 1, "curve": "stepped" },
					{ "time": 0.5333, "x": 1, "y": 1 }
				]
			},
			"bone15": {
				"rotate": [
					{ "time": 0, "angle": 0 },
					{ "time": 0.1666, "angle": -14.49 },
					{ "time": 0.2666, "angle": 0 },
					{ "time": 0.4333, "angle": -14.49 },
					{ "time": 0.5333, "angle": 0 }
				],
				"translate": [
					{ "time": 0, "x": 0, "y": 0, "curve": "stepped" },
					{ "time": 0.5333, "x": 0, "y": 0 }
				],
				"scale": [
					{ "time": 0, "x": 1, "y": 1, "curve": "stepped" },
					{ "time": 0.5333, "x": 1, "y": 1 }
				]
			},
			"bone18": {
				"rotate": [
					{ "time": 0, "angle": 0, "curve": "stepped" },
					{ "time": 0.5333, "angle": 0 }
				],
				"translate": [
					{ "time": 0, "x": 0, "y": 0, "curve": "stepped" },
					{ "time": 0.5333, "x": 0, "y": 0 }
				],
				"scale": [
					{ "time": 0, "x": 1, "y": 1 },
					{ "time": 0.1666, "x": 0.713, "y": 1 },
					{ "time": 0.2666, "x": 1, "y": 1 },
					{ "time": 0.4333, "x": 0.713, "y": 1 },
					{ "time": 0.5333, "x": 1, "y": 1 }
				]
			},
			"bone19": {
				"rotate": [
					{ "time": 0, "angle": 0, "curve": "stepped" },
					{ "time": 0.5333, "angle": 0 }
				],
				"translate": [
					{ "time": 0, "x": 0, "y": 0 },
					{ "time": 0.1666, "x": -1.78, "y": 0.02 },
					{ "time": 0.2666, "x": 0, "y": 0 },
					{ "time": 0.4333, "x": -1.78, "y": 0.02 },
					{ "time": 0.5333, "x": 0, "y": 0 }
				],
				"scale": [
					{ "time": 0, "x": 1, "y": 1, "curve": "stepped" },
					{ "time": 0.5333, "x": 1, "y": 1 }
				]
			},
			"bone3": {
				"rotate": [
					{ "time": 0, "angle": 0 },
					{ "time": 0.0666, "angle": 3.46 },
					{ "time": 0.2, "angle": -2.97 },
					{ "time": 0.3333, "angle": 3.46 },
					{ "time": 0.5, "angle": -2.97 },
					{ "time": 0.5333, "angle": 0 }
				],
				"translate": [
					{ "time": 0, "x": 0, "y": 0 },
					{ "time": 0.1666, "x": 7.24, "y": -0.07 },
					{ "time": 0.2666, "x": 0, "y": 0 },
					{ "time": 0.4333, "x": 7.24, "y": -0.07 },
					{ "time": 0.5333, "x": 0, "y": 0 }
				],
				"scale": [
					{ "time": 0, "x": 1, "y": 1, "curve": "stepped" },
					{ "time": 0.5333, "x": 1, "y": 1 }
				]
			},
			"bone4": {
				"rotate": [
					{ "time": 0, "angle": 0 },
					{ "time": 0.1666, "angle": -5.05 },
					{ "time": 0.2666, "angle": 0 },
					{ "time": 0.4333, "angle": -5.05 },
					{ "time": 0.5333, "angle": 0 }
				],
				"translate": [
					{ "time": 0, "x": 0, "y": 0, "curve": "stepped" },
					{ "time": 0.5333, "x": 0, "y": 0 }
				],
				"scale": [
					{ "time": 0, "x": 1, "y": 1, "curve": "stepped" },
					{ "time": 0.5333, "x": 1, "y": 1 }
				]
			},
			"bone5": {
				"rotate": [
					{ "time": 0, "angle": 0 },
					{ "time": 0.1666, "angle": 13.91 },
					{ "time": 0.2666, "angle": 0 },
					{ "time": 0.4333, "angle": 13.91 },
					{ "time": 0.5333, "angle": 0 }
				],
				"translate": [
					{ "time": 0, "x": 0, "y": 0, "curve": "stepped" },
					{ "time": 0.5333, "x": 0, "y": 0 }
				],
				"scale": [
					{ "time": 0, "x": 1, "y": 1, "curve": "stepped" },
					{ "time": 0.5333, "x": 1, "y": 1 }
				]
			},
			"bone6": {
				"rotate": [
					{ "time": 0, "angle": 0 },
					{ "time": 0.2666, "angle": -2.97 },
					{ "time": 0.5333, "angle": 0 }
				],
				"translate": [
					{ "time": 0, "x": 0, "y": 0, "curve": "stepped" },
					{ "time": 0.5333, "x": 0, "y": 0 }
				],
				"scale": [
					{ "time": 0, "x": 1, "y": 1, "curve": "stepped" },
					{ "time": 0.5333, "x": 1, "y": 1 }
				]
			},
			"bone9": {
				"rotate": [
					{ "time": 0, "angle": 0 },
					{ "time": 0.1666, "angle": 4.77 },
					{ "time": 0.2666, "angle": -0.2 },
					{ "time": 0.4333, "angle": 4.77 },
					{ "time": 0.5333, "angle": 0 }
				],
				"translate": [
					{ "time": 0, "x": 0, "y": 0, "curve": "stepped" },
					{ "time": 0.5333, "x": 0, "y": 0 }
				],
				"scale": [
					{ "time": 0, "x": 1, "y": 1, "curve": "stepped" },
					{ "time": 0.5333, "x": 1, "y": 1 }
				]
			},
			"bone10": {
				"rotate": [
					{ "time": 0, "angle": 0 },
					{ "time": 0.1666, "angle": -2.56 },
					{ "time": 0.2666, "angle": 0 },
					{ "time": 0.4333, "angle": 1.32 },
					{ "time": 0.5333, "angle": 0 }
				],
				"translate": [
					{ "time": 0, "x": 0, "y": 0, "curve": "stepped" },
					{ "time": 0.5333, "x": 0, "y": 0 }
				],
				"scale": [
					{ "time": 0, "x": 1, "y": 1, "curve": "stepped" },
					{ "time": 0.5333, "x": 1, "y": 1 }
				]
			},
			"bone20": {
				"rotate": [
					{ "time": 0, "angle": 0, "curve": "stepped" },
					{ "time": 0.5333, "angle": 0 }
				],
				"translate": [
					{ "time": 0, "x": 0, "y": 0, "curve": "stepped" },
					{ "time": 0.5333, "x": 0, "y": 0 }
				],
				"scale": [
					{ "time": 0, "x": 1, "y": 1 },
					{ "time": 0.1, "x": 1.234, "y": 1, "curve": "stepped" },
					{ "time": 0.1666, "x": 1.234, "y": 1 },
					{ "time": 0.2666, "x": 0.873, "y": 1 },
					{ "time": 0.3666, "x": 1.234, "y": 1, "curve": "stepped" },
					{ "time": 0.4333, "x": 1.234, "y": 1 },
					{ "time": 0.5333, "x": 1, "y": 1 }
				]
			},
			"bone21": {
				"rotate": [
					{ "time": 0, "angle": 0, "curve": "stepped" },
					{ "time": 0.5333, "angle": 0 }
				],
				"translate": [
					{ "time": 0, "x": 0, "y": 0, "curve": "stepped" },
					{ "time": 0.5333, "x": 0, "y": 0 }
				],
				"scale": [
					{ "time": 0, "x": 1, "y": 1 },
					{ "time": 0.1, "x": 1.372, "y": 1, "curve": "stepped" },
					{ "time": 0.1666, "x": 1.372, "y": 1 },
					{ "time": 0.2666, "x": 0.923, "y": 1 },
					{ "time": 0.3666, "x": 1.372, "y": 1, "curve": "stepped" },
					{ "time": 0.4333, "x": 1.372, "y": 1 },
					{ "time": 0.5333, "x": 1, "y": 1 }
				]
			},
			"bone7": {
				"rotate": [
					{ "time": 0, "angle": 0, "curve": "stepped" },
					{ "time": 0.5333, "angle": 0 }
				],
				"translate": [
					{ "time": 0, "x": 0, "y": 0, "curve": "stepped" },
					{ "time": 0.5333, "x": 0, "y": 0 }
				],
				"scale": [
					{ "time": 0, "x": 1, "y": 1, "curve": "stepped" },
					{ "time": 0.5333, "x": 1, "y": 1 }
				]
			},
			"bone11": {
				"rotate": [
					{ "time": 0, "angle": 0, "curve": "stepped" },
					{ "time": 0.5333, "angle": 0 }
				],
				"translate": [
					{ "time": 0, "x": 0, "y": 0, "curve": "stepped" },
					{ "time": 0.5333, "x": 0, "y": 0 }
				],
				"scale": [
					{ "time": 0, "x": 1, "y": 1, "curve": "stepped" },
					{ "time": 0.5333, "x": 1, "y": 1 }
				]
			},
			"bone8": {
				"rotate": [
					{ "time": 0, "angle": 0, "curve": "stepped" },
					{ "time": 0.5333, "angle": 0 }
				],
				"translate": [
					{ "time": 0, "x": 0, "y": 0, "curve": "stepped" },
					{ "time": 0.5333, "x": 0, "y": 0 }
				],
				"scale": [
					{ "time": 0, "x": 1, "y": 1, "curve": "stepped" },
					{ "time": 0.5333, "x": 1, "y": 1 }
				]
			}
		},
		"ffd": {
			"default": {
				"huzi2": {
					"huzi": [
						{ "time": 0, "curve": "stepped" },
						{ "time": 0.5333 }
					]
				},
				"meimao2": {
					"meimao": [
						{ "time": 0, "curve": "stepped" },
						{ "time": 0.5333 }
					]
				},
				"toufa2": {
					"toufa": [
						{ "time": 0 },
						{
							"time": 0.3666,
							"vertices": [ -0.2438, 0.34975, -0.00863, 0.42623, -0.40949, -0.11831, -0.20344, 0.36043, -0.13188, 0.356, -0.16218, 0.3432, -0.04585, 0.37272, -0.07791, 0.36731, 0.04711, 0.42221, 0.01041, 0.42467, 0.12528, 0.41741, 0.0887, 0.42666, -0.22366, 0.37397, 0.206, 0.41605, 0.16923, 0.4323, -0.16824, 0.43264, 0.29231, 0.39799, 0.25676, 0.42176, -0.09671, 0.48418, 0.35254, 0.35632, 0.3204, 0.38547, -0.02532, 0.50056, 0.37608, 0.29607, 0.34906, 0.32748, 0.03502, 0.4773, 0.37819, 0.21812, 0.35789, 0.25, 0.09399, 0.42629, 0.29196, -0.20147, 0.25141, -0.2233, 0.24835, 0.22127, 0.30334, 0.18939, 0.35018, -0.27806, 1.0E-5, -0.44712, -0.11092, -0.43324, 0.33169, -0.35154, -0.06903, -0.47834, 0.29143, -0.39586, -0.12877, -0.47436, 0.23074, -0.42113, 0.20034, -0.43643, -0.2172, -0.42826, 0.13536, -0.40089, 0.10662, -0.40948, -0.25436, -0.33811, 0.05587, -0.43031, 0.02524, -0.43318, -0.32354, -0.28912, -0.04209, -0.38872, -0.06951, -0.38476, -0.13781, -0.35406, -0.16255, -0.3434, -0.3206, -0.20397, -0.37991, 0.00825, -0.20616, -0.35559, -0.37661, -0.16479, -0.2516, -0.34993, -0.40991, -0.13334, -0.28598, -0.30707, -0.41227, -0.07845, -0.38649, 0.16356, -0.28089, 0.30789, -0.06272, 0.412, -0.38179, -0.16689, 0.011, -0.23014, -0.00532, -0.23034, -0.18369, -0.13904, -0.12728, -0.19206, -0.21248, -0.08915, -0.0702, -0.24171, -0.08713, -0.23612, -0.23909, -0.07856, -0.19961, -0.15336, -0.25116, -0.01682, -0.15909, -0.26683, -0.17758, -0.25488, -0.28615, -0.12105, -0.30522, 0.05811, -0.22461, -0.27963, -0.34656, -0.09261, -0.33968, 0.11529, -0.28888, -0.24366, -0.37712, -0.02559, -0.3279, 0.18801, 0.15531, -0.19137, 0.14138, -0.2019, -0.07019, -0.23623, 0.01203, -0.24615, -0.12662, -0.21148, 0.11494, -0.21646, 0.09933, -0.22407, -0.1137, -0.21709, -0.03534, -0.24251, -0.16403, -0.18214, 0.06039, -0.23117, 0.04386, -0.23486, -0.15664, -0.18037, -0.08804, -0.2221, -0.19653, -0.13591, 0.18833, -0.14363, 0.17769, -0.15662, -0.01215, -0.23652, 0.06687, -0.22719, -0.07046, -0.22616, 0.26198, -0.14407, 0.25112, -0.16228, 0.02908, -0.29755, 0.12602, -0.2711, 0.33469, -0.17622, 0.32138, -0.19951, 0.04362, -0.37572, 0.16566, -0.34004, 0.1537, 0.09374, -0.1677, 0.06549, 0.15575, -0.22012, 0.17243, 0.20724, 0.22865, 0.05897, 0.26888, 0.05047, 0.31411, 0.0861, 0.33277, 0.14022, 0.1544, -0.10407, -0.1768, -0.05834, -0.12554, -0.02733, -0.13166, 0.04109, 0.193, -0.0844, -0.18487, -0.10089, 0.19402, -0.23032, 0.23729, -0.06388, 0.27871, -0.07435, 0.31084, -0.10921, 0.32115, -0.15238, 0.20841, 0.2177, 0.19079, 0.07547, -0.17564, 0.10607, 0.21427, 0.02722, 0.21569, 0.01195, 0.14351, -0.16143, 0.18888, -0.10475, 0.19727, -0.08802, 0.09898, -0.19203, 0.15995, 0.14516, 0.20001, 0.14212, 0.23762, 0.13283, 0.32359, 0.11359, 0.24506, -0.15164, 0.21118, 0.12998, 0.21988, 0.11469, 0.24716, -0.02004, 0.248, 0.00139, 0.18149, 0.16897, 0.19448, -0.15393, 0.0985, 0.22758, 0.19257, 0.09358, 0.19874, 0.0797, 0.21063, -0.03838, 0.21319, -0.02004, 0.1704, 0.12964, 0.15391, -0.1489, 0.10412, 0.18709, 0.01004, 0.23178, -0.01003, 0.23175, -0.16432, 0.1637, -0.21617, 0.08407, -0.07302, 0.2489, -0.09425, 0.24161, -0.25909, 0.01094, -0.15059, 0.27469, -0.17375, 0.26058, 0.02724, 0.31204, -0.30846, -0.05419, -0.22138, 0.28488, -0.02598, 0.35984, -0.34088, -0.11795, -0.27955, 0.25412, -0.09146, 0.36654, -0.33046, -0.18292, 0.16363, 0.18507, 0.14703, 0.1985, -0.02626, 0.24561, -0.12254, 0.21447, 0.1279, 0.21218, 0.10907, 0.22243, -0.07039, 0.23751, -0.15972, 0.18935, 0.07373, 0.22676, 0.05384, 0.23226, -0.11767, 0.20734, -0.19094, 0.14275, 0.19452, 0.14812, 0.18099, 0.16437, 0.02183, 0.2435, -0.07764, 0.23182, 0.25569, 0.13981, 0.24265, 0.16138, 0.0692, 0.28306, -0.0501, 0.28705, 0.32436, 0.15793, 0.30948, 0.18538, 0.10212, 0.34597, -0.04517, 0.35789, 0.28198, -0.24635, 0.26382, -0.26572, -0.04402, -0.37181, 0.08167, -0.36541, 0.23933, -0.28545, 0.21851, -0.30171, -0.10037, -0.3587, 0.02414, -0.37173, -0.18626, -0.32266, 0.17415, -0.32129, 0.15097, -0.33283, -0.16675, -0.32516, -0.0496, -0.36208, -0.24225, -0.27369, 0.10322, -0.32814, 0.07974, -0.33463, -0.21247, -0.27051, -0.11084, -0.32566, -0.27299, -0.2094, 0.03261, -0.32707, 0.00936, -0.32856, -0.25146, -0.21161, -0.16718, -0.28302, -0.29617, -0.14266, -0.05756, -0.30804, -0.07923, -0.30318, -0.22863, -0.21433, -0.30917, -0.0514, -0.14812, -0.31157, -0.30377, -0.16362, -0.3435, 0.03248, 0.2777, 0.25758, 0.25437, 0.28062, -0.00289, 0.37871, -0.15452, 0.34577, 0.22733, 0.29013, 0.20137, 0.30868, -0.06089, 0.36346, -0.20153, 0.30854, 0.16766, 0.3155, 0.13975, 0.3288, -0.11985, 0.33655, -0.24475, 0.26024, 0.10243, 0.33186, 0.07333, 0.33944, -0.17592, 0.2994, -0.28121, 0.20372, 0.02896, 0.32783, 5.1E-4, 0.32907, -0.30102, 0.13288, -0.05809, 0.31496, -0.08513, 0.3087, 0.12651, 0.29421, -0.31683, 0.04629, -0.13958, 0.32286, 0.06312, 0.34601, -0.35052, -0.0283, -0.21252, 0.32224, 0.00212, 0.38597, -0.37338, -0.09753 ],
							"curve": "stepped"
						},
						{
							"time": 0.5333,
							"vertices": [ -0.2438, 0.34975, -0.00863, 0.42623, -0.40949, -0.11831, -0.20344, 0.36043, -0.13188, 0.356, -0.16218, 0.3432, -0.04585, 0.37272, -0.07791, 0.36731, 0.04711, 0.42221, 0.01041, 0.42467, 0.12528, 0.41741, 0.0887, 0.42666, -0.22366, 0.37397, 0.206, 0.41605, 0.16923, 0.4323, -0.16824, 0.43264, 0.29231, 0.39799, 0.25676, 0.42176, -0.09671, 0.48418, 0.35254, 0.35632, 0.3204, 0.38547, -0.02532, 0.50056, 0.37608, 0.29607, 0.34906, 0.32748, 0.03502, 0.4773, 0.37819, 0.21812, 0.35789, 0.25, 0.09399, 0.42629, 0.29196, -0.20147, 0.25141, -0.2233, 0.24835, 0.22127, 0.30334, 0.18939, 0.35018, -0.27806, 1.0E-5, -0.44712, -0.11092, -0.43324, 0.33169, -0.35154, -0.06903, -0.47834, 0.29143, -0.39586, -0.12877, -0.47436, 0.23074, -0.42113, 0.20034, -0.43643, -0.2172, -0.42826, 0.13536, -0.40089, 0.10662, -0.40948, -0.25436, -0.33811, 0.05587, -0.43031, 0.02524, -0.43318, -0.32354, -0.28912, -0.04209, -0.38872, -0.06951, -0.38476, -0.13781, -0.35406, -0.16255, -0.3434, -0.3206, -0.20397, -0.37991, 0.00825, -0.20616, -0.35559, -0.37661, -0.16479, -0.2516, -0.34993, -0.40991, -0.13334, -0.28598, -0.30707, -0.41227, -0.07845, -0.38649, 0.16356, -0.28089, 0.30789, -0.06272, 0.412, -0.38179, -0.16689, 0.011, -0.23014, -0.00532, -0.23034, -0.18369, -0.13904, -0.12728, -0.19206, -0.21248, -0.08915, -0.0702, -0.24171, -0.08713, -0.23612, -0.23909, -0.07856, -0.19961, -0.15336, -0.25116, -0.01682, -0.15909, -0.26683, -0.17758, -0.25488, -0.28615, -0.12105, -0.30522, 0.05811, -0.22461, -0.27963, -0.34656, -0.09261, -0.33968, 0.11529, -0.28888, -0.24366, -0.37712, -0.02559, -0.3279, 0.18801, 0.15531, -0.19137, 0.14138, -0.2019, -0.07019, -0.23623, 0.01203, -0.24615, -0.12662, -0.21148, 0.11494, -0.21646, 0.09933, -0.22407, -0.1137, -0.21709, -0.03534, -0.24251, -0.16403, -0.18214, 0.06039, -0.23117, 0.04386, -0.23486, -0.15664, -0.18037, -0.08804, -0.2221, -0.19653, -0.13591, 0.18833, -0.14363, 0.17769, -0.15662, -0.01215, -0.23652, 0.06687, -0.22719, -0.07046, -0.22616, 0.26198, -0.14407, 0.25112, -0.16228, 0.02908, -0.29755, 0.12602, -0.2711, 0.33469, -0.17622, 0.32138, -0.19951, 0.04362, -0.37572, 0.16566, -0.34004, 0.1537, 0.09374, -0.1677, 0.06549, 0.15575, -0.22012, 0.17243, 0.20724, 0.22865, 0.05897, 0.26888, 0.05047, 0.31411, 0.0861, 0.33277, 0.14022, 0.1544, -0.10407, -0.1768, -0.05834, -0.12554, -0.02733, -0.13166, 0.04109, 0.193, -0.0844, -0.18487, -0.10089, 0.19402, -0.23032, 0.23729, -0.06388, 0.27871, -0.07435, 0.31084, -0.10921, 0.32115, -0.15238, 0.20841, 0.2177, 0.19079, 0.07547, -0.17564, 0.10607, 0.21427, 0.02722, 0.21569, 0.01195, 0.14351, -0.16143, 0.18888, -0.10475, 0.19727, -0.08802, 0.09898, -0.19203, 0.15995, 0.14516, 0.20001, 0.14212, 0.23762, 0.13283, 0.32359, 0.11359, 0.24506, -0.15164, 0.21118, 0.12998, 0.21988, 0.11469, 0.24716, -0.02004, 0.248, 0.00139, 0.18149, 0.16897, 0.19448, -0.15393, 0.0985, 0.22758, 0.19257, 0.09358, 0.19874, 0.0797, 0.21063, -0.03838, 0.21319, -0.02004, 0.1704, 0.12964, 0.15391, -0.1489, 0.10412, 0.18709, 0.01004, 0.23178, -0.01003, 0.23175, -0.16432, 0.1637, -0.21617, 0.08407, -0.07302, 0.2489, -0.09425, 0.24161, -0.25909, 0.01094, -0.15059, 0.27469, -0.17375, 0.26058, 0.02724, 0.31204, -0.30846, -0.05419, -0.22138, 0.28488, -0.02598, 0.35984, -0.34088, -0.11795, -0.27955, 0.25412, -0.09146, 0.36654, -0.33046, -0.18292, 0.16363, 0.18507, 0.14703, 0.1985, -0.02626, 0.24561, -0.12254, 0.21447, 0.1279, 0.21218, 0.10907, 0.22243, -0.07039, 0.23751, -0.15972, 0.18935, 0.07373, 0.22676, 0.05384, 0.23226, -0.11767, 0.20734, -0.19094, 0.14275, 0.19452, 0.14812, 0.18099, 0.16437, 0.02183, 0.2435, -0.07764, 0.23182, 0.25569, 0.13981, 0.24265, 0.16138, 0.0692, 0.28306, -0.0501, 0.28705, 0.32436, 0.15793, 0.30948, 0.18538, 0.10212, 0.34597, -0.04517, 0.35789, 0.28198, -0.24635, 0.26382, -0.26572, -0.04402, -0.37181, 0.08167, -0.36541, 0.23933, -0.28545, 0.21851, -0.30171, -0.10037, -0.3587, 0.02414, -0.37173, -0.18626, -0.32266, 0.17415, -0.32129, 0.15097, -0.33283, -0.16675, -0.32516, -0.0496, -0.36208, -0.24225, -0.27369, 0.10322, -0.32814, 0.07974, -0.33463, -0.21247, -0.27051, -0.11084, -0.32566, -0.27299, -0.2094, 0.03261, -0.32707, 0.00936, -0.32856, -0.25146, -0.21161, -0.16718, -0.28302, -0.29617, -0.14266, -0.05756, -0.30804, -0.07923, -0.30318, -0.22863, -0.21433, -0.30917, -0.0514, -0.14812, -0.31157, -0.30377, -0.16362, -0.3435, 0.03248, 0.2777, 0.25758, 0.25437, 0.28062, -0.00289, 0.37871, -0.15452, 0.34577, 0.22733, 0.29013, 0.20137, 0.30868, -0.06089, 0.36346, -0.20153, 0.30854, 0.16766, 0.3155, 0.13975, 0.3288, -0.11985, 0.33655, -0.24475, 0.26024, 0.10243, 0.33186, 0.07333, 0.33944, -0.17592, 0.2994, -0.28121, 0.20372, 0.02896, 0.32783, 5.1E-4, 0.32907, -0.30102, 0.13288, -0.05809, 0.31496, -0.08513, 0.3087, 0.12651, 0.29421, -0.31683, 0.04629, -0.13958, 0.32286, 0.06312, 0.34601, -0.35052, -0.0283, -0.21252, 0.32224, 0.00212, 0.38597, -0.37338, -0.09753 ]
						}
					]
				},
				"zui2": {
					"zui": [
						{ "time": 0 },
						{
							"time": 0.1666,
							"offset": 74,
							"vertices": [ 1.82396, 0.07635, 1.82396, 0.07635, 1.54043, 0.04766, 1.82396, 0.07635, 1.82396, 0.07635, 1.54043, 0.04766, 1.82396, 0.07635, 1.54043, 0.04766 ]
						},
						{ "time": 0.2666 },
						{
							"time": 0.4333,
							"offset": 74,
							"vertices": [ 1.82396, 0.07635, 1.82396, 0.07635, 1.54043, 0.04766, 1.82396, 0.07635, 1.82396, 0.07635, 1.54043, 0.04766, 1.82396, 0.07635, 1.54043, 0.04766 ]
						},
						{ "time": 0.5333 }
					]
				}
			}
		},
		"drawOrder": [
			{ "time": 0 },
			{ "time": 0.5333 }
		]
	}
}
}