{
"skeleton": { "hash": "tRGuL7qKwcoBUwf7oK0BYjHWqJI", "spine": "2.1.27", "width": 127.99, "height": 128.04, "images": "" },
"bones": [
	{ "name": "root" },
	{ "name": "bone", "parent": "root", "length": 42.52, "x": -0.48, "y": 0.16, "rotation": 90.45 },
	{ "name": "bone17", "parent": "bone", "length": 22.74, "x": 9.09, "y": -51.48, "rotation": 88.64 },
	{ "name": "bone2", "parent": "bone", "length": 55.61, "x": 42.52, "y": 0.23, "rotation": -0.9 },
	{ "name": "bone7", "parent": "bone", "length": 23.82, "x": 9.42, "y": 25.86, "rotation": -85.49 },
	{ "name": "bone10", "parent": "bone2", "length": 6.58, "x": 34.76, "y": 11.2, "rotation": 2.25 },
	{ "name": "bone11", "parent": "bone2", "length": 21.3, "x": 23.09, "y": 31.33, "rotation": 171.05 },
	{ "name": "bone14", "parent": "bone2", "length": 22.55, "x": 27.48, "y": -28.34, "rotation": -162.8 },
	{ "name": "bone18", "parent": "bone17", "length": 26.1, "x": 22.74, "y": -0.05, "rotation": -67.34 },
	{ "name": "bone19", "parent": "bone2", "length": 28.22, "x": 54.71, "y": 0.54 },
	{ "name": "bone20", "parent": "bone2", "length": 11.08, "x": 7.94, "y": -1.21, "rotation": -90.45 },
	{ "name": "bone3", "parent": "bone2", "length": 20.64, "x": 41.42, "y": -5.07, "rotation": -64.54 },
	{ "name": "bone4", "parent": "bone2", "length": 22.38, "x": 41.22, "y": 4.53, "rotation": 63.07 },
	{ "name": "bone5", "parent": "bone2", "length": 18.39, "x": 19.01, "y": -6.7, "rotation": -84.73 },
	{ "name": "bone6", "parent": "bone2", "length": 17.97, "x": 19.35, "y": 5.89, "rotation": 89.09 },
	{ "name": "bone8", "parent": "bone7", "length": 27.49, "x": 24.45, "y": -2.54, "rotation": 67.34 },
	{ "name": "bone9", "parent": "bone2", "length": 6.36, "x": 35.02, "y": -12.89, "rotation": 1.81 },
	{ "name": "bone12", "parent": "bone11", "length": 12.65, "x": 21.3, "y": -0.14, "rotation": 25.83 },
	{ "name": "bone15", "parent": "bone14", "length": 15.57, "x": 22.55, "y": -0.02, "rotation": -27.1 },
	{ "name": "bone13", "parent": "bone12", "length": 8, "x": 12.65, "y": 0.04, "rotation": 21.09 },
	{ "name": "bone16", "parent": "bone15", "length": 8.69, "x": 15.56, "y": -0.08, "rotation": -16.65 }
],
"slots": [
	{ "name": "shenti2", "bone": "bone", "attachment": "shenti" },
	{ "name": "tou2", "bone": "bone2", "attachment": "tou" },
	{ "name": "toufa", "bone": "root", "attachment": "toufa" },
	{ "name": "huzi2", "bone": "bone5", "attachment": "huzi" },
	{ "name": "bone3", "bone": "bone2", "attachment": "bizi" },
	{ "name": "touguan", "bone": "bone19", "attachment": "touguan" },
	{ "name": "bone2", "bone": "bone2" },
	{ "name": "youwan2", "bone": "bone7", "attachment": "youwan" },
	{ "name": "yanjing2", "bone": "bone10", "attachment": "yanjing" },
	{ "name": "meimao2", "bone": "bone4", "attachment": "meimao" },
	{ "name": "zui", "bone": "bone20", "attachment": "zui" },
	{ "name": "youshou2", "bone": "bone8", "attachment": "youshou" },
	{ "name": "zuowan2", "bone": "bone17", "attachment": "zuowan" },
	{ "name": "zuoshou2", "bone": "bone18", "attachment": "zuoshou" }
],
"skins": {
	"default": {
		"bone3": {
			"bizi": {
				"type": "mesh",
				"uvs": [ 0.50297, 0.47192, 0.41197, 0.41329, 0.45572, 0.36736, 0.5091, 0.33979, 0.55853, 0.36998, 0.57997, 0.42861 ],
				"triangles": [ 4, 0, 2, 4, 2, 3, 0, 4, 5, 1, 2, 0 ],
				"vertices": [ 13.72, -1.16, 21.14, 10.54, 27.06, 4.98999, 30.64, -1.81, 26.83, -8.16, 19.35, -10.97 ],
				"hull": 6,
				"edges": [ 6, 8, 8, 10, 10, 0, 0, 2, 2, 4, 4, 6 ],
				"width": 128,
				"height": 128
			}
		},
		"huzi2": {
			"huzi": {
				"type": "skinnedmesh",
				"uvs": [ 0.29505, 0.42174, 0.31599, 0.38457, 0.35472, 0.37149, 0.39293, 0.37881, 0.40864, 0.39923, 0.43533, 0.38457, 0.46414, 0.38583, 0.49918, 0.40148, 0.53224, 0.38687, 0.55855, 0.38121, 0.58891, 0.39534, 0.61246, 0.3744, 0.66009, 0.37231, 0.69412, 0.39586, 0.69987, 0.43721, 0.65434, 0.46914, 0.59466, 0.48328, 0.54075, 0.46496, 0.49918, 0.45961, 0.46503, 0.46125, 0.41597, 0.48717, 0.35577, 0.47042, 0.31756, 0.45628, 0.65703, 0.42377, 0.59154, 0.43556, 0.53653, 0.42625, 0.49918, 0.42926, 0.46462, 0.42614, 0.41177, 0.43679, 0.35526, 0.42203 ],
				"triangles": [ 17, 24, 16, 16, 24, 15, 15, 23, 14, 15, 24, 23, 17, 18, 25, 18, 26, 25, 17, 25, 24, 23, 13, 14, 24, 25, 10, 25, 9, 10, 23, 10, 11, 23, 24, 10, 26, 7, 25, 7, 8, 25, 25, 8, 9, 23, 12, 13, 23, 11, 12, 21, 28, 20, 20, 28, 19, 22, 29, 21, 21, 29, 28, 28, 27, 19, 18, 19, 26, 26, 19, 27, 22, 0, 29, 27, 5, 6, 5, 27, 4, 29, 4, 28, 27, 28, 4, 27, 7, 26, 27, 6, 7, 0, 1, 29, 1, 2, 29, 29, 3, 4, 29, 2, 3 ],
				"vertices": [ 1, 14, 19.23, -0.12, 1, 1, 14, 16.66, -4.94, 1, 1, 14, 11.74, -6.73, 1, 1, 14, 6.83, -5.91, 1, 1, 14, 4.76, -3.34, 1, 2, 14, 1.39, -5.3, 0.99159, 13, -13.33, 6.91, 0.0084, 2, 14, -2.29, -5.21999, 0.89954, 13, -9.67, 6.44, 0.10045, 2, 14, -6.82, -3.33, 0.45344, 13, -5.37, 4.07, 0.54654, 2, 14, -11.01, -5.3, 0.06285, 13, -1, 5.58, 0.93713, 2, 14, -14.36, -6.1, 0.00406, 13, 2.41, 6.01, 0.99593, 1, 13, 6.13, 3.89, 1, 1, 13, 9.35999, 6.3, 1, 1, 13, 15.46, 6.06, 1, 1, 13, 19.54999, 2.69, 1, 1, 13, 19.83, -2.64, 1, 1, 13, 13.68, -6.22, 1, 1, 13, 5.92, -7.38, 1, 2, 14, -12.33, 4.66, 0.03156, 13, -0.75, -4.46999, 0.96842, 2, 14, -7, 4.1, 0.43165, 13, -5.99, -3.34, 0.56834, 2, 14, -2.63, 4.41, 0.86422, 13, -10.37, -3.18, 0.13576, 1, 14, 3.56, 7.88, 1, 1, 14, 11.31, 5.92, 1, 1, 14, 16.24, 4.21999, 1, 1, 13, 14.52, -0.46, 1, 1, 13, 6.03, -1.26, 1, 2, 14, -11.68, -0.27, 0.09207, 13, -0.87, 0.51, 0.90792, 2, 14, -6.9, 0.22, 0.4058, 13, -5.67, 0.52, 0.59419, 2, 14, -2.47, -0.07, 0.83705, 13, -10.04, 1.29, 0.16294, 1, 14, 4.25, 1.45, 1, 1, 14, 11.52, -0.26, 1 ],
				"hull": 23,
				"edges": [ 36, 34, 34, 32, 32, 30, 30, 28, 28, 26, 26, 24, 24, 22, 22, 20, 20, 18, 18, 16, 16, 14, 14, 12, 12, 10, 10, 8, 8, 6, 6, 4, 4, 2, 2, 0, 0, 44, 44, 42, 42, 40, 40, 38, 38, 36, 24, 46, 46, 30, 26, 46, 20, 48, 48, 32, 46, 48, 16, 50, 50, 34, 48, 50, 14, 52, 52, 36, 50, 52, 12, 54, 54, 38, 52, 54, 8, 56, 56, 40, 54, 56, 4, 58, 58, 42, 56, 58, 58, 0 ],
				"width": 128,
				"height": 128
			}
		},
		"meimao2": {
			"meimao": {
				"type": "skinnedmesh",
				"uvs": [ 0.29622, 0.24481, 0.31576, 0.21022, 0.36573, 0.19869, 0.64207, 0.20078, 0.69192, 0.21859, 0.70035, 0.26296, 0.66348, 0.30327, 0.60848, 0.33108, 0.55036, 0.33327, 0.43428, 0.3356, 0.3699, 0.32151, 0.31769, 0.28947, 0.52457, 0.30235, 0.56082, 0.28985, 0.60019, 0.26828, 0.61113, 0.22735, 0.5241, 0.31921, 0.48329, 0.30613, 0.46599, 0.32887, 0.39712, 0.23744, 0.40032, 0.26627, 0.43491, 0.28933 ],
				"triangles": [ 19, 21, 20, 19, 17, 21, 12, 17, 19, 18, 21, 17, 18, 17, 16, 0, 1, 11, 10, 11, 20, 9, 10, 21, 19, 2, 15, 19, 11, 1, 19, 1, 2, 11, 19, 20, 10, 20, 21, 9, 21, 18, 9, 18, 8, 4, 15, 3, 14, 15, 6, 13, 14, 7, 8, 13, 7, 15, 4, 5, 6, 15, 5, 7, 14, 6, 14, 13, 15, 15, 13, 12, 8, 12, 13, 16, 12, 8, 16, 17, 12, 15, 2, 3, 15, 12, 19, 18, 16, 8 ],
				"vertices": [ 1, 12, 22.78, 2.44, 1, 1, 12, 22.64, -2.63, 1, 1, 12, 17.68, -6.93, 1, 1, 11, 18.04999, 7.04, 1, 1, 11, 22.87, 2.28, 1, 1, 11, 21.45, -3.31, 1, 1, 11, 14.99, -5.99, 1, 1, 11, 7.1, -6.25, 1, 1, 11, 0.24, -3.36, 1, 1, 12, 1.72, 4.44, 1, 1, 12, 9.85, 6.7, 1, 1, 12, 17.68, 6.21, 1, 1, 11, -1.07, 1.62, 1, 1, 11, 3.8, 1.11, 1, 1, 11, 9.54, 1.48, 1, 1, 11, 13.02, 5.63, 1, 1, 11, -2.03, -0.31, 1, 1, 12, -2.04, -1.82, 1, 1, 12, -1.45, 1.78, 1, 1, 12, 11.81, -4.42, 1, 1, 12, 9.72, -1.36, 1, 1, 12, 4.42999, -0.82, 1 ],
				"hull": 12,
				"edges": [ 24, 26, 26, 28, 28, 30, 30, 6, 6, 8, 8, 10, 10, 12, 12, 14, 14, 16, 16, 32, 32, 24, 34, 36, 36, 18, 18, 20, 20, 22, 22, 0, 0, 2, 2, 4, 4, 38, 38, 40, 40, 42, 42, 34, 16, 18, 4, 6 ],
				"width": 128,
				"height": 128
			}
		},
		"shenti2": {
			"shenti": {
				"type": "mesh",
				"uvs": [ 0.11587, 0.88266, 0.15181, 0.75831, 0.23015, 0.65194, 0.34937, 0.62297, 0.51944, 0.62288, 0.70522, 0.62923, 0.82177, 0.70717, 0.86356, 0.84024, 0.88411, 0.97249, 0.70928, 0.97658, 0.50745, 0.97529, 0.32143, 0.97609, 0.11084, 0.97681, 0.70765, 0.86394, 0.70962, 0.74778, 0.32571, 0.86788, 0.3395, 0.73991, 0.50684, 0.85016, 0.5157, 0.72711 ],
				"triangles": [ 18, 3, 4, 16, 2, 3, 16, 3, 18, 14, 5, 6, 1, 2, 16, 14, 6, 7, 17, 16, 18, 14, 18, 5, 13, 14, 7, 15, 1, 16, 15, 16, 17, 0, 1, 15, 13, 10, 17, 15, 17, 10, 18, 4, 5, 14, 17, 18, 14, 13, 17, 11, 0, 15, 11, 15, 10, 8, 9, 13, 8, 13, 7, 10, 13, 9, 12, 0, 11 ],
				"vertices": [ 11.1, 49.23, 26.98, 44.5, 40.52, 34.37, 44.1, 19.08, 43.94, -2.68, 42.95, -26.45, 32.84999, -41.29, 15.78, -46.51, -1.16, -49.01, -1.51, -26.62, -1.14, -0.79, -1.05999, 23.01, -0.94, 49.96, 12.9, -26.53, 27.77, -26.9, 12.78, 22.35, 29.15, 20.45999, 14.87, -0.84, 30.61, -2.09999 ],
				"hull": 13,
				"edges": [ 16, 14, 14, 12, 12, 10, 10, 8, 8, 6, 6, 4, 4, 2, 2, 0, 0, 24, 24, 22, 22, 20, 20, 18, 18, 16, 18, 26, 26, 28, 28, 10, 22, 30, 30, 32, 32, 6, 20, 34, 34, 36, 36, 8 ],
				"width": 128,
				"height": 128
			}
		},
		"tou2": {
			"tou": {
				"type": "skinnedmesh",
				"uvs": [ 0.27642, 0.58082, 0.28253, 0.52624, 0.28759, 0.48104, 0.27283, 0.35796, 0.28127, 0.25544, 0.33331, 0.22002, 0.44685, 0.19157, 0.61907, 0.21247, 0.71465, 0.26464, 0.71437, 0.38632, 0.71965, 0.467, 0.73002, 0.51465, 0.7324, 0.56633, 0.72337, 0.63244, 0.68358, 0.69387, 0.6042, 0.72923, 0.48524, 0.7358, 0.34311, 0.71223, 0.29951, 0.6465, 0.32996, 0.48661, 0.3544, 0.55913, 0.40487, 0.6112, 0.49228, 0.64694, 0.55077, 0.63144, 0.60558, 0.58098, 0.63541, 0.53152, 0.65947, 0.47643, 0.34311, 0.52563, 0.6473, 0.50431 ],
				"triangles": [ 12, 24, 25, 16, 23, 15, 16, 22, 23, 17, 21, 16, 16, 21, 22, 15, 23, 14, 17, 18, 21, 23, 24, 14, 14, 24, 13, 22, 21, 23, 18, 0, 20, 18, 20, 21, 13, 24, 12, 23, 21, 24, 24, 21, 27, 27, 21, 20, 25, 24, 27, 20, 1, 27, 12, 25, 28, 28, 11, 12, 25, 27, 28, 1, 20, 0, 11, 28, 26, 26, 10, 11, 1, 19, 27, 1, 2, 19, 28, 27, 26, 6, 26, 19, 19, 26, 27, 5, 6, 3, 6, 7, 26, 3, 6, 19, 19, 2, 3, 5, 3, 4, 26, 9, 10, 26, 7, 9, 9, 7, 8 ],
				"vertices": [ 1, 3, 6.3, 28.45, 1, 1, 3, 13.29, 27.74, 1, 1, 3, 19.08, 27.15, 1, 1, 3, 34.82, 29.2, 1, 1, 3, 47.95, 28.25, 1, 1, 3, 52.55, 21.63, 1, 1, 3, 56.34, 7.14, 1, 1, 3, 53.89, -14.92, 1, 1, 3, 47.33, -27.22, 1, 1, 3, 31.76, -27.35, 1, 1, 3, 21.44, -28.13, 1, 1, 3, 15.36, -29.52, 1, 1, 3, 8.74, -29.89, 1, 1, 3, 0.27, -28.82, 1, 1, 3, -7.63, -23.8, 1, 1, 3, -12.26, -13.69, 1, 1, 3, -13.26, 1.52, 1, 1, 3, -10.43, 19.74, 1, 1, 3, -2.07, 25.41, 1, 1, 3, 18.42, 21.72, 1, 1, 3, 9.17, 18.49, 1, 1, 3, 2.58, 11.97, 1, 1, 3, -1.88, 0.73, 1, 1, 3, 0.17, -6.72, 1, 1, 3, 6.7, -13.67, 1, 1, 3, 13.07, -17.43, 1, 1, 3, 20.16, -20.44, 1, 1, 3, 13.45, 19.98, 1, 1, 3, 16.57, -18.91, 1 ],
				"hull": 19,
				"edges": [ 0, 36, 36, 34, 34, 32, 32, 30, 30, 28, 28, 26, 26, 24, 4, 38, 40, 42, 42, 44, 44, 46, 46, 48, 48, 50, 52, 20, 20, 18, 18, 16, 16, 14, 14, 12, 12, 10, 10, 8, 8, 6, 6, 4, 0, 2, 2, 4, 38, 54, 54, 40, 20, 22, 22, 24, 50, 56, 56, 52 ],
				"width": 128,
				"height": 128
			}
		},
		"toufa": {
			"toufa": {
				"type": "skinnedmesh",
				"uvs": [ 0.34193, 0.23516, 0.69543, 0.23605, 0.7294, 0.29511, 0.75715, 0.38361, 0.82465, 0.45411, 0.8479, 0.51036, 0.8359, 0.55311, 0.88015, 0.65811, 0.85015, 0.72936, 0.7894, 0.77136, 0.58113, 0.8132, 0.40357, 0.81235, 0.21597, 0.76805, 0.16895, 0.74003, 0.13737, 0.70644, 0.12494, 0.65201, 0.13423, 0.58851, 0.15027, 0.51188, 0.17118, 0.4504, 0.23989, 0.37523, 0.26588, 0.29284, 0.29503, 0.24087, 0.52092, 0.64762, 0.54569, 0.68161, 0.58841, 0.68307, 0.63066, 0.68161, 0.65591, 0.72046, 0.65542, 0.76513, 0.62386, 0.80155, 0.52578, 0.79281, 0.49762, 0.75687, 0.46216, 0.7933, 0.34822, 0.78419, 0.33171, 0.73952, 0.34774, 0.70262, 0.37396, 0.67446, 0.42542, 0.68611, 0.45213, 0.67203, 0.46621, 0.64775, 0.62593, 0.25349, 0.66371, 0.29188, 0.66736, 0.38267, 0.66919, 0.47347, 0.68138, 0.55817, 0.67272, 0.6149, 0.64281, 0.64617, 0.65459, 0.70145, 0.68042, 0.74133, 0.72664, 0.77395, 0.64818, 0.2368, 0.34867, 0.65101, 0.27503, 0.77001, 0.31933, 0.73851, 0.34197, 0.69373, 0.3174, 0.59105, 0.31125, 0.52076, 0.32646, 0.4504, 0.32419, 0.37587, 0.37299, 0.25164, 0.32989, 0.29537, 0.23001, 0.73941, 0.23598, 0.70031, 0.23476, 0.65152, 0.2275, 0.58981, 0.22546, 0.51603, 0.24351, 0.4504, 0.27304, 0.37548, 0.29971, 0.29315, 0.71972, 0.71185, 0.76379, 0.63387, 0.76411, 0.55546, 0.74328, 0.46424, 0.71014, 0.38312, 0.6807, 0.23629, 0.69146, 0.28996, 0.60474, 0.75048, 0.55911, 0.73442, 0.52598, 0.71247, 0.4871, 0.6477, 0.38761, 0.73801, 0.44151, 0.73305, 0.47393, 0.7127, 0.5013, 0.67136 ],
				"triangles": [ 33, 52, 34, 52, 33, 32, 11, 31, 10, 11, 80, 31, 38, 36, 35, 81, 37, 82, 81, 80, 36, 81, 36, 37, 79, 35, 36, 79, 36, 80, 34, 35, 79, 31, 80, 30, 11, 79, 80, 32, 79, 11, 38, 35, 50, 79, 33, 34, 32, 33, 79, 11, 51, 32, 34, 53, 35, 37, 36, 38, 82, 22, 23, 38, 82, 37, 43, 45, 22, 50, 54, 38, 56, 22, 78, 42, 22, 41, 22, 56, 41, 41, 56, 57, 72, 41, 74, 72, 2, 3, 19, 20, 66, 41, 39, 40, 59, 58, 57, 40, 73, 74, 74, 1, 2, 59, 67, 0, 73, 0, 1, 49, 0, 73, 39, 58, 49, 39, 41, 58, 67, 21, 0, 59, 0, 58, 58, 0, 49, 74, 73, 1, 40, 49, 73, 39, 49, 40, 20, 21, 67, 66, 20, 67, 59, 57, 67, 41, 40, 74, 2, 72, 74, 57, 58, 41, 57, 66, 67, 66, 57, 56, 78, 38, 55, 82, 78, 22, 82, 38, 78, 24, 23, 22, 10, 28, 9, 31, 29, 10, 22, 45, 24, 76, 23, 24, 77, 23, 76, 76, 24, 75, 30, 77, 76, 27, 75, 26, 27, 26, 47, 29, 30, 76, 28, 75, 27, 10, 76, 75, 48, 28, 27, 10, 75, 28, 29, 76, 10, 25, 24, 45, 25, 46, 26, 75, 24, 25, 75, 25, 26, 77, 82, 23, 81, 82, 77, 30, 81, 77, 80, 81, 30, 31, 30, 29, 53, 50, 35, 52, 53, 34, 52, 61, 53, 60, 61, 52, 60, 13, 61, 12, 13, 60, 51, 60, 52, 12, 60, 51, 51, 52, 32, 11, 12, 51, 62, 63, 54, 62, 54, 50, 62, 15, 16, 62, 16, 63, 53, 62, 50, 61, 62, 53, 14, 15, 62, 14, 62, 61, 61, 13, 14, 65, 19, 66, 18, 19, 65, 65, 66, 56, 64, 18, 65, 17, 18, 64, 55, 65, 56, 64, 65, 55, 63, 64, 55, 17, 64, 63, 16, 17, 63, 54, 55, 38, 63, 55, 54, 56, 78, 55, 25, 45, 46, 47, 26, 46, 48, 27, 47, 28, 48, 9, 68, 47, 46, 68, 46, 45, 68, 45, 44, 9, 68, 8, 47, 68, 48, 48, 68, 9, 68, 69, 8, 69, 44, 70, 69, 70, 6, 7, 69, 6, 68, 44, 69, 8, 69, 7, 44, 45, 43, 71, 72, 3, 71, 3, 4, 42, 72, 71, 5, 71, 4, 5, 70, 71, 6, 70, 5, 43, 42, 71, 43, 71, 70, 42, 43, 22, 70, 44, 43, 42, 41, 72 ],
				"vertices": [ 1, 3, 48.87, 19.9, 1, 1, 3, 49.11, -25.34, 1, 1, 3, 41.58, -29.74, 1, 2, 7, -1.17999, 5.65, 0.41, 3, 30.28, -33.39, 0.58999, 3, 7, 9.95, 11.32, 0.7484, 18, -16.37999, 4.36, 0.00159, 3, 21.33, -42.1, 0.25, 2, 7, 17.7, 12.09, 0.85296, 18, -9.83, 8.58, 0.14703, 2, 7, 22.5, 9.04, 0.58581, 18, -4.17, 8.05, 0.41418, 3, 7, 37, 10.59, 0.02972, 18, 8.02, 16.03, 0.80027, 20, -11.84, 13.28, 0.17, 2, 18, 17.68, 13.89, 0.57487, 20, -1.97, 14, 0.42512, 1, 20, 6.34, 9.51, 1, 1, 3, -24.87, -11.29, 1, 1, 3, -24.94, 11.43, 1, 2, 17, 20.4, -6.92, 0.17809, 19, 4.71, -9.28, 0.8219, 2, 17, 15.25, -11.67, 0.55062, 19, -1.79, -11.87, 0.44936, 3, 6, 36.54, -8.7, 0.02481, 17, 9.99, -14.34, 0.71331, 19, -7.66, -12.45, 0.26186, 3, 6, 29.93, -11.4, 0.15629, 17, 2.86, -13.89, 0.76532, 19, -14.15, -9.47, 0.07836, 3, 6, 21.71, -11.56, 0.49943, 17, -4.59, -10.45, 0.49782, 19, -19.87999, -3.58, 0.00273, 2, 6, 11.7, -11.13, 0.9311, 17, -13.42, -5.71, 0.06889, 2, 6, 3.5, -9.78, 0.75, 3, 21.14, 41.54, 0.25, 2, 6, -7.42, -2.67, 0.40279, 3, 30.84, 32.82, 0.59719, 1, 3, 41.41, 29.58, 1, 1, 3, 48.09, 25.9, 1, 1, 3, -3.74, -3.41, 1, 1, 3, -8.06, -6.62, 1, 1, 3, -8.21, -12.09, 1, 1, 3, -7.98, -17.49, 1, 1, 3, -12.92, -20.76, 1, 1, 3, -18.64, -20.75, 1, 1, 3, -23.33, -16.74, 1, 1, 3, -22.31, -4.17999, 1, 1, 3, -17.74, -0.54, 1, 1, 3, -22.44, 3.95, 1, 1, 3, -21.39, 18.54, 1, 1, 3, -15.69, 20.7, 1, 1, 3, -10.95, 18.69, 1, 1, 3, -7.32, 15.36, 1, 1, 3, -8.76, 8.76, 1, 1, 3, -6.93, 5.36, 1, 1, 3, -3.81, 3.58, 1, 1, 3, 46.81, -16.45999, 1, 1, 3, 41.93, -21.33, 1, 2, 7, -4.61, -5.32, 0.39163, 3, 30.31, -21.89, 0.60836, 3, 7, 6.58, -8.43999, 0.69472, 18, -10.37, -14.77, 0.02693, 3, 18.69, -22.22, 0.27833, 3, 7, 17.41, -10.07, 0.77909, 18, 0, -11.29, 0.21977, 20, -11.69, -15.19, 0.00113, 3, 7, 24.05, -13.23, 0.24366, 18, 7.35, -11.07, 0.58633, 20, -4.71999, -12.88, 0.17, 2, 18, 11.97, -14.12, 0.27, 20, 0.58, -14.47, 0.73, 1, 20, 6.2, -9.92, 1, 1, 20, 9.25, -4.66, 1, 1, 20, 10.28, 2.5, 1, 1, 3, 48.96, -19.29, 1, 3, 6, 25.13, 16.82, 0.24086, 17, 10.83, 13.6, 0.3306, 19, 3.18, 13.31, 0.42852, 1, 19, 9.52, -3.44, 1, 1, 19, 9.78, 3.5, 1, 3, 6, 30.66, 16.86, 0.04962, 17, 15.83, 11.23, 0.06324, 19, 7, 9.29, 0.88713, 3, 6, 18.20999, 11.62, 0.57362, 17, 2.33999, 11.93, 0.32961, 19, -5.33, 14.81, 0.09674, 3, 6, 9.46, 9.37, 0.91861, 17, -6.51, 13.72, 0.08102, 19, -12.95, 19.67, 3.6E-4, 3, 6, 0.26, 9.82, 0.71487, 17, -14.59, 18.14, 6.4E-4, 3, 21.3, 21.66, 0.28447, 2, 6, -9.1, 7.98, 0.3634, 3, 30.84, 22.03, 0.63659, 1, 3, 46.79, 15.91, 1, 1, 3, 41.15, 21.38, 1, 2, 17, 17.39, -4.16, 0.0491, 19, 2.9, -5.62, 0.95089, 2, 17, 12.8, -2.01, 0.5, 19, -0.58999, -1.97, 0.5, 1, 17, 6.77, -0.39, 1, 2, 6, 19.93, 0.24, 0.5, 17, -1.05999, 0.94, 0.5, 1, 6, 10.65, -1.55, 1, 2, 6, 1.99, -0.64, 0.75, 3, 21.22, 32.28, 0.25, 2, 6, -8.08, 1.51, 0.38678, 3, 30.84, 28.58, 0.61321, 1, 3, 41.4, 25.25, 1, 2, 18, 18.46999, -2.93, 0.17, 20, 3.6, -1.89, 0.83, 2, 18, 7.64, 0.82, 0.83, 20, -7.84, -1.39, 0.17, 2, 7, 20.12999, 0.16, 0.5, 18, -2.23, -0.93, 0.5, 2, 7, 8.18, 0.97, 0.75, 3, 19.95, -31.69, 0.25, 2, 7, -2.97, -0.09, 0.40337, 3, 30.3, -27.37, 0.59662, 1, 3, 49.06, -23.45, 1, 1, 3, 42.2, -24.88, 1, 1, 3, -16.82, -14.25, 1, 1, 3, -14.81, -8.39, 1, 1, 3, -12.03, -4.13, 1, 1, 3, -3.78, 0.9, 1, 1, 3, -15.44, 13.55, 1, 1, 3, -14.75, 6.65, 1, 1, 3, -12.11, 2.52, 1, 1, 3, -6.79, -0.93, 1 ],
				"hull": 22,
				"edges": [ 44, 46, 46, 48, 48, 50, 50, 52, 52, 54, 54, 56, 56, 20, 20, 58, 58, 60, 60, 62, 62, 22, 22, 64, 64, 66, 66, 68, 68, 70, 70, 72, 72, 74, 74, 76, 78, 80, 80, 82, 82, 84, 84, 86, 86, 88, 88, 90, 90, 92, 92, 94, 94, 96, 96, 18, 18, 16, 16, 14, 14, 12, 12, 10, 10, 8, 8, 6, 6, 4, 4, 2, 98, 78, 30, 28, 28, 26, 26, 24, 24, 102, 102, 104, 104, 106, 106, 100, 100, 108, 32, 30, 108, 110, 32, 34, 34, 36, 112, 110, 112, 114, 36, 38, 38, 40, 40, 42, 42, 0, 0, 116, 116, 118, 118, 114, 26, 120, 120, 104, 24, 120, 28, 122, 122, 106, 120, 122, 100, 124, 124, 30, 122, 124, 108, 126, 126, 32, 124, 126, 110, 128, 128, 34, 126, 128, 36, 130, 130, 112, 128, 130, 114, 132, 132, 38, 130, 132, 0, 134, 134, 132, 118, 134, 134, 40, 90, 136, 136, 18, 94, 136, 88, 138, 138, 14, 136, 138, 86, 140, 140, 12, 138, 140, 84, 142, 142, 8, 140, 142, 82, 144, 144, 6, 142, 144, 2, 146, 146, 98, 144, 148, 148, 146, 4, 148, 148, 80, 18, 20, 20, 22, 22, 24, 0, 2, 20, 150, 150, 50, 54, 150, 48, 152, 152, 58, 150, 152, 46, 154, 154, 60, 152, 154, 44, 156, 156, 76, 22, 158, 158, 70, 66, 158, 62, 160, 160, 72, 158, 160, 60, 162, 162, 74, 160, 162, 154, 164, 164, 156, 162, 164 ],
				"width": 128,
				"height": 128
			}
		},
		"touguan": {
			"touguan": { "x": -37.64, "y": -0.92, "rotation": -89.54, "width": 128, "height": 128 }
		},
		"yanjing2": {
			"yanjing": {
				"type": "skinnedmesh",
				"uvs": [ 0.5898, 0.31188, 0.65699, 0.33032, 0.65418, 0.38532, 0.34838, 0.38437, 0.34088, 0.35937, 0.37744, 0.31531, 0.53636, 0.33782, 0.5523, 0.3747, 0.46588, 0.33875, 0.45494, 0.37875, 0.40088, 0.36031, 0.43213, 0.31531 ],
				"triangles": [ 6, 11, 0, 7, 0, 2, 2, 0, 1, 9, 7, 2, 7, 9, 6, 7, 6, 0, 3, 9, 2, 9, 10, 8, 8, 10, 11, 11, 5, 0, 3, 4, 10, 4, 5, 10, 3, 10, 9, 10, 5, 11, 9, 8, 6, 8, 11, 6 ],
				"vertices": [ 1, 16, 3.89, 0.39, 1, 1, 16, 1.33, -8.14, 1, 1, 16, -5.69, -7.61, 1, 1, 5, -5.17999, 7.9, 1, 1, 5, -1.95, 8.76, 1, 1, 5, 3.53, 3.9, 1, 1, 16, 0.74, 7.31, 1, 1, 16, -4.02, 5.39, 1, 1, 5, 0.17, -7.31, 1, 1, 5, -4.89, -5.75, 1, 1, 5, -2.32, 1.09, 1, 1, 5, 3.3, -3.08, 1 ],
				"hull": 6,
				"edges": [ 12, 14, 14, 4, 4, 2, 2, 0, 0, 12, 16, 18, 18, 20, 20, 6, 6, 8, 8, 10, 10, 22, 22, 16, 4, 6, 10, 0 ],
				"width": 128,
				"height": 128
			}
		},
		"youshou2": {
			"youshou": {
				"type": "mesh",
				"uvs": [ 0.80863, 0.10256, 0.84028, 0.28978, 1, 0.35219, 1, 0.43403, 0.8968, 0.57073, 0.84252, 0.8159, 0.53048, 1, 0.1501, 1, 0, 0.8456, 0, 0.61814, 0.21394, 0.4547, 0.23204, 0.10701, 0.3745, 0, 0.63905, 0 ],
				"triangles": [ 1, 2, 3, 4, 1, 3, 4, 10, 1, 8, 9, 10, 12, 10, 11, 10, 12, 13, 1, 13, 0, 13, 1, 10, 7, 8, 10, 5, 10, 4, 6, 10, 5, 7, 10, 6 ],
				"vertices": [ 27.21, -3.78, 21.19, -6.46, 20.23, -10.63, 17.5, -11.5, 12.22, -10.69, 3.67, -12.11, -4.64, -7.23, -7.3, 1.09, -3.21, 6.02, 4.37, 8.43999, 11.31, 5.49, 23.03, 8.8, 27.59, 6.82, 29.44, 1.02 ],
				"hull": 14,
				"edges": [ 16, 14, 12, 14, 12, 10, 10, 8, 8, 6, 6, 4, 4, 2, 2, 0, 0, 26, 16, 18, 18, 20, 20, 22, 24, 26, 22, 24 ],
				"width": 23,
				"height": 35
			}
		},
		"youwan2": {
			"youwan": { "x": 15.81, "y": 1.4, "rotation": -4.95, "width": 37, "height": 31 }
		},
		"zui": {
			"zui": { "x": 4.65, "y": -0.51, "rotation": 3.75, "width": 12, "height": 15 }
		},
		"zuoshou2": {
			"zuoshou": {
				"type": "mesh",
				"uvs": [ 0.77414, 0.10804, 0.73797, 0.27059, 0.77909, 0.45686, 1, 0.62794, 1, 0.83951, 0.85148, 1, 0.47948, 1, 0.26554, 0.90504, 0.11164, 0.74598, 0.10775, 0.55935, 0, 0.43447, 0, 0.36184, 0.16462, 0.29048, 0.15827, 0.13498, 0.3413, 0, 0.62733, 0, 0.28108, 0.38537, 0.24025, 0.62731 ],
				"triangles": [ 1, 15, 0, 16, 12, 13, 14, 16, 13, 10, 11, 12, 9, 10, 12, 9, 12, 16, 17, 9, 16, 8, 9, 17, 2, 3, 4, 2, 7, 17, 8, 17, 7, 14, 15, 1, 16, 14, 1, 17, 16, 2, 2, 16, 1, 5, 6, 2, 6, 7, 2, 4, 5, 2 ],
				"vertices": [ 21.54, -10.12, 16.57, -7.24, 10.16, -5.7, 2.72, -8.21, -4.15, -5.47, -8.10999, -0.21, -4.94, 7.72, -0.03, 11.07, 6.44, 12.29, 12.54, 9.96, 17.52, 10.64, 19.87999, 9.7, 20.79999, 5.26, 25.91, 3.38, 28.74, -2.27, 26.31, -8.38, 16.71999, 4, 9.2, 8.01 ],
				"hull": 16,
				"edges": [ 20, 18, 18, 16, 16, 14, 14, 12, 10, 12, 8, 10, 8, 6, 6, 4, 4, 2, 2, 0, 0, 30, 28, 30, 28, 26, 20, 22, 26, 24, 24, 32, 32, 34, 34, 14, 22, 24 ],
				"width": 23,
				"height": 35
			}
		},
		"zuowan2": {
			"zuowan": { "x": 13.13, "y": -1.33, "rotation": -179.09, "width": 37, "height": 31 }
		}
	}
},
"animations": {
	"animation": {
		"slots": {
			"bone2": {
				"attachment": [
					{ "time": 0, "name": null },
					{ "time": 0.5, "name": null }
				]
			},
			"bone3": {
				"attachment": [
					{ "time": 0, "name": "bizi" },
					{ "time": 0.5, "name": "bizi" }
				]
			},
			"huzi2": {
				"attachment": [
					{ "time": 0, "name": "huzi" },
					{ "time": 0.5, "name": "huzi" }
				]
			},
			"meimao2": {
				"attachment": [
					{ "time": 0, "name": "meimao" },
					{ "time": 0.5, "name": "meimao" }
				]
			},
			"shenti2": {
				"attachment": [
					{ "time": 0, "name": "shenti" },
					{ "time": 0.5, "name": "shenti" }
				]
			},
			"tou2": {
				"attachment": [
					{ "time": 0, "name": "tou" },
					{ "time": 0.5, "name": "tou" }
				]
			},
			"toufa": {
				"attachment": [
					{ "time": 0, "name": "toufa" },
					{ "time": 0.5, "name": "toufa" }
				]
			},
			"touguan": {
				"attachment": [
					{ "time": 0, "name": "touguan" },
					{ "time": 0.5, "name": "touguan" }
				]
			},
			"yanjing2": {
				"attachment": [
					{ "time": 0, "name": "yanjing" },
					{ "time": 0.5, "name": "yanjing" }
				]
			},
			"youshou2": {
				"attachment": [
					{ "time": 0, "name": "youshou" },
					{ "time": 0.5, "name": "youshou" }
				]
			},
			"youwan2": {
				"attachment": [
					{ "time": 0, "name": "youwan" },
					{ "time": 0.5, "name": "youwan" }
				]
			},
			"zui": {
				"attachment": [
					{ "time": 0, "name": "zui" },
					{ "time": 0.5, "name": "zui" }
				]
			},
			"zuoshou2": {
				"attachment": [
					{ "time": 0, "name": "zuoshou" },
					{ "time": 0.5, "name": "zuoshou" }
				]
			},
			"zuowan2": {
				"attachment": [
					{ "time": 0, "name": "zuowan" },
					{ "time": 0.5, "name": "zuowan" }
				]
			}
		},
		"bones": {
			"root": {
				"rotate": [
					{ "time": 0, "angle": 0, "curve": "stepped" },
					{ "time": 0.5, "angle": 0 }
				],
				"translate": [
					{ "time": 0, "x": 0, "y": 0, "curve": "stepped" },
					{ "time": 0.5, "x": 0, "y": 0 }
				],
				"scale": [
					{ "time": 0, "x": 1, "y": 1, "curve": "stepped" },
					{ "time": 0.5, "x": 1, "y": 1 }
				]
			},
			"bone": {
				"rotate": [
					{ "time": 0, "angle": 0, "curve": "stepped" },
					{ "time": 0.5, "angle": 0 }
				],
				"translate": [
					{ "time": 0, "x": 0, "y": 0, "curve": "stepped" },
					{ "time": 0.5, "x": 0, "y": 0 }
				],
				"scale": [
					{ "time": 0, "x": 1, "y": 1, "curve": "stepped" },
					{ "time": 0.5, "x": 1, "y": 1 }
				]
			},
			"bone2": {
				"rotate": [
					{ "time": 0, "angle": 0 },
					{
						"time": 0.0666,
						"angle": 1.59,
						"curve": [ 0.25, 0, 0.75, 1 ]
					},
					{
						"time": 0.1666,
						"angle": -2.35,
						"curve": [ 0.25, 0, 0.75, 1 ]
					},
					{
						"time": 0.3,
						"angle": 1.59,
						"curve": [ 0.25, 0, 0.75, 1 ]
					},
					{
						"time": 0.4,
						"angle": -2.35,
						"curve": [ 0.25, 0, 0.75, 1 ]
					},
					{ "time": 0.5, "angle": 0 }
				],
				"translate": [
					{ "time": 0, "x": 0, "y": 0 },
					{
						"time": 0.0666,
						"x": -2.63,
						"y": 0.02,
						"curve": [ 0.25, 0, 0.75, 1 ]
					},
					{
						"time": 0.1666,
						"x": 0,
						"y": 0,
						"curve": [ 0.25, 0, 0.75, 1 ]
					},
					{
						"time": 0.3,
						"x": -2.63,
						"y": 0.02,
						"curve": [ 0.25, 0, 0.75, 1 ]
					},
					{ "time": 0.4, "x": 0, "y": 0, "curve": "stepped" },
					{ "time": 0.5, "x": 0, "y": 0 }
				],
				"scale": [
					{ "time": 0, "x": 1, "y": 1 },
					{
						"time": 0.1,
						"x": 1.046,
						"y": 1.046,
						"curve": [ 0.25, 0, 0.75, 1 ]
					},
					{
						"time": 0.2,
						"x": 1,
						"y": 1,
						"curve": [ 0.25, 0, 0.75, 1 ]
					},
					{
						"time": 0.3333,
						"x": 1.046,
						"y": 1.046,
						"curve": [ 0.25, 0, 0.75, 1 ]
					},
					{ "time": 0.4333, "x": 1, "y": 1, "curve": "stepped" },
					{ "time": 0.5, "x": 1, "y": 1 }
				]
			},
			"bone10": {
				"rotate": [
					{ "time": 0, "angle": 0, "curve": "stepped" },
					{ "time": 0.5, "angle": 0 }
				],
				"translate": [
					{ "time": 0, "x": 0, "y": 0 },
					{ "time": 0.1333, "x": 2.09, "y": 0.06 },
					{ "time": 0.2666, "x": 0.03, "y": 0.04 },
					{ "time": 0.4, "x": 1.65, "y": 0.1 },
					{ "time": 0.5, "x": 0, "y": 0 }
				],
				"scale": [
					{ "time": 0, "x": 1, "y": 1, "curve": "stepped" },
					{ "time": 0.5, "x": 1, "y": 1 }
				]
			},
			"bone3": {
				"rotate": [
					{ "time": 0, "angle": 0 },
					{
						"time": 0.1,
						"angle": -10.47,
						"curve": [ 0.25, 0, 0.75, 1 ]
					},
					{
						"time": 0.2,
						"angle": 9.9,
						"curve": [ 0.25, 0, 0.75, 1 ]
					},
					{
						"time": 0.3,
						"angle": -10.47,
						"curve": [ 0.25, 0, 0.75, 1 ]
					},
					{
						"time": 0.4,
						"angle": 12.93,
						"curve": [ 0.25, 0, 0.75, 1 ]
					},
					{ "time": 0.5, "angle": 0 }
				],
				"translate": [
					{ "time": 0, "x": 0, "y": 0, "curve": "stepped" },
					{ "time": 0.5, "x": 0, "y": 0 }
				],
				"scale": [
					{ "time": 0, "x": 1, "y": 1, "curve": "stepped" },
					{ "time": 0.5, "x": 1, "y": 1 }
				]
			},
			"bone4": {
				"rotate": [
					{ "time": 0, "angle": 0 },
					{ "time": 0.1, "angle": 12.16 },
					{ "time": 0.2, "angle": -8.9 },
					{ "time": 0.3, "angle": 11.67 },
					{ "time": 0.4, "angle": -8.06 },
					{ "time": 0.5, "angle": 0 }
				],
				"translate": [
					{ "time": 0, "x": 0, "y": 0, "curve": "stepped" },
					{ "time": 0.5, "x": 0, "y": 0 }
				],
				"scale": [
					{ "time": 0, "x": 1, "y": 1, "curve": "stepped" },
					{ "time": 0.5, "x": 1, "y": 1 }
				]
			},
			"bone5": {
				"rotate": [
					{ "time": 0, "angle": 0 },
					{ "time": 0.1, "angle": -16.93 },
					{ "time": 0.1666, "angle": 0 },
					{ "time": 0.2666, "angle": -16.93 },
					{ "time": 0.3333, "angle": 0 },
					{ "time": 0.4333, "angle": -16.93 },
					{ "time": 0.5, "angle": 0 }
				],
				"translate": [
					{ "time": 0, "x": 0, "y": 0, "curve": "stepped" },
					{ "time": 0.5, "x": 0, "y": 0 }
				],
				"scale": [
					{ "time": 0, "x": 1, "y": 1, "curve": "stepped" },
					{ "time": 0.5, "x": 1, "y": 1 }
				]
			},
			"bone6": {
				"rotate": [
					{ "time": 0, "angle": 0 },
					{ "time": 0.1, "angle": 14.9 },
					{ "time": 0.1666, "angle": 0 },
					{ "time": 0.2666, "angle": 14.9 },
					{ "time": 0.3333, "angle": 0 },
					{ "time": 0.4333, "angle": 14.9 },
					{ "time": 0.5, "angle": 0 }
				],
				"translate": [
					{ "time": 0, "x": 0, "y": 0, "curve": "stepped" },
					{ "time": 0.5, "x": 0, "y": 0 }
				],
				"scale": [
					{ "time": 0, "x": 1, "y": 1, "curve": "stepped" },
					{ "time": 0.5, "x": 1, "y": 1 }
				]
			},
			"bone9": {
				"rotate": [
					{ "time": 0, "angle": 0, "curve": "stepped" },
					{ "time": 0.5, "angle": 0 }
				],
				"translate": [
					{
						"time": 0,
						"x": 0,
						"y": 0,
						"curve": [ 0.25, 0, 0.75, 1 ]
					},
					{
						"time": 0.1333,
						"x": 2.03,
						"y": 0,
						"curve": [ 0.25, 0, 0.75, 1 ]
					},
					{
						"time": 0.2666,
						"x": 0,
						"y": 0,
						"curve": [ 0.25, 0, 0.75, 1 ]
					},
					{
						"time": 0.4,
						"x": 2.03,
						"y": 0,
						"curve": [ 0.25, 0, 0.75, 1 ]
					},
					{ "time": 0.5, "x": 0, "y": 0 }
				],
				"scale": [
					{ "time": 0, "x": 1, "y": 1, "curve": "stepped" },
					{ "time": 0.5, "x": 1, "y": 1 }
				]
			},
			"bone14": {
				"rotate": [
					{
						"time": 0,
						"angle": 0,
						"curve": [ 0.25, 0, 0.75, 1 ]
					},
					{ "time": 0.1666, "angle": 9.21, "curve": "stepped" },
					{
						"time": 0.4,
						"angle": 9.21,
						"curve": [ 0.25, 0, 0.75, 1 ]
					},
					{ "time": 0.5, "angle": 0 }
				],
				"translate": [
					{ "time": 0, "x": 0, "y": 0, "curve": "stepped" },
					{ "time": 0.5, "x": 0, "y": 0 }
				],
				"scale": [
					{ "time": 0, "x": 1, "y": 1, "curve": "stepped" },
					{ "time": 0.5, "x": 1, "y": 1 }
				]
			},
			"bone15": {
				"rotate": [
					{
						"time": 0,
						"angle": 0,
						"curve": [ 0.25, 0, 0.75, 1 ]
					},
					{
						"time": 0.1,
						"angle": -11.56,
						"curve": [ 0.25, 0, 0.75, 1 ]
					},
					{
						"time": 0.2333,
						"angle": 8.37,
						"curve": [ 0.25, 0, 0.75, 1 ]
					},
					{
						"time": 0.3333,
						"angle": -11.56,
						"curve": [ 0.25, 0, 0.75, 1 ]
					},
					{
						"time": 0.4666,
						"angle": 8.37,
						"curve": [ 0.25, 0, 0.75, 1 ]
					},
					{ "time": 0.5, "angle": 0 }
				],
				"translate": [
					{ "time": 0, "x": 0, "y": 0, "curve": "stepped" },
					{ "time": 0.5, "x": 0, "y": 0 }
				],
				"scale": [
					{ "time": 0, "x": 1, "y": 1, "curve": "stepped" },
					{ "time": 0.5, "x": 1, "y": 1 }
				]
			},
			"bone16": {
				"rotate": [
					{ "time": 0, "angle": 0, "curve": "stepped" },
					{ "time": 0.5, "angle": 0 }
				],
				"translate": [
					{ "time": 0, "x": 0, "y": 0, "curve": "stepped" },
					{ "time": 0.5, "x": 0, "y": 0 }
				],
				"scale": [
					{ "time": 0, "x": 1, "y": 1, "curve": "stepped" },
					{ "time": 0.5, "x": 1, "y": 1 }
				]
			},
			"bone11": {
				"rotate": [
					{
						"time": 0,
						"angle": 0,
						"curve": [ 0.25, 0, 0.75, 1 ]
					},
					{ "time": 0.1666, "angle": -6.36, "curve": "stepped" },
					{
						"time": 0.4,
						"angle": -6.36,
						"curve": [ 0.25, 0, 0.75, 1 ]
					},
					{ "time": 0.5, "angle": 0 }
				],
				"translate": [
					{ "time": 0, "x": 0, "y": 0, "curve": "stepped" },
					{ "time": 0.5, "x": 0, "y": 0 }
				],
				"scale": [
					{ "time": 0, "x": 1, "y": 1, "curve": "stepped" },
					{ "time": 0.5, "x": 1, "y": 1 }
				]
			},
			"bone12": {
				"rotate": [
					{
						"time": 0,
						"angle": 0,
						"curve": [ 0.25, 0, 0.75, 1 ]
					},
					{
						"time": 0.0666,
						"angle": 9.02,
						"curve": [ 0.25, 0, 0.75, 1 ]
					},
					{
						"time": 0.2333,
						"angle": -4.58,
						"curve": [ 0.25, 0, 0.75, 1 ]
					},
					{
						"time": 0.3,
						"angle": 9.02,
						"curve": [ 0.25, 0, 0.75, 1 ]
					},
					{
						"time": 0.4666,
						"angle": -4.58,
						"curve": [ 0.25, 0, 0.75, 1 ]
					},
					{ "time": 0.5, "angle": 0 }
				],
				"translate": [
					{ "time": 0, "x": 0, "y": 0, "curve": "stepped" },
					{ "time": 0.5, "x": 0, "y": 0 }
				],
				"scale": [
					{ "time": 0, "x": 1, "y": 1, "curve": "stepped" },
					{ "time": 0.5, "x": 1, "y": 1 }
				]
			},
			"bone13": {
				"rotate": [
					{ "time": 0, "angle": 0, "curve": "stepped" },
					{ "time": 0.5, "angle": 0 }
				],
				"translate": [
					{ "time": 0, "x": 0, "y": 0, "curve": "stepped" },
					{ "time": 0.5, "x": 0, "y": 0 }
				],
				"scale": [
					{ "time": 0, "x": 1, "y": 1, "curve": "stepped" },
					{ "time": 0.5, "x": 1, "y": 1 }
				]
			},
			"bone19": {
				"rotate": [
					{ "time": 0, "angle": 0 },
					{ "time": 0.0666, "angle": 2.36 },
					{ "time": 0.1666, "angle": -0.61 },
					{ "time": 0.2666, "angle": -4.3 },
					{ "time": 0.3666, "angle": 1.97 },
					{ "time": 0.5, "angle": 0 }
				],
				"translate": [
					{ "time": 0, "x": 0, "y": 0 },
					{ "time": 0.0666, "x": 1.7, "y": -0.03, "curve": "stepped" },
					{ "time": 0.2666, "x": 1.7, "y": -0.03 },
					{ "time": 0.5, "x": 0, "y": 0 }
				],
				"scale": [
					{ "time": 0, "x": 1, "y": 1, "curve": "stepped" },
					{ "time": 0.5, "x": 1, "y": 1 }
				]
			},
			"bone17": {
				"rotate": [
					{ "time": 0, "angle": 0, "curve": "stepped" },
					{ "time": 0.5, "angle": 0 }
				],
				"translate": [
					{ "time": 0, "x": -0.04, "y": -5.73 },
					{ "time": 0.0666, "x": 0.03, "y": 3.95, "curve": "stepped" },
					{ "time": 0.1, "x": 0.03, "y": 3.95 },
					{ "time": 0.1666, "x": -0.04, "y": -5.73 },
					{ "time": 0.2333, "x": 0.03, "y": 3.95, "curve": "stepped" },
					{ "time": 0.2666, "x": 0.03, "y": 3.95 },
					{ "time": 0.3333, "x": 0.17, "y": 22.65 },
					{ "time": 0.4, "x": 0.3, "y": 39.36, "curve": "stepped" },
					{ "time": 0.4333, "x": 0.3, "y": 39.36 },
					{ "time": 0.5, "x": -0.04, "y": -5.73 }
				],
				"scale": [
					{ "time": 0, "x": 1, "y": 1, "curve": "stepped" },
					{ "time": 0.5, "x": 1, "y": 1 }
				]
			},
			"bone7": {
				"rotate": [
					{ "time": 0, "angle": 0, "curve": "stepped" },
					{ "time": 0.5, "angle": 0 }
				],
				"translate": [
					{ "time": 0, "x": 0.05, "y": 6.94 },
					{ "time": 0.0666, "x": -0.04, "y": -6.18, "curve": "stepped" },
					{ "time": 0.1, "x": -0.04, "y": -6.18 },
					{ "time": 0.1666, "x": 0.05, "y": 6.94 },
					{ "time": 0.2333, "x": -0.04, "y": -6.18, "curve": "stepped" },
					{ "time": 0.2666, "x": -0.04, "y": -6.18 },
					{ "time": 0.3333, "x": 0.27, "y": 35.33 },
					{ "time": 0.4, "x": 0.22, "y": 29.21, "curve": "stepped" },
					{ "time": 0.4333, "x": 0.22, "y": 29.21 },
					{ "time": 0.5, "x": 0.05, "y": 6.94 }
				],
				"scale": [
					{ "time": 0, "x": 1, "y": 1, "curve": "stepped" },
					{ "time": 0.5, "x": 1, "y": 1 }
				]
			},
			"bone18": {
				"rotate": [
					{ "time": 0, "angle": 0 },
					{ "time": 0.0666, "angle": -4.72 },
					{ "time": 0.1, "angle": -0.75 },
					{ "time": 0.1333, "angle": 11.46 },
					{ "time": 0.2, "angle": -9.28 },
					{ "time": 0.2666, "angle": 0.3 },
					{ "time": 0.3333, "angle": 7.99 },
					{ "time": 0.4, "angle": -5.81 },
					{ "time": 0.4333, "angle": -1.63 },
					{ "time": 0.5, "angle": 0 }
				],
				"translate": [
					{ "time": 0, "x": 0, "y": 0, "curve": "stepped" },
					{ "time": 0.5, "x": 0, "y": 0 }
				],
				"scale": [
					{ "time": 0, "x": 1, "y": 1, "curve": "stepped" },
					{ "time": 0.5, "x": 1, "y": 1 }
				]
			},
			"bone20": {
				"rotate": [
					{ "time": 0, "angle": 0, "curve": "stepped" },
					{ "time": 0.5, "angle": 0 }
				],
				"translate": [
					{ "time": 0, "x": 0, "y": 0, "curve": "stepped" },
					{ "time": 0.5, "x": 0, "y": 0 }
				],
				"scale": [
					{ "time": 0, "x": 1, "y": 1 },
					{ "time": 0.0666, "x": 1.334, "y": 1.334 },
					{ "time": 0.1333, "x": 0.677, "y": 0.677 },
					{ "time": 0.2, "x": 1.414, "y": 1.414 },
					{ "time": 0.3, "x": -0.864, "y": 0.705 },
					{ "time": 0.3666, "x": -1.335, "y": 1.296 },
					{ "time": 0.4333, "x": -0.864, "y": 0.705 },
					{ "time": 0.5, "x": 1, "y": 1 }
				]
			},
			"bone8": {
				"rotate": [
					{ "time": 0, "angle": 0 },
					{ "time": 0.0666, "angle": 5.85 },
					{ "time": 0.1, "angle": 1.13 },
					{ "time": 0.1333, "angle": -12.37 },
					{ "time": 0.2, "angle": 5.72 },
					{ "time": 0.2666, "angle": -1.6 },
					{ "time": 0.3333, "angle": -10.04 },
					{ "time": 0.4, "angle": 5.85 },
					{ "time": 0.4333, "angle": 1.13 },
					{ "time": 0.4666, "angle": -4.71 },
					{ "time": 0.5, "angle": 0 }
				],
				"translate": [
					{ "time": 0, "x": 0, "y": 0, "curve": "stepped" },
					{ "time": 0.5, "x": 0, "y": 0 }
				],
				"scale": [
					{ "time": 0, "x": 1, "y": 1, "curve": "stepped" },
					{ "time": 0.5, "x": 1, "y": 1 }
				]
			}
		},
		"ffd": {
			"default": {
				"bone3": {
					"bizi": [
						{ "time": 0, "curve": "stepped" },
						{ "time": 0.5 }
					]
				},
				"huzi2": {
					"huzi": [
						{ "time": 0, "curve": "stepped" },
						{ "time": 0.5 }
					]
				},
				"meimao2": {
					"meimao": [
						{ "time": 0, "curve": "stepped" },
						{ "time": 0.5 }
					]
				},
				"shenti2": {
					"shenti": [
						{
							"time": 0,
							"curve": [ 0.297, 0, 0.634, 0.36 ]
						},
						{
							"time": 0.0666,
							"offset": 18,
							"vertices": [ 0.0333, 4.23686, 0, 0, -0.04382, -5.57482, 0, 0, 0.0333, 4.23686, 0.0333, 4.23686, -0.04382, -5.57482, -0.04382, -5.57482 ],
							"curve": [ 0.3, 0.21, 0.755, 1 ]
						},
						{
							"time": 0.1666,
							"curve": [ 0.297, 0, 0.634, 0.36 ]
						},
						{
							"time": 0.2333,
							"offset": 18,
							"vertices": [ 0.0333, 4.23686, 0, 0, -0.04382, -5.57482, 0, 0, 0.0333, 4.23686, 0.0333, 4.23686, -0.04382, -5.57482, -0.04382, -5.57482 ],
							"curve": [ 0.3, 0.21, 0.755, 1 ]
						},
						{
							"time": 0.3333,
							"curve": [ 0.297, 0, 0.634, 0.36 ]
						},
						{
							"time": 0.4,
							"offset": 18,
							"vertices": [ 0.0333, 4.23686, 0, 0, -0.04382, -5.57482, 0, 0, 0.0333, 4.23686, 0.0333, 4.23686, -0.04382, -5.57482, -0.04382, -5.57482 ],
							"curve": [ 0.3, 0.21, 0.755, 1 ]
						},
						{ "time": 0.5 }
					]
				},
				"tou2": {
					"tou": [
						{ "time": 0, "curve": "stepped" },
						{ "time": 0.5 }
					]
				},
				"toufa": {
					"toufa": [
						{ "time": 0, "curve": "stepped" },
						{ "time": 0.5 }
					]
				},
				"yanjing2": {
					"yanjing": [
						{ "time": 0, "curve": "stepped" },
						{ "time": 0.5 }
					]
				},
				"youshou2": {
					"youshou": [
						{ "time": 0 },
						{
							"time": 0.1,
							"offset": 2,
							"vertices": [ 0.07597, 0.58602, -1.16412, 3.91036, -1.16412, 3.91036, -0.40471, 1.56976 ]
						},
						{ "time": 0.1666 },
						{
							"time": 0.2333,
							"offset": 2,
							"vertices": [ 0.07597, 0.58602, -1.16412, 3.91036, -1.16412, 3.91036, -0.40471, 1.56976 ]
						},
						{ "time": 0.3333 },
						{
							"time": 0.4333,
							"offset": 2,
							"vertices": [ 0.07597, 0.58602, -1.16412, 3.91036, -1.16412, 3.91036, -0.40471, 1.56976 ]
						},
						{ "time": 0.5 }
					]
				},
				"zuoshou2": {
					"zuoshou": [
						{ "time": 0, "curve": "stepped" },
						{ "time": 0.0333 },
						{
							"time": 0.1,
							"offset": 16,
							"vertices": [ -1.10887, -2.7053, -1.06822, -2.78359, -2.16795, -5.26464, -2.14152, -5.32401, -0.65675, -1.71139, -0.79775, -1.956, 0, 0, 0, 0, 0.2395, 0.62408 ]
						},
						{ "time": 0.1333 },
						{
							"time": 0.2333,
							"offset": 16,
							"vertices": [ -1.10887, -2.7053, -1.06822, -2.78359, -2.16795, -5.26464, -2.14152, -5.32401, -0.65675, -1.71139, -0.79775, -1.956, 0, 0, 0, 0, 0.2395, 0.62408 ]
						},
						{ "time": 0.3333 },
						{
							"time": 0.4,
							"offset": 16,
							"vertices": [ -1.10887, -2.7053, -1.06822, -2.78359, -2.16795, -5.26464, -2.14152, -5.32401, -0.65675, -1.71139, -0.79775, -1.956, 0, 0, 0, 0, 0.2395, 0.62408 ]
						},
						{ "time": 0.5 }
					]
				}
			}
		},
		"drawOrder": [
			{ "time": 0 },
			{ "time": 0.5 }
		]
	}
}
}