<skeleton name="xuxian_kuang" frameRate="24" version="2.2">
 <armatures>
  <armature name="j003">
   <b name="p" x="0" y="0" kX="0" kY="0" cX="1" cY="1" pX="0" pY="0" z="0">
    <d name="p" pX="30.4" pY="68.6"/>
    <d name="Empty" pX="0" pY="0"/>
   </b>
  </armature>
 </armatures>
 <animations>
  <animation name="j003">
   <mov name="j3" dr="17" to="6" drTW="17" lp="1" twE="NaN">
    <b name="p" sc="1" dl="0">
     <f x="0" y="0" cocos2d_x="0" cocos2d_y="0" kX="0" kY="0" cX="1" cY="1" pX="0" pY="0" z="0" dI="0" dr="8"/>
     <f x="0" y="0" cocos2d_x="0" cocos2d_y="0" kX="0" kY="0" cX="1" cY="1" pX="0" pY="0" z="0" dI="1" dr="9"/>
    </b>
   </mov>
  </animation>
 </animations>
 <TextureAtlas name="xuxian_kuang" width="128" height="256">
  <SubTexture name="Empty" width="16" height="16" cocos2d_pX="0" cocos2d_pY="0" x="63" y="0"/>
  <SubTexture name="p" width="61" height="138" cocos2d_pX="28.4" cocos2d_pY="66.6" x="0" y="0"/>
 </TextureAtlas>
</skeleton>