{
"skeleton": { "hash": "eSK6LhkRYW7ftuoqMNy5Ya3lq34", "spine": "2.1.27", "width": 128.02, "height": 127, "images": "" },
"bones": [
	{ "name": "root" },
	{ "name": "bone", "parent": "root", "length": 43.8, "x": 0.6, "y": 0.31, "rotation": 90 },
	{ "name": "bone21", "parent": "root", "x": 4.73, "y": 105.12 },
	{ "name": "bone2", "parent": "bone", "length": 48.87, "x": 43.8, "y": -0.18, "rotation": -0.45 },
	{ "name": "bone4", "parent": "bone", "length": 23.55, "x": 25.11, "y": 55.8, "rotation": -25.65 },
	{ "name": "bone6", "parent": "bone", "length": 22.29, "x": 24.77, "y": -52.49, "rotation": 20.05 },
	{ "name": "bone10", "parent": "bone2", "length": 21.85, "x": 40.25, "y": -4.89, "rotation": -62.53 },
	{ "name": "bone11", "parent": "bone2", "length": 23, "x": 40.16, "y": 6.03, "rotation": 62.18 },
	{ "name": "bone12", "parent": "bone2", "length": 19.38, "x": 26.61, "y": -5.99, "rotation": -89.54 },
	{ "name": "bone13", "parent": "bone2", "length": 18.92, "x": 26.97, "y": 5.86, "rotation": 91.35 },
	{ "name": "bone14", "parent": "bone2", "length": 47.46, "x": 30.28, "y": 28.21, "rotation": 173.7 },
	{ "name": "bone15", "parent": "bone2", "length": 49.82, "x": 33.51, "y": -27.15, "rotation": -174.55 },
	{ "name": "bone16", "parent": "bone2", "length": 17.15, "x": -11.08, "y": 4.13, "rotation": 115.28 },
	{ "name": "bone17", "parent": "bone2", "length": 18.25, "x": -10.03, "y": -2.86, "rotation": -115.56 },
	{ "name": "bone18", "parent": "bone2", "length": 15.68, "x": 8.01, "y": 1.04, "rotation": -0.45 },
	{ "name": "bone19", "parent": "bone2", "length": 11.12, "x": 3.22, "y": -0.27, "rotation": 179.09 },
	{ "name": "bone20", "parent": "bone2", "length": 12.52, "x": 34.87, "y": -0.22 },
	{ "name": "bone3", "parent": "bone2", "length": 30.05, "x": 57.91, "y": -0.3, "rotation": 1.23 },
	{ "name": "bone5", "parent": "bone4", "length": 23.02, "x": 23.55, "y": -0.13, "rotation": -2.7 },
	{ "name": "bone7", "parent": "bone6", "length": 21.46, "x": 22.29, "y": 0.02, "rotation": 8.5 },
	{ "name": "bone22", "parent": "bone5", "x": 11.96, "y": 4.99 },
	{ "name": "bone23", "parent": "bone7", "x": 11.9, "y": -7.34 },
	{ "name": "bone8", "parent": "bone5", "length": 64.54, "x": 14.62, "y": 2.7, "rotation": 30.08 },
	{ "name": "bone9", "parent": "bone7", "length": 69.35, "x": 10.3, "y": -1.53, "rotation": -30.22 }
],
"slots": [
	{ "name": "shenti", "bone": "bone", "attachment": "shenti" },
	{ "name": "tou2", "bone": "bone2", "attachment": "tou" },
	{ "name": "toufa2", "bone": "bone15", "attachment": "toufa" },
	{ "name": "touguan", "bone": "bone3", "attachment": "touguan" },
	{ "name": "huzi2", "bone": "bone12", "attachment": "huzi" },
	{ "name": "zui2", "bone": "bone18", "attachment": "zui" },
	{ "name": "bone2", "bone": "bone2", "attachment": "bizi" },
	{ "name": "yanjing2", "bone": "bone20", "attachment": "yanjing" },
	{ "name": "meimao2", "bone": "bone10", "attachment": "meimao" },
	{ "name": "youwan2", "bone": "bone4", "attachment": "youwan" },
	{ "name": "youqiang", "bone": "bone8", "attachment": "youqiang" },
	{ "name": "youshou2", "bone": "bone5", "attachment": "youshou" },
	{ "name": "zuowan2", "bone": "bone6", "attachment": "zuowan" },
	{ "name": "zuoqiang2", "bone": "bone9", "attachment": "zuoqiang" },
	{ "name": "zuoshou2", "bone": "bone7", "attachment": "zuoshou" },
	{ "name": "zibei2", "bone": "bone21", "attachment": "zibei" },
	{ "name": "bone21", "bone": "bone21", "attachment": "zi" },
	{ "name": "zuoquan1", "bone": "bone23" },
	{ "name": "youquan1", "bone": "bone22" }
],
"skins": {
	"default": {
		"bone2": {
			"bizi": { "x": 29.05, "y": 0.25, "rotation": -89.54, "width": 18, "height": 14 }
		},
		"bone21": {
			"zi": { "x": 4.52, "y": -0.44, "width": 59, "height": 19 }
		},
		"huzi2": {
			"huzi": {
				"type": "skinnedmesh",
				"uvs": [ 1, 0.27344, 1, 0.73497, 0.86321, 1, 0.67121, 1, 0.49822, 0.90805, 0.33106, 1, 0.11763, 1, 0, 0.7147, 0, 0.44385, 0, 0.24077, 0.09893, 0, 0.31787, 0, 0.49922, 0.25806, 0.64521, 0.1196, 0.79721, 0, 0.90021, 0, 0.83047, 0.50389, 0.65735, 0.53071, 0.49878, 0.54011, 0.32491, 0.53386, 0.1076, 0.46353 ],
				"triangles": [ 4, 5, 19, 19, 6, 20, 5, 6, 19, 20, 6, 7, 4, 19, 18, 7, 8, 20, 18, 19, 12, 12, 19, 11, 19, 20, 11, 10, 11, 20, 10, 20, 9, 20, 8, 9, 16, 1, 2, 3, 4, 17, 4, 18, 17, 16, 2, 17, 17, 2, 3, 16, 0, 1, 17, 18, 12, 16, 17, 13, 17, 12, 13, 0, 16, 14, 0, 14, 15, 13, 14, 16 ],
				"vertices": [ 1, 8, 18.76, 2.93, 1, 1, 8, 18.76, -3.06, 1, 2, 8, 11.92, -6.5, 0.99845, 9, -23.66, 7.33, 0.00154, 2, 8, 2.32, -6.5, 0.86854, 9, -14.06, 7.18, 0.13145, 2, 8, -6.32, -5.31, 0.46829, 9, -5.43, 5.85, 0.5317, 2, 8, -14.68, -6.5, 0.12259, 9, 2.93, 6.91, 0.8774, 2, 8, -25.35, -6.5, 0.0025, 9, 13.6, 6.75, 0.99749, 1, 9, 19.43, 2.95, 1, 1, 9, 19.37, -0.56, 1, 1, 9, 19.33, -3.2, 1, 1, 9, 14.34, -6.26, 1, 2, 8, -15.34, 6.49, 0.11404, 9, 3.39, -6.09, 0.88595, 2, 8, -6.27, 3.13, 0.46064, 9, -5.61, -2.58999, 0.53936, 2, 8, 1.02, 4.92999, 0.86339, 9, -12.94, -4.28, 0.1366, 2, 8, 8.62, 6.49, 0.99935, 9, -20.56, -5.71, 6.4E-4, 1, 8, 13.77, 6.49, 1, 1, 8, 10.28, -0.05, 1, 2, 8, 1.62, -0.4, 0.87604, 9, -13.47, 1.07, 0.12395, 2, 8, -6.29, -0.52, 0.4651, 9, -5.54, 1.05999, 0.53489, 2, 8, -14.99, -0.44, 0.07979, 9, 3.15, 0.85, 0.9202, 1, 9, 14, -0.22, 1 ],
				"hull": 16,
				"edges": [ 8, 6, 24, 26, 26, 28, 28, 30, 0, 30, 0, 2, 4, 6, 2, 4, 24, 22, 20, 22, 20, 18, 14, 12, 10, 12, 8, 10, 4, 32, 32, 28, 0, 32, 6, 34, 34, 26, 32, 34, 8, 36, 36, 24, 34, 36, 10, 38, 38, 22, 36, 38, 12, 40, 40, 20, 38, 40, 14, 16, 16, 18, 40, 16 ],
				"width": 50,
				"height": 13
			}
		},
		"meimao2": {
			"meimao": {
				"type": "skinnedmesh",
				"uvs": [ 1, 1, 0.5569, 1, 0.4609, 1, 0, 1, 0, 0, 0.4561, 0, 0.5569, 0, 1, 0 ],
				"triangles": [ 2, 6, 1, 1, 7, 0, 1, 6, 7, 3, 5, 2, 3, 4, 5, 2, 5, 6 ],
				"vertices": [ 1, 6, 16.62, -10.89, 1, 1, 6, -3.11, -0.83, 1, 1, 7, -4.3, 0.13, 1, 1, 7, 15.99, 11.04, 1, 1, 7, 23.09, -2.16, 1, 1, 7, 3, -12.96, 1, 1, 6, 3.7, 12.53, 1, 1, 6, 23.43, 2.46, 1 ],
				"hull": 8,
				"edges": [ 6, 8, 0, 14, 12, 14, 0, 2, 12, 2, 8, 10, 10, 12, 2, 4, 4, 6, 10, 4 ],
				"width": 50,
				"height": 15
			}
		},
		"shenti": {
			"shenti": { "x": 22.35, "y": 0.35, "rotation": -90, "width": 97, "height": 45 }
		},
		"tou2": {
			"tou": {
				"type": "skinnedmesh",
				"uvs": [ 1, 0.14229, 1, 0.47161, 1, 0.7079, 0.99501, 0.8392, 0.83854, 1, 0.501, 1, 0.20262, 1, 0, 0.85317, 0, 0.70929, 0, 0.48181, 0.03072, 0.11898, 0.24031, 0, 0.5176, 0, 0.74607, 0, 0.49918, 0.84616, 0.49892, 0.7086, 0.49264, 0.47678 ],
				"triangles": [ 6, 7, 14, 3, 4, 14, 6, 14, 5, 4, 5, 14, 14, 7, 8, 14, 15, 3, 14, 8, 15, 8, 16, 15, 8, 9, 16, 15, 16, 1, 9, 10, 16, 16, 12, 13, 10, 11, 16, 16, 11, 12, 2, 15, 1, 1, 16, 0, 16, 13, 0, 3, 15, 2 ],
				"vertices": [ 1, 3, 43.29, -25.62, 1, 1, 3, 22.54, -25.79, 1, 1, 3, 7.66, -25.9, 1, 2, 3, -0.61, -25.71, 0.49, 15, 3.43, 25.49, 0.51, 1, 15, 13.75, 17.44, 1, 1, 15, 14.17, -0.43, 1, 1, 15, 14.54, -16.24, 1, 2, 3, -1.9, 27.01, 0.49, 15, 5.55, -27.2, 0.51, 1, 3, 7.15, 27.08, 1, 1, 3, 21.48, 27.2, 1, 1, 3, 44.35, 25.75, 1, 1, 3, 51.94, 14.7, 1, 1, 3, 52.05, 0, 1, 1, 3, 52.15, -12.1, 1, 2, 3, -1.25, 0.56, 0.49, 15, 4.48, -0.76, 0.51, 1, 3, 7.41, 0.64, 1, 1, 3, 22.01, 1.09, 1 ],
				"hull": 14,
				"edges": [ 4, 6, 6, 8, 14, 16, 14, 12, 4, 2, 16, 18, 18, 20, 20, 22, 2, 0, 26, 0, 8, 10, 10, 12, 6, 28, 28, 14, 10, 28, 4, 30, 30, 16, 28, 30, 2, 32, 32, 18, 30, 32, 22, 24, 24, 26, 32, 24 ],
				"width": 53,
				"height": 63
			}
		},
		"toufa2": {
			"toufa": {
				"type": "skinnedmesh",
				"uvs": [ 0.82302, 0.19259, 0.94209, 0.39549, 1, 0.64096, 1, 0.79224, 1, 1, 0.66857, 1, 0.57633, 1, 0.42781, 1, 0.3314, 1, 0, 1, 0, 0.77133, 0, 0.67313, 0.04261, 0.41917, 0.15735, 0.24606, 0.21797, 0, 0.35638, 0, 0.66497, 0, 0.77863, 0, 0.45304, 0.71661, 0.54409, 0.71474, 0.5761, 0.78001, 0.66572, 0.76509, 0.70414, 0.8285, 0.7141, 0.91708, 0.42672, 0.78467, 0.34634, 0.76603, 0.30508, 0.81451, 0.28445, 0.90029, 0.50056, 0.93227, 0.69743, 0.69989, 0.69579, 0.78154, 0.73887, 0.87105, 0.80122, 0.93526, 0.91181, 0.92067, 0.30809, 0.69712, 0.30148, 0.78436, 0.27013, 0.88026, 0.18762, 0.94803, 0.07156, 0.91559, 0.25543, 0.57678, 0.28763, 0.34749, 0.28676, 0.13531, 0.74291, 0.54022, 0.71477, 0.31319, 0.62036, 0.8843, 0.54651, 0.83964, 0.49841, 0.71568, 0.39072, 0.89347, 0.45686, 0.84493 ],
				"triangles": [ 13, 41, 40, 12, 13, 40, 39, 12, 40, 11, 12, 39, 39, 40, 19, 34, 39, 18, 34, 10, 11, 34, 11, 39, 35, 10, 34, 35, 38, 10, 36, 38, 35, 37, 38, 36, 9, 10, 38, 9, 38, 37, 43, 40, 41, 35, 34, 25, 36, 35, 26, 37, 36, 27, 8, 9, 37, 19, 40, 42, 42, 1, 2, 42, 40, 43, 29, 42, 2, 30, 21, 29, 29, 2, 3, 31, 22, 30, 23, 31, 32, 4, 5, 32, 43, 0, 1, 42, 43, 1, 29, 19, 42, 30, 29, 3, 3, 31, 30, 33, 31, 3, 32, 31, 33, 33, 3, 4, 32, 33, 4, 0, 43, 16, 13, 14, 41, 16, 43, 41, 0, 16, 17, 41, 14, 15, 41, 15, 16, 46, 18, 39, 46, 24, 18, 48, 46, 45, 48, 24, 46, 26, 35, 25, 47, 25, 24, 47, 24, 48, 26, 25, 47, 27, 36, 26, 47, 27, 26, 28, 48, 45, 47, 48, 28, 8, 27, 47, 37, 27, 8, 7, 47, 28, 8, 47, 7, 7, 28, 6, 24, 25, 18, 25, 34, 18, 45, 46, 20, 19, 46, 39, 20, 46, 19, 21, 19, 29, 21, 30, 22, 44, 20, 21, 44, 21, 22, 45, 20, 44, 23, 22, 31, 44, 22, 23, 28, 45, 44, 6, 28, 44, 5, 44, 23, 6, 44, 5, 5, 23, 32, 20, 19, 21 ],
				"vertices": [ 2, 3, 37.04, -30.51, 0.47, 11, -3.19, 3.67, 0.52999, 1, 11, 12.76, 13.88, 1, 1, 11, 31.35, 17.9, 1, 1, 11, 42.5, 16.93, 1, 1, 11, 57.81, 15.59, 1, 2, 13, 17.37, -5.86, 0.99473, 12, -13.19, 19.2, 0.00526, 2, 13, 9.32, -9.79, 0.83487, 12, -5.07, 15.45, 0.16512, 2, 13, -3.61, -16.11, 0.05305, 12, 7.99, 9.39, 0.94694, 1, 12, 16.48, 5.47, 1, 1, 10, 55.54, -14.64, 1, 1, 10, 38.74, -16.62, 1, 1, 10, 31.52, -17.46999, 1, 1, 10, 12.37, -15.57, 1, 2, 3, 32.58, 34.02, 0.58, 10, -1.64, -6.02, 0.42, 1, 3, 50.83, 28.28, 1, 1, 3, 50.94, 14.86, 1, 1, 3, 51.17, -15.06, 1, 1, 3, 51.26, -26.09, 1, 2, 13, -10.61, 3.81, 0.25, 12, -3.03, -8.6, 0.75, 2, 13, -2.73, 7.8, 0.75, 12, -11.1, -5.01, 0.25, 2, 13, 2.16, 4.82, 0.54, 12, -11.89, 0.66, 0.45999, 1, 13, 9.49, 9.63, 1, 1, 13, 14.9, 7.05, 1, 1, 13, 18.64, 1.58, 1, 2, 13, -10.7, -1.83, 0.47, 12, 1.4, -5.1, 0.52999, 2, 13, -18.31, -4.01, 0.06373, 12, 7.89, -9.63, 0.93626, 2, 13, -20.34, -8.99, 0.01868, 12, 13.03, -8.05, 0.9813, 1, 12, 17.51, -3.13, 1, 2, 13, 0.52, -8.51, 0.18406, 12, -0.51, 7.81, 0.81593, 1, 11, 33.14, -11.71, 1, 1, 11, 39.15, -12.39, 1, 1, 11, 46.11, -8.8, 1, 1, 11, 51.37, -3.19, 1, 1, 11, 51.22, 7.58, 1, 1, 10, 29.78, 12.4, 1, 1, 10, 36.27, 12.52, 1, 1, 10, 43.67, 10.34, 1, 1, 10, 49.59, 2.98, 1, 1, 10, 48.53, -8.47999, 1, 1, 10, 21.54, 6.29, 1, 2, 3, 25.17, 21.32, 0.13, 10, 4.32, 7.4, 0.87, 2, 3, 40.87, 21.53, 0.72, 10, -11.25, 5.47, 0.27998, 1, 11, 21.76, -6.29, 1, 2, 3, 28.03, -20.08, 0.23, 11, 4.78, -7.55, 0.77, 1, 13, 9.41, -0.22, 1, 2, 13, 1.52, -0.39, 0.52999, 12, -7.43, 3.46, 0.47, 2, 13, -6.69, 5.8, 0.48, 12, -7.05, -6.81, 0.52, 1, 12, 7.95, 0.73, 1, 1, 12, 0.62, 0.16, 1 ],
				"hull": 18,
				"edges": [ 38, 40, 40, 42, 42, 44, 44, 46, 8, 10, 46, 10, 36, 48, 48, 50, 50, 52, 52, 54, 16, 18, 54, 16, 14, 16, 14, 56, 10, 12, 12, 14, 56, 12, 58, 60, 60, 62, 62, 64, 64, 66, 8, 6, 66, 6, 68, 70, 70, 72, 72, 74, 74, 76, 18, 20, 76, 20, 68, 78, 78, 80, 80, 82, 82, 30, 20, 22, 22, 24, 24, 26, 28, 30, 26, 28, 58, 84, 84, 86, 30, 32, 86, 32, 6, 4, 4, 2, 2, 0, 32, 34, 0, 34, 12, 88, 88, 42, 46, 88, 40, 90, 90, 56, 88, 90, 36, 92, 92, 38, 90, 92, 14, 94, 94, 50, 54, 94, 48, 96, 96, 56, 94, 96, 96, 92 ],
				"width": 97,
				"height": 74
			}
		},
		"touguan": {
			"touguan": { "x": 2.16, "y": 1.26, "rotation": -90.78, "width": 83, "height": 40 }
		},
		"yanjing2": {
			"yanjing": { "x": 1.17, "y": 1.04, "rotation": -89.54, "width": 39, "height": 8 }
		},
		"youqiang": {
			"youqiang": { "x": 23.4, "y": -0.77, "rotation": -91.72, "width": 46, "height": 84 }
		},
		"youquan1": {
			"youquan1": { "rotation": -61.63, "width": 15, "height": 16 }
		},
		"youshou2": {
			"youquan2": { "x": 9.9, "y": -0.88, "rotation": -30.17, "width": 28, "height": 28 },
			"youshou": { "x": 12.42, "y": 0.3, "rotation": -61.63, "width": 26, "height": 35 }
		},
		"youwan2": {
			"youwan": { "x": 15.14, "y": -2.1, "rotation": -64.34, "width": 33, "height": 38 }
		},
		"zibei2": {
			"zibei": { "x": 3.52, "y": -1.94, "width": 89, "height": 48 }
		},
		"zui2": {
			"zui": {
				"type": "skinnedmesh",
				"uvs": [ 1, 0.3593, 1, 0.53152, 0.92337, 0.81551, 0.80876, 1, 0.74392, 1, 0.5996, 0.87444, 0.44417, 0.87444, 0.26376, 1, 0.18482, 1, 0.0737, 0.80352, 0, 0.53127, 0, 0.33567, 0, 0, 1, 0, 0.80067, 0.64722, 0.63739, 0.56584, 0.41753, 0.55797, 0.23496, 0.63672, 0.15911, 0.43542, 0.36611, 0.48267, 0.54868, 0.49317, 0.74796, 0.46692, 0.90225, 0.40917 ],
				"triangles": [ 17, 6, 7, 7, 8, 9, 7, 9, 17, 17, 16, 6, 14, 22, 1, 4, 5, 2, 3, 4, 2, 5, 14, 2, 5, 15, 14, 15, 5, 16, 5, 6, 16, 2, 14, 1, 9, 10, 17, 17, 19, 16, 16, 20, 15, 15, 21, 14, 17, 18, 19, 16, 19, 20, 10, 11, 18, 21, 20, 13, 22, 21, 13, 0, 22, 13, 10, 18, 17, 20, 12, 13, 12, 20, 19, 19, 18, 12, 12, 18, 11, 14, 21, 22, 15, 20, 21, 22, 0, 1 ],
				"vertices": [ 1, 14, 1.81, -24.92, 1, 2, 14, -2.32, -24.99, 0.11329, 15, -2.63, 23.61, 0.8867, 1, 15, 4.26, 20.02, 1, 1, 15, 8.82, 14.51, 1, 1, 15, 8.89, 11.33, 1, 1, 15, 6.05, 4.19, 1, 1, 15, 6.23, -3.41, 1, 1, 15, 9.45, -12.18, 1, 1, 15, 9.54, -16.04999, 1, 1, 15, 4.94999, -21.6, 1, 2, 14, -3.09, 24, 0.93922, 15, -1.49, -25.36, 0.06077, 1, 14, 1.59, 24.07, 1, 1, 14, 9.64999, 24.2, 1, 1, 14, 10.43, -24.78, 1, 1, 15, 0.36, 13.91, 1, 1, 15, -1.39, 5.87, 1, 1, 15, -1.33, -4.9, 1, 1, 15, 0.76, -13.79, 1, 1, 14, -0.67, 16.24, 1, 1, 14, -1.64, 6.08, 1, 1, 14, -1.75, -2.86, 1, 1, 14, -0.96, -12.62, 1, 1, 14, 0.52999, -20.15, 1 ],
				"hull": 14,
				"edges": [ 24, 26, 14, 12, 12, 10, 10, 8, 6, 8, 6, 4, 4, 2, 14, 16, 16, 18, 18, 20, 4, 28, 28, 30, 30, 32, 32, 34, 34, 18, 20, 22, 22, 24, 22, 36, 36, 38, 38, 40, 40, 42, 42, 44, 2, 0, 0, 26, 44, 0 ],
				"width": 49,
				"height": 24
			}
		},
		"zuoqiang2": {
			"zuoqiang": { "x": 28.35, "y": 0.92, "rotation": -88.33, "width": 46, "height": 84 }
		},
		"zuoquan1": {
			"zuoquan1": { "rotation": -118.56, "width": 14, "height": 16 }
		},
		"zuoshou2": {
			"zuoquan2": { "x": 10.06, "y": -0.65, "rotation": -152.91, "width": 27, "height": 28 },
			"zuoshou": { "x": 12.47, "y": -1.46, "rotation": -118.56, "width": 26, "height": 35 }
		},
		"zuowan2": {
			"zuowan": { "x": 13.95, "y": 0.06, "rotation": -110.05, "width": 33, "height": 38 }
		}
	}
},
"animations": {
	"animation": {
		"slots": {
			"bone2": {
				"attachment": [
					{ "time": 0, "name": "bizi" },
					{ "time": 1.1, "name": "bizi" }
				]
			},
			"bone21": {
				"attachment": [
					{ "time": 0, "name": null },
					{ "time": 0.7333, "name": "zi" },
					{ "time": 1.1, "name": "zi" }
				]
			},
			"huzi2": {
				"attachment": [
					{ "time": 0, "name": "huzi" },
					{ "time": 1.1, "name": "huzi" }
				]
			},
			"meimao2": {
				"attachment": [
					{ "time": 0, "name": "meimao" },
					{ "time": 1.1, "name": "meimao" }
				]
			},
			"shenti": {
				"attachment": [
					{ "time": 0, "name": "shenti" },
					{ "time": 1.1, "name": "shenti" }
				]
			},
			"tou2": {
				"attachment": [
					{ "time": 0, "name": "tou" },
					{ "time": 1.1, "name": "tou" }
				]
			},
			"toufa2": {
				"attachment": [
					{ "time": 0, "name": "toufa" },
					{ "time": 1.1, "name": "toufa" }
				]
			},
			"touguan": {
				"attachment": [
					{ "time": 0, "name": "touguan" },
					{ "time": 1.1, "name": "touguan" }
				]
			},
			"yanjing2": {
				"attachment": [
					{ "time": 0, "name": "yanjing" },
					{ "time": 1.1, "name": "yanjing" }
				]
			},
			"youqiang": {
				"attachment": [
					{ "time": 0, "name": "youqiang" },
					{ "time": 0.5333, "name": null },
					{ "time": 1.1, "name": null }
				]
			},
			"youquan1": {
				"attachment": [
					{ "time": 0, "name": null },
					{ "time": 0.6, "name": "youquan1" },
					{ "time": 1.1, "name": "youquan1" }
				]
			},
			"youshou2": {
				"attachment": [
					{ "time": 0, "name": "youshou" },
					{ "time": 0.6, "name": "youquan2" },
					{ "time": 1.1, "name": "youquan2" }
				]
			},
			"youwan2": {
				"attachment": [
					{ "time": 0, "name": "youwan" },
					{ "time": 1.1, "name": "youwan" }
				]
			},
			"zibei2": {
				"attachment": [
					{ "time": 0, "name": null },
					{ "time": 0.7333, "name": "zibei" },
					{ "time": 1.1, "name": "zibei" }
				]
			},
			"zui2": {
				"attachment": [
					{ "time": 0, "name": "zui" },
					{ "time": 1.1, "name": "zui" }
				]
			},
			"zuoqiang2": {
				"attachment": [
					{ "time": 0, "name": "zuoqiang" },
					{ "time": 0.5666, "name": null },
					{ "time": 1.1, "name": null }
				]
			},
			"zuoquan1": {
				"attachment": [
					{ "time": 0, "name": null },
					{ "time": 0.6, "name": "zuoquan1" },
					{ "time": 1.1, "name": "zuoquan1" }
				]
			},
			"zuoshou2": {
				"attachment": [
					{ "time": 0, "name": "zuoshou" },
					{ "time": 0.6, "name": "zuoquan2" },
					{ "time": 1.1, "name": "zuoquan2" }
				]
			},
			"zuowan2": {
				"attachment": [
					{ "time": 0, "name": "zuowan" },
					{ "time": 1.1, "name": "zuowan" }
				]
			}
		},
		"bones": {
			"root": {
				"rotate": [
					{ "time": 0, "angle": 0, "curve": "stepped" },
					{ "time": 0.3666, "angle": 0, "curve": "stepped" },
					{ "time": 0.5666, "angle": 0, "curve": "stepped" },
					{ "time": 0.7333, "angle": 0, "curve": "stepped" },
					{ "time": 1.1, "angle": 0 }
				],
				"translate": [
					{ "time": 0, "x": 0, "y": 0, "curve": "stepped" },
					{ "time": 0.3666, "x": 0, "y": 0, "curve": "stepped" },
					{ "time": 0.5666, "x": 0, "y": 0, "curve": "stepped" },
					{ "time": 0.7333, "x": 0, "y": 0, "curve": "stepped" },
					{ "time": 1.1, "x": 0, "y": 0 }
				],
				"scale": [
					{ "time": 0, "x": 1, "y": 1, "curve": "stepped" },
					{ "time": 0.3666, "x": 1, "y": 1, "curve": "stepped" },
					{ "time": 0.5666, "x": 1, "y": 1, "curve": "stepped" },
					{ "time": 0.7333, "x": 1, "y": 1, "curve": "stepped" },
					{ "time": 1.1, "x": 1, "y": 1 }
				]
			},
			"bone": {
				"rotate": [
					{ "time": 0, "angle": 0, "curve": "stepped" },
					{ "time": 0.3666, "angle": 0, "curve": "stepped" },
					{ "time": 0.5666, "angle": 0, "curve": "stepped" },
					{ "time": 0.7333, "angle": 0, "curve": "stepped" },
					{ "time": 1.1, "angle": 0 }
				],
				"translate": [
					{ "time": 0, "x": 0, "y": 0, "curve": "stepped" },
					{ "time": 0.3666, "x": 0, "y": 0, "curve": "stepped" },
					{ "time": 0.5666, "x": 0, "y": 0, "curve": "stepped" },
					{ "time": 0.7333, "x": 0, "y": 0, "curve": "stepped" },
					{ "time": 1.1, "x": 0, "y": 0 }
				],
				"scale": [
					{ "time": 0, "x": 1, "y": 1, "curve": "stepped" },
					{ "time": 0.3666, "x": 1, "y": 1, "curve": "stepped" },
					{ "time": 0.5666, "x": 1, "y": 1, "curve": "stepped" },
					{ "time": 0.7333, "x": 1, "y": 1, "curve": "stepped" },
					{ "time": 1.1, "x": 1, "y": 1 }
				]
			},
			"bone17": {
				"rotate": [
					{ "time": 0, "angle": 0 },
					{ "time": 0.1333, "angle": -22.19 },
					{ "time": 0.2666, "angle": 5.95 },
					{ "time": 0.3666, "angle": 0 },
					{ "time": 0.5333, "angle": -34.89 },
					{ "time": 0.7333, "angle": 0 },
					{ "time": 0.8333, "angle": 24.23 },
					{ "time": 1.1, "angle": 0 }
				],
				"translate": [
					{ "time": 0, "x": 0, "y": 0, "curve": "stepped" },
					{ "time": 0.3666, "x": 0, "y": 0 },
					{ "time": 0.7333, "x": 7.68, "y": 0.06 },
					{ "time": 0.8333, "x": 0, "y": 0, "curve": "stepped" },
					{ "time": 1.1, "x": 0, "y": 0 }
				],
				"scale": [
					{ "time": 0, "x": 1, "y": 1, "curve": "stepped" },
					{ "time": 0.3666, "x": 1, "y": 1, "curve": "stepped" },
					{ "time": 0.7333, "x": 1, "y": 1, "curve": "stepped" },
					{ "time": 1.1, "x": 1, "y": 1 }
				]
			},
			"bone2": {
				"rotate": [
					{ "time": 0, "angle": 0 },
					{ "time": 0.1, "angle": 1.11 },
					{ "time": 0.2333, "angle": -1.76 },
					{ "time": 0.3333, "angle": 1.11 },
					{ "time": 0.4333, "angle": -1.76 },
					{ "time": 0.5333, "angle": 1.11 },
					{ "time": 0.5666, "angle": 0, "curve": "stepped" },
					{ "time": 0.7333, "angle": 0, "curve": "stepped" },
					{ "time": 1.1, "angle": 0 }
				],
				"translate": [
					{ "time": 0, "x": 0, "y": 0 },
					{ "time": 0.1666, "x": -4.26, "y": 0 },
					{ "time": 0.3, "x": 0, "y": 0 },
					{ "time": 0.4, "x": -4.26, "y": 0 },
					{ "time": 0.5, "x": 0, "y": 0, "curve": "stepped" },
					{ "time": 0.5666, "x": 0, "y": 0 },
					{ "time": 0.6666, "x": 2.61, "y": 0 },
					{ "time": 0.7333, "x": 0, "y": 0 },
					{ "time": 0.8333, "x": -5.32, "y": 0 },
					{ "time": 1.1, "x": 0, "y": 0 }
				],
				"scale": [
					{ "time": 0, "x": 1, "y": 1, "curve": "stepped" },
					{ "time": 0.5666, "x": 1, "y": 1, "curve": "stepped" },
					{ "time": 0.7333, "x": 1, "y": 1, "curve": "stepped" },
					{ "time": 1.1, "x": 1, "y": 1 }
				]
			},
			"bone4": {
				"rotate": [
					{ "time": 0, "angle": 0, "curve": "stepped" },
					{ "time": 0.3333, "angle": 0 },
					{ "time": 0.5, "angle": -1.28 },
					{ "time": 0.6666, "angle": 7.51 },
					{ "time": 0.7333, "angle": -17.45 },
					{ "time": 0.8333, "angle": -19.07 },
					{ "time": 1.1, "angle": -17.45 }
				],
				"translate": [
					{ "time": 0, "x": 0, "y": 0 },
					{ "time": 0.0666, "x": 15.08, "y": 0 },
					{ "time": 0.1, "x": -12.32, "y": 0 },
					{ "time": 0.3, "x": 14.14, "y": 0 },
					{ "time": 0.3333, "x": -16.37, "y": 0 },
					{ "time": 0.5, "x": 0, "y": 0 },
					{ "time": 0.6666, "x": 14.81, "y": -3.6 },
					{ "time": 0.7333, "x": -15.06, "y": -3.6 },
					{ "time": 0.8333, "x": -22.23, "y": -0.32 },
					{ "time": 1.1, "x": -15.06, "y": -3.6 }
				],
				"scale": [
					{ "time": 0, "x": 1, "y": 1, "curve": "stepped" },
					{ "time": 0.3333, "x": 1, "y": 1, "curve": "stepped" },
					{ "time": 0.7333, "x": 1, "y": 1, "curve": "stepped" },
					{ "time": 1.1, "x": 1, "y": 1 }
				]
			},
			"bone6": {
				"rotate": [
					{ "time": 0, "angle": 0, "curve": "stepped" },
					{ "time": 0.2, "angle": 0, "curve": "stepped" },
					{ "time": 0.4, "angle": 0, "curve": "stepped" },
					{ "time": 0.5666, "angle": 0 },
					{ "time": 0.6666, "angle": -5.92 },
					{ "time": 0.7333, "angle": 19.14 },
					{ "time": 0.8333, "angle": 27.71 },
					{ "time": 1.1, "angle": 19.14 }
				],
				"translate": [
					{ "time": 0, "x": 0, "y": 0 },
					{ "time": 0.2, "x": 8.51, "y": 0 },
					{ "time": 0.2333, "x": -16.11, "y": 0 },
					{ "time": 0.4, "x": 8.12, "y": 0 },
					{ "time": 0.4333, "x": -16.11, "y": 0 },
					{ "time": 0.5666, "x": 0, "y": 0 },
					{ "time": 0.6666, "x": 14.4, "y": 3.04 },
					{ "time": 0.7333, "x": -15.9, "y": 2.62 },
					{ "time": 0.8333, "x": -21.83, "y": -0.65 },
					{ "time": 1.1, "x": -15.9, "y": 2.62 }
				],
				"scale": [
					{ "time": 0, "x": 1, "y": 1, "curve": "stepped" },
					{ "time": 0.2, "x": 1, "y": 1, "curve": "stepped" },
					{ "time": 0.4, "x": 1, "y": 1, "curve": "stepped" },
					{ "time": 0.5666, "x": 1, "y": 1, "curve": "stepped" },
					{ "time": 0.7333, "x": 1, "y": 1, "curve": "stepped" },
					{ "time": 1.1, "x": 1, "y": 1 }
				]
			},
			"bone10": {
				"rotate": [
					{ "time": 0, "angle": 0 },
					{ "time": 0.1333, "angle": -15.22 },
					{ "time": 0.3, "angle": 2.76 },
					{ "time": 0.4666, "angle": -11.84 },
					{ "time": 0.7333, "angle": 0 },
					{ "time": 0.8333, "angle": 26.69 },
					{ "time": 1.1, "angle": 0 }
				],
				"translate": [
					{ "time": 0, "x": 0, "y": 0, "curve": "stepped" },
					{ "time": 0.7333, "x": 0, "y": 0, "curve": "stepped" },
					{ "time": 1.1, "x": 0, "y": 0 }
				],
				"scale": [
					{ "time": 0, "x": 1, "y": 1, "curve": "stepped" },
					{ "time": 0.7333, "x": 1, "y": 1, "curve": "stepped" },
					{ "time": 1.1, "x": 1, "y": 1 }
				]
			},
			"bone11": {
				"rotate": [
					{ "time": 0, "angle": 0 },
					{ "time": 0.1333, "angle": 14.09 },
					{ "time": 0.3, "angle": -1.27 },
					{ "time": 0.4666, "angle": 15 },
					{ "time": 0.7333, "angle": 0 },
					{ "time": 0.8333, "angle": -30.98 },
					{ "time": 1.1, "angle": 0 }
				],
				"translate": [
					{ "time": 0, "x": 0, "y": 0, "curve": "stepped" },
					{ "time": 0.7333, "x": 0, "y": 0, "curve": "stepped" },
					{ "time": 1.1, "x": 0, "y": 0 }
				],
				"scale": [
					{ "time": 0, "x": 1, "y": 1, "curve": "stepped" },
					{ "time": 0.7333, "x": 1, "y": 1, "curve": "stepped" },
					{ "time": 1.1, "x": 1, "y": 1 }
				]
			},
			"bone12": {
				"rotate": [
					{ "time": 0, "angle": 0 },
					{ "time": 0.1666, "angle": 15.04 },
					{ "time": 0.3666, "angle": -9.87 },
					{ "time": 0.6, "angle": 10.39 },
					{ "time": 0.8333, "angle": -21.79 },
					{ "time": 1.1, "angle": 0 }
				],
				"translate": [
					{ "time": 0, "x": 0, "y": 0, "curve": "stepped" },
					{ "time": 1.1, "x": 0, "y": 0 }
				],
				"scale": [
					{ "time": 0, "x": 1, "y": 1, "curve": "stepped" },
					{ "time": 1.1, "x": 1, "y": 1 }
				]
			},
			"bone13": {
				"rotate": [
					{ "time": 0, "angle": 0 },
					{ "time": 0.1666, "angle": -15.49 },
					{ "time": 0.3666, "angle": 9.6 },
					{ "time": 0.6333, "angle": -14.39 },
					{ "time": 0.8333, "angle": 21.32 },
					{ "time": 1.1, "angle": 0 }
				],
				"translate": [
					{ "time": 0, "x": 0, "y": 0, "curve": "stepped" },
					{ "time": 1.1, "x": 0, "y": 0 }
				],
				"scale": [
					{ "time": 0, "x": 1, "y": 1, "curve": "stepped" },
					{ "time": 1.1, "x": 1, "y": 1 }
				]
			},
			"bone14": {
				"rotate": [
					{ "time": 0, "angle": 0 },
					{ "time": 0.2, "angle": -12.38 },
					{ "time": 0.3666, "angle": 0, "curve": "stepped" },
					{ "time": 0.5666, "angle": 0, "curve": "stepped" },
					{ "time": 0.7333, "angle": 0, "curve": "stepped" },
					{ "time": 1.1, "angle": 0 }
				],
				"translate": [
					{ "time": 0, "x": 0, "y": 0, "curve": "stepped" },
					{ "time": 0.3666, "x": 0, "y": 0, "curve": "stepped" },
					{ "time": 0.5666, "x": 0, "y": 0, "curve": "stepped" },
					{ "time": 0.7333, "x": 0, "y": 0, "curve": "stepped" },
					{ "time": 1.1, "x": 0, "y": 0 }
				],
				"scale": [
					{ "time": 0, "x": 1, "y": 1, "curve": "stepped" },
					{ "time": 0.3666, "x": 1, "y": 1, "curve": "stepped" },
					{ "time": 0.5666, "x": 1, "y": 1, "curve": "stepped" },
					{ "time": 0.7333, "x": 1, "y": 1, "curve": "stepped" },
					{ "time": 1.1, "x": 1, "y": 1 }
				]
			},
			"bone15": {
				"rotate": [
					{ "time": 0, "angle": 0 },
					{ "time": 0.2333, "angle": 7 },
					{ "time": 0.3666, "angle": 0, "curve": "stepped" },
					{ "time": 0.5666, "angle": 0, "curve": "stepped" },
					{ "time": 0.7333, "angle": 0, "curve": "stepped" },
					{ "time": 1.1, "angle": 0 }
				],
				"translate": [
					{ "time": 0, "x": 0, "y": 0, "curve": "stepped" },
					{ "time": 0.3666, "x": 0, "y": 0, "curve": "stepped" },
					{ "time": 0.5666, "x": 0, "y": 0, "curve": "stepped" },
					{ "time": 0.7333, "x": 0, "y": 0, "curve": "stepped" },
					{ "time": 1.1, "x": 0, "y": 0 }
				],
				"scale": [
					{ "time": 0, "x": 1, "y": 1, "curve": "stepped" },
					{ "time": 0.3666, "x": 1, "y": 1, "curve": "stepped" },
					{ "time": 0.5666, "x": 1, "y": 1, "curve": "stepped" },
					{ "time": 0.7333, "x": 1, "y": 1, "curve": "stepped" },
					{ "time": 1.1, "x": 1, "y": 1 }
				]
			},
			"bone16": {
				"rotate": [
					{ "time": 0, "angle": 0 },
					{ "time": 0.1333, "angle": 18.97 },
					{ "time": 0.2666, "angle": -10.5 },
					{ "time": 0.3666, "angle": 0 },
					{ "time": 0.5666, "angle": 20.43 },
					{ "time": 0.7333, "angle": 0 },
					{ "time": 0.8333, "angle": -19.96 },
					{ "time": 1.1, "angle": 0 }
				],
				"translate": [
					{ "time": 0, "x": 0, "y": 0, "curve": "stepped" },
					{ "time": 0.3666, "x": 0, "y": 0, "curve": "stepped" },
					{ "time": 0.5666, "x": 0, "y": 0 },
					{ "time": 0.7333, "x": 7.68, "y": 0.06 },
					{ "time": 0.8333, "x": 0, "y": 0, "curve": "stepped" },
					{ "time": 1.1, "x": 0, "y": 0 }
				],
				"scale": [
					{ "time": 0, "x": 1, "y": 1, "curve": "stepped" },
					{ "time": 0.3666, "x": 1, "y": 1, "curve": "stepped" },
					{ "time": 0.5666, "x": 1, "y": 1, "curve": "stepped" },
					{ "time": 0.7333, "x": 1, "y": 1, "curve": "stepped" },
					{ "time": 1.1, "x": 1, "y": 1 }
				]
			},
			"bone18": {
				"rotate": [
					{ "time": 0, "angle": 0, "curve": "stepped" },
					{ "time": 0.7333, "angle": 0, "curve": "stepped" },
					{ "time": 1.1, "angle": 0 }
				],
				"translate": [
					{ "time": 0, "x": 0, "y": 0 },
					{ "time": 0.1333, "x": 4.81, "y": 0.06 },
					{ "time": 0.2333, "x": 1.83, "y": -0.41 },
					{ "time": 0.3, "x": 4.81, "y": -0.46 },
					{ "time": 0.4333, "x": -1.06, "y": -0.52 },
					{ "time": 0.5666, "x": 4.81, "y": 0.06 },
					{ "time": 0.7333, "x": 3.87, "y": 0.03 },
					{ "time": 0.8333, "x": -2.66, "y": 0.34 },
					{ "time": 0.9333, "x": 2.99, "y": 0.37 },
					{ "time": 1.1, "x": 0, "y": 0 }
				],
				"scale": [
					{ "time": 0, "x": 1, "y": 1, "curve": "stepped" },
					{ "time": 0.7333, "x": 1, "y": 1, "curve": "stepped" },
					{ "time": 1.1, "x": 1, "y": 1 }
				]
			},
			"bone19": {
				"rotate": [
					{ "time": 0, "angle": 0, "curve": "stepped" },
					{ "time": 0.5666, "angle": 0, "curve": "stepped" },
					{ "time": 0.7333, "angle": 0, "curve": "stepped" },
					{ "time": 1.1, "angle": 0 }
				],
				"translate": [
					{ "time": 0, "x": 0, "y": 0 },
					{ "time": 0.1333, "x": -3.71, "y": 0.18 },
					{ "time": 0.2333, "x": 0, "y": 0 },
					{ "time": 0.3, "x": -1.57, "y": -0.39 },
					{ "time": 0.4333, "x": 2.22, "y": 0.08 },
					{ "time": 0.5666, "x": -1.78, "y": -0.01 },
					{ "time": 0.7333, "x": 7.72, "y": 0.13 },
					{ "time": 0.8333, "x": 0.84, "y": -0.05 },
					{ "time": 0.9333, "x": -2.48, "y": -0.05 },
					{ "time": 1.1, "x": 0, "y": 0 }
				],
				"scale": [
					{ "time": 0, "x": 1, "y": 1, "curve": "stepped" },
					{ "time": 0.5666, "x": 1, "y": 1, "curve": "stepped" },
					{ "time": 0.7333, "x": 1, "y": 1, "curve": "stepped" },
					{ "time": 1.1, "x": 1, "y": 1 }
				]
			},
			"bone20": {
				"rotate": [
					{ "time": 0, "angle": 0, "curve": "stepped" },
					{ "time": 0.3666, "angle": 0, "curve": "stepped" },
					{ "time": 0.5666, "angle": 0, "curve": "stepped" },
					{ "time": 0.7333, "angle": 0, "curve": "stepped" },
					{ "time": 1.1, "angle": 0 }
				],
				"translate": [
					{ "time": 0, "x": 0, "y": 0, "curve": "stepped" },
					{ "time": 0.3666, "x": 0, "y": 0, "curve": "stepped" },
					{ "time": 0.5666, "x": 0, "y": 0, "curve": "stepped" },
					{ "time": 0.7333, "x": 0, "y": 0, "curve": "stepped" },
					{ "time": 1.1, "x": 0, "y": 0 }
				],
				"scale": [
					{ "time": 0, "x": 1, "y": 1, "curve": "stepped" },
					{ "time": 0.3666, "x": 1, "y": 1, "curve": "stepped" },
					{ "time": 0.5666, "x": 1, "y": 1, "curve": "stepped" },
					{ "time": 0.7333, "x": 1, "y": 1, "curve": "stepped" },
					{ "time": 1.1, "x": 1, "y": 1 }
				]
			},
			"bone3": {
				"rotate": [
					{ "time": 0, "angle": 0, "curve": "stepped" },
					{ "time": 0.3666, "angle": 0, "curve": "stepped" },
					{ "time": 0.5666, "angle": 0, "curve": "stepped" },
					{ "time": 0.7333, "angle": 0 },
					{ "time": 0.7666, "angle": 6.77 },
					{ "time": 0.8666, "angle": -3.24 },
					{ "time": 1, "angle": 0, "curve": "stepped" },
					{ "time": 1.1, "angle": 0 }
				],
				"translate": [
					{ "time": 0, "x": 0, "y": 0, "curve": "stepped" },
					{ "time": 0.3666, "x": 0, "y": 0, "curve": "stepped" },
					{ "time": 0.5666, "x": 0, "y": 0, "curve": "stepped" },
					{ "time": 0.7333, "x": 0, "y": 0 },
					{ "time": 0.8, "x": 10.75, "y": 0.08 },
					{ "time": 0.9666, "x": 0, "y": 0, "curve": "stepped" },
					{ "time": 1.1, "x": 0, "y": 0 }
				],
				"scale": [
					{ "time": 0, "x": 1, "y": 1, "curve": "stepped" },
					{ "time": 0.3666, "x": 1, "y": 1, "curve": "stepped" },
					{ "time": 0.5666, "x": 1, "y": 1, "curve": "stepped" },
					{ "time": 0.7333, "x": 1, "y": 1, "curve": "stepped" },
					{ "time": 1.1, "x": 1, "y": 1 }
				]
			},
			"bone5": {
				"rotate": [
					{ "time": 0, "angle": 0, "curve": "stepped" },
					{ "time": 0.3666, "angle": 0, "curve": "stepped" },
					{ "time": 0.5666, "angle": 0, "curve": "stepped" },
					{ "time": 0.7333, "angle": 0 },
					{ "time": 0.8333, "angle": -5.61 },
					{ "time": 1.1, "angle": 0 }
				],
				"translate": [
					{ "time": 0, "x": 0, "y": 0 },
					{ "time": 0.1333, "x": -1.85, "y": -0.89 },
					{ "time": 0.3666, "x": 0, "y": 0, "curve": "stepped" },
					{ "time": 0.5666, "x": 0, "y": 0, "curve": "stepped" },
					{ "time": 0.7333, "x": 0, "y": 0 },
					{ "time": 0.8333, "x": -1.31, "y": 0.19 },
					{ "time": 1.1, "x": 0, "y": 0 }
				],
				"scale": [
					{ "time": 0, "x": 1, "y": 1, "curve": "stepped" },
					{ "time": 0.3666, "x": 1, "y": 1, "curve": "stepped" },
					{ "time": 0.5666, "x": 1, "y": 1, "curve": "stepped" },
					{ "time": 0.7333, "x": 1, "y": 1, "curve": "stepped" },
					{ "time": 1.1, "x": 1, "y": 1 }
				]
			},
			"bone7": {
				"rotate": [
					{ "time": 0, "angle": 0, "curve": "stepped" },
					{ "time": 0.3666, "angle": 0, "curve": "stepped" },
					{ "time": 0.5666, "angle": 0, "curve": "stepped" },
					{ "time": 0.7333, "angle": 0 },
					{ "time": 0.8333, "angle": 1.62 },
					{ "time": 1.1, "angle": 0 }
				],
				"translate": [
					{ "time": 0, "x": 0, "y": 0, "curve": "stepped" },
					{ "time": 0.3666, "x": 0, "y": 0, "curve": "stepped" },
					{ "time": 0.5666, "x": 0, "y": 0, "curve": "stepped" },
					{ "time": 0.7333, "x": 0, "y": 0 },
					{ "time": 0.8333, "x": -2.13, "y": -0.14 },
					{ "time": 1.1, "x": 0, "y": 0 }
				],
				"scale": [
					{ "time": 0, "x": 1, "y": 1, "curve": "stepped" },
					{ "time": 0.3666, "x": 1, "y": 1, "curve": "stepped" },
					{ "time": 0.5666, "x": 1, "y": 1, "curve": "stepped" },
					{ "time": 0.7333, "x": 1, "y": 1, "curve": "stepped" },
					{ "time": 1.1, "x": 1, "y": 1 }
				]
			},
			"bone8": {
				"rotate": [
					{ "time": 0, "angle": 0, "curve": "stepped" },
					{ "time": 0.3666, "angle": 0, "curve": "stepped" },
					{ "time": 0.5666, "angle": 0, "curve": "stepped" },
					{ "time": 0.7333, "angle": 0, "curve": "stepped" },
					{ "time": 1.1, "angle": 0 }
				],
				"translate": [
					{ "time": 0, "x": 0, "y": 0, "curve": "stepped" },
					{ "time": 0.3666, "x": 0, "y": 0, "curve": "stepped" },
					{ "time": 0.5666, "x": 0, "y": 0, "curve": "stepped" },
					{ "time": 0.7333, "x": 0, "y": 0, "curve": "stepped" },
					{ "time": 1.1, "x": 0, "y": 0 }
				],
				"scale": [
					{ "time": 0, "x": 1, "y": 1, "curve": "stepped" },
					{ "time": 0.3666, "x": 1, "y": 1, "curve": "stepped" },
					{ "time": 0.5666, "x": 1, "y": 1, "curve": "stepped" },
					{ "time": 0.7333, "x": 1, "y": 1, "curve": "stepped" },
					{ "time": 1.1, "x": 1, "y": 1 }
				]
			},
			"bone9": {
				"rotate": [
					{ "time": 0, "angle": 0, "curve": "stepped" },
					{ "time": 0.3666, "angle": 0, "curve": "stepped" },
					{ "time": 0.5666, "angle": 0, "curve": "stepped" },
					{ "time": 0.7333, "angle": 0, "curve": "stepped" },
					{ "time": 1.1, "angle": 0 }
				],
				"translate": [
					{ "time": 0, "x": 0, "y": 0, "curve": "stepped" },
					{ "time": 0.3666, "x": 0, "y": 0, "curve": "stepped" },
					{ "time": 0.5666, "x": 0, "y": 0, "curve": "stepped" },
					{ "time": 0.7333, "x": 0, "y": 0, "curve": "stepped" },
					{ "time": 1.1, "x": 0, "y": 0 }
				],
				"scale": [
					{ "time": 0, "x": 1, "y": 1, "curve": "stepped" },
					{ "time": 0.3666, "x": 1, "y": 1, "curve": "stepped" },
					{ "time": 0.5666, "x": 1, "y": 1, "curve": "stepped" },
					{ "time": 0.7333, "x": 1, "y": 1, "curve": "stepped" },
					{ "time": 1.1, "x": 1, "y": 1 }
				]
			},
			"bone21": {
				"rotate": [
					{ "time": 0, "angle": 0, "curve": "stepped" },
					{ "time": 0.3666, "angle": 0, "curve": "stepped" },
					{ "time": 0.5666, "angle": 0, "curve": "stepped" },
					{ "time": 0.7333, "angle": 0, "curve": "stepped" },
					{ "time": 1.1, "angle": 0 }
				],
				"translate": [
					{ "time": 0, "x": 0, "y": 29.19, "curve": "stepped" },
					{ "time": 0.3666, "x": 0, "y": 29.19, "curve": "stepped" },
					{ "time": 0.5666, "x": 0, "y": 29.19, "curve": "stepped" },
					{ "time": 0.7333, "x": 0, "y": 29.19, "curve": "stepped" },
					{ "time": 1.1, "x": 0, "y": 29.19 }
				],
				"scale": [
					{ "time": 0, "x": 1, "y": 1 },
					{ "time": 0.1333, "x": 1.265, "y": 1.265 },
					{ "time": 0.2666, "x": 0.813, "y": 0.813 },
					{ "time": 0.3666, "x": 1, "y": 1, "curve": "stepped" },
					{ "time": 0.5666, "x": 1, "y": 1, "curve": "stepped" },
					{ "time": 0.7666, "x": 1, "y": 1 },
					{ "time": 0.8333, "x": 1.376, "y": 1.376 },
					{ "time": 0.9, "x": 1, "y": 1 },
					{ "time": 0.9666, "x": 1.395, "y": 1.395 },
					{ "time": 1.0333, "x": 1, "y": 1 },
					{ "time": 1.1, "x": 1.395, "y": 1.395 }
				]
			},
			"bone23": {
				"rotate": [
					{ "time": 0, "angle": 0, "curve": "stepped" },
					{ "time": 0.7333, "angle": 0, "curve": "stepped" },
					{ "time": 1.1, "angle": 0 }
				],
				"translate": [
					{ "time": 0, "x": 0, "y": 0, "curve": "stepped" },
					{ "time": 0.7333, "x": 0, "y": 0, "curve": "stepped" },
					{ "time": 1.1, "x": 0, "y": 0 }
				],
				"scale": [
					{ "time": 0, "x": 1, "y": 1, "curve": "stepped" },
					{ "time": 0.7333, "x": 1, "y": 1 },
					{ "time": 0.8333, "x": 1.848, "y": 1.848 },
					{ "time": 0.9333, "x": 0.952, "y": 0.952 },
					{ "time": 1.0333, "x": 1.557, "y": 1.557 },
					{ "time": 1.1, "x": 1, "y": 1 }
				]
			},
			"bone22": {
				"rotate": [
					{ "time": 0, "angle": 0, "curve": "stepped" },
					{ "time": 0.7333, "angle": 0, "curve": "stepped" },
					{ "time": 1.1, "angle": 0 }
				],
				"translate": [
					{ "time": 0, "x": 0, "y": 0, "curve": "stepped" },
					{ "time": 0.7333, "x": 0, "y": 0, "curve": "stepped" },
					{ "time": 1.1, "x": 0, "y": 0 }
				],
				"scale": [
					{ "time": 0, "x": 1, "y": 1, "curve": "stepped" },
					{ "time": 0.7333, "x": 1, "y": 1 },
					{ "time": 0.8333, "x": 1.505, "y": 1.505 },
					{ "time": 0.9333, "x": 0.882, "y": 0.882 },
					{ "time": 1, "x": 1.431, "y": 1.431 },
					{ "time": 1.1, "x": 1, "y": 1 }
				]
			}
		},
		"ffd": {
			"default": {
				"huzi2": {
					"huzi": [
						{ "time": 0, "curve": "stepped" },
						{ "time": 1.1 }
					]
				},
				"meimao2": {
					"meimao": [
						{ "time": 0, "curve": "stepped" },
						{ "time": 1.1 }
					]
				},
				"tou2": {
					"tou": [
						{ "time": 0, "curve": "stepped" },
						{ "time": 1.1 }
					]
				},
				"toufa2": {
					"toufa": [
						{ "time": 0, "curve": "stepped" },
						{ "time": 1.1 }
					]
				},
				"zui2": {
					"zui": [
						{ "time": 0, "curve": "stepped" },
						{ "time": 1.1 }
					]
				}
			}
		},
		"drawOrder": [
			{ "time": 0 },
			{ "time": 1.1 }
		]
	}
}
}