{
"skeleton": { "hash": "DIuL3twvPKATy4DmfkHgTz7Hr6E", "spine": "2.1.27", "width": 127.99, "height": 122.99, "images": "" },
"bones": [
	{ "name": "root" },
	{ "name": "bone", "parent": "root", "length": 32.7, "x": -28.15, "y": 0.95, "rotation": 87.74 },
	{ "name": "bone36", "parent": "root", "x": 1.2, "y": 95.12 },
	{ "name": "bone37", "parent": "root", "x": 2.03, "y": 42.73 },
	{ "name": "bone4", "parent": "root", "length": 33.25, "x": 30.4, "y": 0.59, "rotation": 90 },
	{ "name": "bone2", "parent": "bone", "length": 44.34, "x": 33, "y": 0.08, "rotation": -1.8 },
	{ "name": "bone32", "parent": "bone", "length": 20.84, "x": 10.01, "y": 6.6, "rotation": -100.26 },
	{ "name": "bone33", "parent": "bone4", "length": 29.37, "x": 12.11, "y": -0.93, "rotation": 108.29 },
	{ "name": "bone5", "parent": "bone4", "length": 43.35, "x": 33.24, "y": 0.18, "rotation": 2.27 },
	{ "name": "bone12", "parent": "bone2", "length": 18.9, "x": 38.25, "y": -16.57, "rotation": -170.98 },
	{ "name": "bone15", "parent": "bone2", "length": 17.42, "x": 37.55, "y": -0.36, "rotation": 66.2 },
	{ "name": "bone16", "parent": "bone2", "length": 15.88, "x": 36.95, "y": -9.6, "rotation": -55.89 },
	{ "name": "bone17", "parent": "bone2", "length": 14.99, "x": 20.46, "y": -2.81, "rotation": 97.62 },
	{ "name": "bone18", "parent": "bone2", "length": 10.56, "x": 20.5, "y": -11.73, "rotation": -77.47 },
	{ "name": "bone19", "parent": "bone5", "length": 17.2, "x": 35.7, "y": -0.59, "rotation": -63.79 },
	{ "name": "bone20", "parent": "bone5", "length": 16.15, "x": 35.4, "y": 9.48, "rotation": 60.44 },
	{ "name": "bone21", "parent": "bone5", "length": 15.84, "x": 17.28, "y": 2.54, "rotation": -87.27 },
	{ "name": "bone22", "parent": "bone5", "length": 11.01, "x": 17.57, "y": 11.7, "rotation": 81.05 },
	{ "name": "bone23", "parent": "bone5", "length": 16.96, "x": 33.66, "y": -19.03, "rotation": -174.6 },
	{ "name": "bone26", "parent": "bone5", "length": 18.37, "x": 34.52, "y": 17.17, "rotation": 170.61 },
	{ "name": "bone29", "parent": "bone5", "x": 29.04, "y": 4.96 },
	{ "name": "bone3", "parent": "bone2", "length": 20.97, "x": 44.34, "y": -0.05, "rotation": 4.53 },
	{ "name": "bone30", "parent": "bone5", "x": 8.58, "y": 6.87 },
	{ "name": "bone31", "parent": "bone2", "x": 30.39, "y": -5.57 },
	{ "name": "bone34", "parent": "bone5", "length": 11.82, "x": 2.36, "y": 7.98, "rotation": -177.74 },
	{ "name": "bone35", "parent": "bone2", "length": 11.93, "x": 1.06, "y": -9.72, "rotation": 178.19 },
	{ "name": "bone6", "parent": "bone5", "length": 22.8, "x": 43.35, "y": -0.01, "rotation": -3.17 },
	{ "name": "bone7", "parent": "bone2", "x": 31.44, "y": -4.86 },
	{ "name": "bone8", "parent": "bone5", "x": 30.54, "y": 4.03 },
	{ "name": "bone9", "parent": "bone2", "length": 18.9, "x": 33.59, "y": 18.41, "rotation": 173.7 },
	{ "name": "bone10", "parent": "bone9", "length": 15.51, "x": 18.68, "y": -0.05, "rotation": 8.13 },
	{ "name": "bone13", "parent": "bone12", "length": 13.03, "x": 18.88, "y": -0.19, "rotation": 9.82 },
	{ "name": "bone24", "parent": "bone23", "length": 14.05, "x": 16.96, "y": 0.08, "rotation": -3.15 },
	{ "name": "bone27", "parent": "bone26", "length": 11.96, "x": 18.38, "y": -0.14, "rotation": 0.9 },
	{ "name": "bone11", "parent": "bone10", "length": 9.96, "x": 15.62, "y": 0.16, "rotation": 50.15 },
	{ "name": "bone14", "parent": "bone13", "length": 8.08, "x": 13.03, "y": 0.02, "rotation": -30.22 },
	{ "name": "bone25", "parent": "bone24", "length": 11.76, "x": 14.05, "y": -0.03, "rotation": -44.77 },
	{ "name": "bone28", "parent": "bone27", "length": 6.47, "x": 11.96, "y": 0.08, "rotation": 18.43 }
],
"slots": [
	{ "name": "r2_shenti2", "bone": "bone4", "attachment": "r2_shenti" },
	{ "name": "r2_toufa3", "bone": "bone26", "attachment": "r2_toufa2" },
	{ "name": "bone5", "bone": "bone5", "attachment": "r2_tou" },
	{ "name": "r2_yanbai2", "bone": "bone29", "attachment": "r2_yanbai" },
	{ "name": "r2_yanzhu2", "bone": "bone8", "attachment": "r2_yanzhu" },
	{ "name": "r2_zui2", "bone": "bone30", "attachment": "r2_zui" },
	{ "name": "r2_huzi2", "bone": "bone21", "attachment": "r2_huzi" },
	{ "name": "r2_toufa4", "bone": "bone23", "attachment": "r2_toufa1" },
	{ "name": "r2_touguan2", "bone": "bone6", "attachment": "r2_touguan" },
	{ "name": "r2_bizi2", "bone": "bone5", "attachment": "r2_bizi" },
	{ "name": "r2_meimao2", "bone": "bone19", "attachment": "r2_meimao" },
	{ "name": "r1_shenti2", "bone": "bone", "attachment": "r1_shenti" },
	{ "name": "r1_toufa4", "bone": "bone12", "attachment": "r1_toufa2" },
	{ "name": "bone3", "bone": "bone2", "attachment": "r1_tou" },
	{ "name": "r1_yanbai2", "bone": "bone31", "attachment": "r1_yanbai" },
	{ "name": "r1_yanzhu2", "bone": "bone7", "attachment": "r1_yanzhu" },
	{ "name": "bone2", "bone": "bone2", "attachment": "r1_zui1" },
	{ "name": "r1_huzi3", "bone": "bone35", "attachment": "r1_huzi1" },
	{ "name": "r1_toufa3", "bone": "bone9", "attachment": "r1_toufa1" },
	{ "name": "r1_touguan", "bone": "bone3", "attachment": "r1_touguan" },
	{ "name": "r1_huzi2", "bone": "bone18", "attachment": "r1_huzi" },
	{ "name": "r1_bizi2", "bone": "bone2", "attachment": "r1_bizi" },
	{ "name": "r1_meimao2", "bone": "bone16", "attachment": "r1_meimao" },
	{ "name": "shouwan3", "bone": "bone33", "attachment": "shouwan2" },
	{ "name": "shouwan4", "bone": "bone32", "attachment": "shouwan1" },
	{ "name": "bone33", "bone": "bone33", "attachment": "shou" },
	{ "name": "xiangji2", "bone": "bone36", "attachment": "xiangji" },
	{ "name": "r2_huzi3", "bone": "bone34", "attachment": "r2_huzi2" },
	{ "name": "liang", "bone": "bone37" },
	{ "name": "xiaoguang", "bone": "bone36" }
],
"skins": {
	"default": {
		"bone2": {
			"r1_zui1": {
				"type": "mesh",
				"uvs": [ 0.35017, 0.20399, 0.58864, 0.31168, 0.90248, 0.10553, 1, 0.16706, 1, 0.58553, 0.77017, 1, 0.30556, 1, 0.12248, 0.7763, 0, 0.4163, 0, 0, 0.14402, 0 ],
				"triangles": [ 8, 9, 10, 8, 10, 0, 1, 2, 3, 4, 1, 3, 7, 8, 0, 7, 0, 1, 6, 7, 1, 5, 6, 1, 4, 5, 1 ],
				"vertices": [ 13.79, 0.15, 12.83, -6.13, 16.08, -14.08, 15.46, -16.66, 10.04, -17.04999, 4.23999, -11.47, 3.39, 0.57, 5.95, 5.53, 10.39, 9.03, 15.79, 9.42, 16.06, 5.68 ],
				"hull": 11,
				"edges": [ 18, 20, 20, 0, 0, 2, 2, 4, 4, 6, 16, 18, 16, 14, 14, 12, 6, 8, 10, 12, 8, 10 ],
				"width": 26,
				"height": 13
			}
		},
		"bone3": {
			"r1_tou": { "x": 21.81, "y": 2.32, "rotation": -85.94, "width": 43, "height": 47 }
		},
		"bone33": {
			"shou": { "x": 32.74, "y": -3.07, "rotation": 161.7, "width": 41, "height": 26 }
		},
		"bone5": {
			"r2_tou": { "x": 21.95, "y": -1.93, "rotation": -92.27, "width": 43, "height": 47 }
		},
		"liang": {
			"daguang": { "x": -0.78, "y": 15.72, "width": 127, "height": 126 }
		},
		"r1_bizi2": {
			"r1_bizi": { "x": 22.48, "y": -7.14, "rotation": -85.94, "width": 14, "height": 11 }
		},
		"r1_huzi2": {
			"r1_huzi": {
				"type": "skinnedmesh",
				"uvs": [ 1, 0.20159, 1, 0.70053, 0.87737, 1, 0.72492, 1, 0.71059, 0.98778, 0.55071, 0.85143, 0.43772, 0.90029, 0.36557, 1, 0.25345, 1, 0.16334, 1, 0, 0.63694, 0, 0.33845, 0.15257, 0, 0.26963, 0, 0.34447, 0.19187, 0.43237, 0.11625, 0.55623, 0.20995, 0.69372, 0.08538, 0.86524, 0 ],
				"triangles": [ 6, 7, 14, 8, 14, 7, 8, 9, 10, 16, 5, 6, 14, 8, 13, 15, 16, 6, 15, 6, 14, 10, 11, 13, 13, 11, 12, 10, 13, 8, 1, 18, 0, 2, 3, 4, 18, 1, 2, 4, 5, 16, 2, 4, 17, 17, 4, 16, 2, 17, 18 ],
				"vertices": [ 1, 13, 11.96, 1.84, 1, 1, 13, 11.15, -3.58, 1, 2, 13, 6.3, -6.19, 0.99892, 12, -15.66, 6.77, 0.00107, 2, 13, 0.87, -5.38, 0.99558, 12, -10.18, 6.43, 0.00441, 2, 13, 0.38, -5.17999, 0.87046, 12, -9.68, 6.26, 0.12953, 2, 13, -5.08, -2.85, 0.51689, 12, -4.02, 4.41, 0.4831, 2, 13, -9.18, -2.78, 0.15226, 12, 0.06, 4.69, 0.84773, 2, 13, -11.91, -3.48, 0.0168, 12, 2.72, 5.63, 0.98319, 2, 13, -15.9, -2.89, 6.2E-4, 12, 6.75, 5.38, 0.99937, 2, 13, -19.11, -2.41, 0, 12, 9.97999, 5.17999, 1, 2, 13, -24.34, 2.39, 0, 12, 15.61, 0.83, 1, 2, 13, -23.86, 5.64, 0, 12, 15.4, -2.44, 1, 1, 12, 9.68999, -5.82, 1, 1, 12, 5.48, -5.56, 1, 2, 13, -11.36, 5.41, 0.00774, 12, 2.93, -3.28, 0.99225, 2, 13, -8.1, 5.77, 0.14792, 12, -0.27, -3.92, 0.85207, 2, 13, -3.85, 4.09, 0.5055, 12, -4.66, -2.60999, 0.49448, 2, 13, 1.24, 4.71999, 0.86781, 12, -9.68, -3.67, 0.13218, 2, 13, 7.49, 4.73999, 0.99544, 12, -15.9, -4.23, 0.00455 ],
				"hull": 19,
				"edges": [ 30, 12, 12, 14, 12, 10, 10, 32, 32, 30, 32, 34, 6, 8, 8, 10, 34, 8, 34, 36, 4, 6, 36, 4, 36, 0, 30, 28, 28, 26, 24, 26, 24, 22, 20, 22, 20, 18, 0, 2, 4, 2, 28, 14, 14, 16, 16, 18, 16, 26 ],
				"width": 36,
				"height": 11
			}
		},
		"r1_huzi3": {
			"r1_huzi1": { "x": 3.54, "y": -0.7, "rotation": 95.86, "width": 28, "height": 15 }
		},
		"r1_meimao2": {
			"r1_meimao": {
				"type": "skinnedmesh",
				"uvs": [ 1, 1, 0.56309, 1, 0.46242, 1, 0, 1, 0, 0, 0.45068, 0, 0.58885, 0, 1, 0 ],
				"triangles": [ 1, 2, 5, 3, 5, 2, 3, 4, 5, 6, 1, 5, 6, 7, 0, 1, 6, 0 ],
				"vertices": [ 1, 11, 10.83, -8.28, 1, 1, 11, -3.53, 0.02, 1, 1, 10, -3.41, 1.59, 1, 1, 10, 12.11, 9.8, 1, 1, 10, 18.18, -1.68, 1, 1, 10, 3.05, -9.68, 1, 1, 11, 3.81, 10.78, 1, 1, 11, 17.33, 2.96, 1 ],
				"hull": 8,
				"edges": [ 6, 8, 0, 14, 12, 14, 0, 2, 12, 2, 8, 10, 10, 12, 2, 4, 4, 6, 10, 4 ],
				"width": 38,
				"height": 13
			}
		},
		"r1_shenti2": {
			"r1_shenti": { "x": 18.37, "y": 1.28, "rotation": -87.74, "width": 67, "height": 38 }
		},
		"r1_toufa3": {
			"r1_toufa1": {
				"type": "skinnedmesh",
				"uvs": [ 0.7443, 0.07973, 0.71693, 0.17553, 0.71969, 0.29553, 0.74227, 0.405, 0.75551, 0.5116, 0.72562, 0.57035, 0.68989, 0.64989, 0.65847, 0.70584, 0.81114, 0.68813, 0.94493, 0.75183, 0.93605, 0.89867, 0.72915, 1, 0.38777, 0.96349, 0.19973, 0.90838, 0, 0.80533, 0, 0.64146, 0, 0.52107, 0.08505, 0.41922, 0.33624, 0.29627, 0.379, 0.17849, 0.39175, 0.08346, 0.40294, 0, 0.57898, 0, 0.76707, 0, 0.5887, 0.8328, 0.45073, 0.79756, 0.35818, 0.72463, 0.35295, 0.60687, 0.37863, 0.51633, 0.42218, 0.41192, 0.50212, 0.29595, 0.53427, 0.17713, 0.55697, 0.08722 ],
				"triangles": [ 19, 20, 31, 31, 32, 1, 20, 21, 32, 32, 22, 0, 32, 21, 22, 0, 22, 23, 31, 20, 32, 1, 32, 0, 12, 24, 11, 11, 24, 10, 12, 25, 24, 12, 13, 25, 24, 8, 10, 10, 8, 9, 24, 7, 8, 24, 25, 7, 13, 26, 25, 13, 14, 26, 14, 15, 26, 25, 26, 7, 15, 27, 26, 7, 26, 6, 6, 26, 27, 6, 27, 5, 15, 16, 27, 27, 28, 5, 27, 16, 28, 5, 28, 4, 16, 17, 28, 4, 29, 3, 4, 28, 29, 28, 17, 29, 17, 18, 29, 3, 30, 2, 3, 29, 30, 29, 18, 30, 18, 19, 30, 2, 31, 1, 2, 30, 31, 30, 19, 31 ],
				"vertices": [ 3, 29, -6.16, 4.25, 0.11999, 30, -23.99, 7.78, 0, 5, 39.25999, 13.5, 0.88, 3, 29, -0.93, 4.4, 0.49999, 30, -18.79, 7.19, 0, 5, 34.04, 13.93, 0.5, 3, 29, 5.42, 5.65, 0.77541, 30, -12.31, 7.52, 0.00458, 5, 27.58, 13.39, 0.22, 2, 29, 11.11, 7.35, 0.91343, 30, -6.43, 8.39999, 0.08656, 3, 29, 16.70999, 8.77, 0.61013, 30, -0.69, 9.01, 0.38821, 34, -3.66, 18.2, 0.00165, 3, 29, 19.99, 8.47999, 0.30412, 30, 2.5, 8.26, 0.66972, 34, -2.18, 15.26, 0.02614, 3, 29, 24.4, 8.24, 0.12809, 30, 6.83, 7.39, 0.75334, 34, -0.07, 11.38, 0.11855, 3, 29, 27.53, 7.88, 0.02653, 30, 9.89, 6.6, 0.55475, 34, 1.26, 8.53, 0.4187, 3, 29, 25.8, 12.07, 0.00262, 30, 8.76, 10.99, 0.2744, 34, 3.91, 12.2, 0.72297, 2, 30, 12.05, 15, 0.14958, 34, 9.1, 12.25, 0.85041, 2, 30, 19.98, 15.04, 0.05018, 34, 14.22, 6.19, 0.94981, 2, 30, 25.68, 9.26, 0.0253, 34, 13.43, -1.88, 0.97469, 2, 30, 24.09, -0.7, 0.14043, 34, 4.76, -7.05, 0.85956, 2, 30, 21.33, -6.26, 0.4745, 34, -1.27, -8.5, 0.52549, 3, 29, 36.25, -9.92, 0.01583, 30, 15.99, -12.27, 0.81593, 34, -9.3, -8.25, 0.16823, 3, 29, 27.55, -11.52, 0.093, 30, 7.15, -12.61, 0.87455, 34, -15.23, -1.68, 0.03244, 3, 29, 21.15, -12.68, 0.33108, 30, 0.64999, -12.86, 0.66802, 34, -19.59, 3.14, 8.9E-4, 2, 29, 15.3, -11.25, 0.71966, 30, -4.92999, -10.6, 0.28033, 3, 29, 7.46, -5.28, 0.70342, 30, -11.85, -3.58, 0.07656, 5, 26.76, 24.48, 0.22, 3, 29, 0.98, -5.19999, 0.49976, 30, -18.25, -2.58999, 2.3E-4, 5, 33.18999, 23.69, 0.5, 3, 29, -4.13, -5.76, 0.12, 30, -23.39, -2.41, 0, 5, 38.33, 23.68, 0.88, 1, 5, 42.85, 23.68, 1, 1, 5, 43.21, 18.59, 1, 1, 5, 43.6, 13.15, 1, 2, 30, 16.81, 4.84, 0.1798, 34, 4.36, 2.08, 0.82019, 3, 29, 33.49, 2.85, 0.00209, 30, 15.07, 0.77, 0.52429, 34, 0.11, 0.81, 0.4736, 3, 29, 30.1, -0.49, 0.02379, 30, 11.23, -2.05, 0.82992, 34, -4.51, 1.94, 0.14627, 3, 29, 23.87, -1.78, 0.17188, 30, 4.89, -2.45, 0.82462, 34, -8.88, 6.56, 0.00348, 2, 29, 18.92, -1.93, 0.47047, 30, -0.02, -1.89, 0.52951, 2, 29, 13.15, -1.7, 0.78763, 30, -5.7, -0.85, 0.21236, 3, 29, 6.57, -0.55, 0.77751, 30, -12.05, 1.22, 0.00248, 5, 27.11, 19.68, 0.22, 3, 29, 0.1, -0.78, 0.49999, 30, -18.5, 1.9, 0, 5, 33.58, 19.2, 0.5, 3, 29, -4.79, -1.01, 0.11999, 30, -23.37, 2.36999, 0, 5, 38.47, 18.89, 0.88 ],
				"hull": 24,
				"edges": [ 38, 36, 4, 2, 32, 34, 34, 36, 6, 4, 6, 8, 26, 28, 12, 14, 28, 30, 30, 32, 8, 10, 10, 12, 14, 16, 16, 18, 18, 20, 20, 22, 22, 24, 24, 26, 16, 48, 48, 24, 20, 48, 14, 50, 50, 26, 48, 50, 28, 52, 52, 12, 50, 52, 30, 54, 54, 10, 52, 54, 32, 56, 56, 8, 54, 56, 34, 58, 58, 6, 56, 58, 36, 60, 60, 4, 58, 60, 2, 62, 62, 38, 60, 62, 44, 46, 42, 44, 46, 0, 0, 2, 44, 64, 64, 62, 0, 64, 42, 40, 40, 38, 64, 40 ],
				"width": 29,
				"height": 54
			}
		},
		"r1_toufa4": {
			"r1_toufa2": {
				"type": "skinnedmesh",
				"uvs": [ 0.25819, 0.72342, 0.19833, 0.61847, 0.18603, 0.50516, 0.21063, 0.38496, 0.20303, 0.26827, 0.14587, 0.18152, 0.06157, 0.05357, 0.28298, 0.07519, 0.38756, 0.16049, 0.50233, 0.2541, 0.53454, 0.36856, 0.58374, 0.48652, 0.76209, 0.58642, 1, 0.69142, 1, 0.82234, 1, 0.94481, 0.74474, 1, 0.44829, 1, 0.24872, 1, 0.10018, 0.92881, 0, 0.88081, 0, 0.83179, 0, 0.7867, 0.50988, 0.9361, 0.55059, 0.82659, 0.56129, 0.71035, 0.49907, 0.60137, 0.36466, 0.49679, 0.37525, 0.37662, 0.35706, 0.26098, 0.23366, 0.17436 ],
				"triangles": [ 29, 8, 9, 4, 30, 29, 29, 30, 8, 4, 5, 30, 30, 7, 8, 5, 6, 30, 30, 6, 7, 19, 20, 21, 24, 19, 21, 23, 19, 24, 24, 14, 15, 23, 24, 15, 18, 19, 23, 17, 18, 23, 16, 23, 15, 17, 23, 16, 25, 26, 12, 25, 12, 13, 0, 1, 26, 0, 26, 25, 25, 13, 14, 24, 0, 25, 24, 25, 14, 21, 22, 0, 21, 0, 24, 28, 29, 9, 28, 9, 10, 3, 4, 29, 3, 29, 28, 27, 3, 28, 27, 28, 10, 27, 10, 11, 2, 3, 27, 26, 27, 11, 26, 11, 12, 1, 2, 27, 1, 27, 26 ],
				"vertices": [ 3, 9, 25.13, -3.54, 0.12396, 31, 5.59, -4.37, 0.75512, 35, -4.21, -7.54, 0.12091, 3, 9, 19.28, -4.23, 0.5127, 31, -0.29, -4.05, 0.46919, 35, -9.46, -10.22999, 0.01809, 2, 9, 13.05, -3.94, 0.87248, 31, -6.38, -2.69, 0.12751, 2, 9, 6.51, -2.88, 0.77, 5, 31.37, -14.75, 0.23, 2, 9, 0.1, -2.47, 0.5, 5, 37.75999, -14.14, 0.5, 2, 9, -4.73999, -3.2, 0.20999, 5, 42.44, -12.66, 0.79, 1, 5, 49.34, -10.47999, 1, 1, 5, 48.46, -14.99, 1, 2, 9, -5.48, 1.7, 0.20999, 5, 43.93, -17.4, 0.79, 2, 9, -0.15, 3.55, 0.5, 5, 38.96, -20.06, 0.5, 3, 9, 6.17, 3.64, 0.76377, 31, -11.86, 5.95, 0.00622, 5, 32.72, -21.14, 0.23, 2, 9, 12.72, 4.06, 0.81976, 31, -5.34, 5.25, 0.18023, 3, 9, 18.5, 7.14, 0.46156, 31, 0.87, 7.29, 0.52459, 35, -14.16, 0.16, 0.01384, 3, 9, 24.66, 11.39, 0.0809, 31, 7.67, 10.42, 0.79373, 35, -9.85, 6.28, 0.12535, 3, 9, 31.84, 10.76, 0.00235, 31, 14.64, 8.58, 0.53114, 35, -2.91, 8.2, 0.46649, 3, 9, 38.55, 10.18, 0, 31, 21.15, 6.86, 0.17545, 35, 3.57, 9.99, 0.82454, 3, 9, 41.13, 4.83, 0, 31, 22.78, 1.15, 0.04928, 35, 7.85, 5.87, 0.95071, 3, 9, 40.62, -1.05999, 0, 31, 21.26, -4.58, 0.00725, 35, 9.43, 0.16, 0.99274, 2, 31, 20.25, -8.43, 0.06735, 35, 10.49, -3.68, 0.93264, 2, 31, 15.7, -10.31, 0.13778, 35, 7.51, -7.59, 0.8622, 2, 31, 12.64, -11.57, 0.34054, 35, 5.49, -10.22, 0.65945, 2, 31, 10.03, -10.88, 0.48122, 35, 2.9, -10.94, 0.51876, 3, 9, 28.16, -8.97999, 0.00102, 31, 7.63, -10.25, 0.66676, 35, 0.5, -11.6, 0.3322, 3, 9, 37.22, 0.46, 0, 31, 18.18, -2.49, 0.16418, 35, 5.72, 0.41, 0.83581, 3, 9, 31.29, 1.79, 5.6E-4, 31, 12.57, -0.16, 0.50763, 35, -0.3, -0.4, 0.49179, 3, 9, 24.94, 2.55, 0.11462, 31, 6.44, 1.67, 0.75982, 35, -6.52, -1.89, 0.12555, 2, 9, 18.86, 1.83, 0.47239, 31, 0.33, 2, 0.5276, 2, 9, 12.9, -0.34, 0.90508, 31, -5.91, 0.87, 0.09491, 2, 9, 6.33, 0.43, 0.77, 5, 32.06, -18, 0.23, 2, 9, -0.02, 0.62, 0.5, 5, 38.38, -17.19, 0.5, 2, 9, -4.98, -1.42, 0.20999, 5, 42.95, -14.39, 0.79 ],
				"hull": 23,
				"edges": [ 24, 22, 4, 2, 4, 6, 20, 22, 20, 18, 8, 6, 12, 14, 28, 26, 26, 24, 2, 0, 42, 44, 0, 44, 28, 30, 30, 32, 40, 42, 36, 38, 38, 40, 32, 34, 34, 36, 30, 46, 46, 38, 34, 46, 28, 48, 48, 42, 46, 48, 0, 50, 50, 26, 48, 50, 2, 52, 52, 24, 50, 52, 4, 54, 54, 22, 52, 54, 6, 56, 56, 20, 54, 56, 8, 58, 58, 18, 56, 58, 14, 16, 16, 18, 12, 60, 60, 58, 16, 60, 8, 10, 10, 12, 60, 10 ],
				"width": 20,
				"height": 55
			}
		},
		"r1_touguan": {
			"r1_touguan": { "x": 7.23, "y": 4.91, "rotation": -90.47, "width": 61, "height": 30 }
		},
		"r1_yanbai2": {
			"r1_yanbai": { "x": -0.14, "y": 1.99, "rotation": -85.94, "width": 30, "height": 13 }
		},
		"r1_yanzhu2": {
			"r1_yanzhu": { "x": -0.69, "y": 1.3, "rotation": -85.94, "width": 22, "height": 6 }
		},
		"r2_bizi2": {
			"r2_bizi": { "x": 20.29, "y": 6.63, "rotation": -92.27, "width": 14, "height": 11 }
		},
		"r2_huzi2": {
			"r2_huzi": {
				"type": "skinnedmesh",
				"uvs": [ 1, 0.29072, 1, 0.73873, 0.86241, 1, 0.76226, 1, 0.58132, 1, 0.31274, 1, 0.12429, 1, 0, 0.71874, 0, 0.23721, 0.12884, 0, 0.31969, 0.11763, 0.44083, 0.22979, 0.58028, 0.07797, 0.75738, 0, 0.90367, 0, 0.4419, 0.88181 ],
				"triangles": [ 2, 3, 1, 0, 1, 3, 5, 15, 4, 3, 13, 0, 12, 3, 4, 11, 12, 4, 13, 3, 12, 11, 4, 15, 13, 14, 0, 11, 15, 10, 5, 10, 15, 6, 10, 5, 9, 10, 6, 7, 9, 6, 9, 7, 8 ],
				"vertices": [ 1, 16, 14.94, 1.13, 1, 1, 16, 14.56, -3.32, 1, 1, 16, 9.53, -5.5, 1, 2, 17, -16.06, 2.73, 0.01474, 16, 6.04, -5.19999, 0.98525, 2, 17, -9.77, 3.47, 0.30256, 16, -0.26, -4.65, 0.69743, 2, 17, -0.43, 4.56, 0.69133, 16, -9.62, -3.84, 0.30866, 2, 17, 6.11, 5.33, 0.98558, 16, -16.19, -3.26, 0.01441, 1, 17, 10.76, 3.04, 1, 1, 17, 11.32, -1.73, 1, 2, 17, 7.11, -4.61, 0.99191, 16, -15.17, 6.68, 0.00808, 2, 17, 0.34, -4.21999, 0.85567, 16, -8.62, 4.92, 0.14432, 2, 17, -3.99, -3.6, 0.49796, 16, -4.48999, 3.44, 0.50203, 2, 17, -8.66, -5.68, 0.14887, 16, 0.49, 4.53, 0.85112, 2, 17, -14.72, -7.17, 0.00595, 16, 6.74, 4.77, 0.99404, 1, 16, 11.84, 4.32, 1, 2, 17, -4.79, 2.86, 0.50043, 16, -5.02, -3.05, 0.49956 ],
				"hull": 15,
				"edges": [ 20, 10, 20, 18, 18, 16, 22, 30, 30, 10, 22, 20, 22, 24, 8, 10, 24, 8, 8, 30, 24, 26, 26, 28, 28, 0, 0, 2, 2, 4, 14, 16, 10, 12, 14, 12, 4, 6, 6, 8, 26, 6, 18, 12 ],
				"width": 35,
				"height": 10
			}
		},
		"r2_huzi3": {
			"r2_huzi2": { "x": 4.75, "y": 1.69, "rotation": 85.47, "width": 28, "height": 15 }
		},
		"r2_meimao2": {
			"r2_meimao": {
				"type": "skinnedmesh",
				"uvs": [ 1, 1, 0.54505, 1, 0.44293, 1, 0, 1, 0, 0, 0.42724, 0, 0.56304, 0, 1, 0 ],
				"triangles": [ 3, 5, 2, 3, 4, 5, 1, 2, 5, 1, 6, 0, 6, 7, 0, 6, 1, 5 ],
				"vertices": [ 1, 14, 11.6, -8.77, 1, 1, 14, -3.59, -0.54, 1, 1, 15, -3.59, -0.18, 1, 1, 15, 11.35, 7.53, 1, 1, 15, 16.85, -3.12, 1, 1, 15, 2.43, -10.57, 1, 1, 14, 2.72, 9.68, 1, 1, 14, 17.32, 1.77, 1 ],
				"hull": 8,
				"edges": [ 6, 8, 0, 14, 12, 14, 0, 2, 12, 2, 2, 4, 4, 6, 8, 10, 10, 12, 4, 10 ],
				"width": 38,
				"height": 12
			}
		},
		"r2_shenti2": {
			"r2_shenti": { "x": 18.76, "y": -1.87, "rotation": -90, "width": 67, "height": 38 }
		},
		"r2_toufa3": {
			"r2_toufa2": {
				"type": "skinnedmesh",
				"uvs": [ 0.07999, 0.65558, 0.37103, 0.54136, 0.47765, 0.41876, 0.51799, 0.31922, 0.51799, 0.20432, 0.88972, 0.03247, 0.93294, 0.10373, 0.83209, 0.21166, 0.79174, 0.32027, 0.8292, 0.41772, 0.84937, 0.54136, 0.80327, 0.65558, 1, 0.75902, 1, 0.87062, 0.8846, 0.94935, 0.6872, 1, 0.51739, 1, 0.2756, 1, 0.0614, 0.96463, 0, 0.87739, 0, 0.77255, 0.52417, 0.95604, 0.49532, 0.87404, 0.48828, 0.76595, 0.47031, 0.65558, 0.58959, 0.54136, 0.63341, 0.4183, 0.63506, 0.31967, 0.68491, 0.20822 ],
				"triangles": [ 27, 28, 8, 27, 3, 4, 6, 7, 5, 7, 28, 5, 28, 4, 5, 8, 28, 7, 28, 27, 4, 16, 21, 15, 15, 21, 14, 16, 17, 21, 17, 18, 21, 18, 22, 21, 18, 19, 22, 21, 22, 14, 14, 22, 13, 19, 23, 22, 19, 20, 23, 13, 22, 12, 22, 23, 12, 23, 0, 24, 23, 20, 0, 23, 11, 12, 23, 24, 11, 24, 25, 11, 11, 25, 10, 0, 1, 24, 24, 1, 25, 25, 26, 10, 26, 9, 10, 1, 2, 25, 25, 2, 26, 2, 3, 26, 26, 8, 9, 26, 27, 8, 26, 3, 27 ],
				"vertices": [ 3, 19, 19.74, -9.93, 0.37724, 33, 1.2, -9.81, 0.58516, 37, -13.33, -5.98, 0.03757, 3, 19, 12.79, -4.92999, 0.79281, 33, -5.66, -4.69999, 0.2057, 37, -18.24, 1.03, 0.00147, 3, 19, 5.83, -3.65, 0.78857, 33, -12.6, -3.31, 0.01142, 8, 29.36, 21.73, 0.2, 2, 19, 0.3, -3.53, 0.49, 8, 34.8, 20.7, 0.51, 2, 19, -5.96, -4.31, 0.08999, 8, 41.11, 20.45, 0.91, 1, 8, 50.26, 12.65, 1, 1, 8, 46.31, 11.94, 1, 2, 19, -6.34, 1.97, 0.08999, 8, 40.46, 14.19, 0.91, 2, 19, -0.31, 1.9, 0.49, 8, 34.52, 15.24, 0.51, 2, 19, 4.9, 3.31, 0.8, 8, 29.14, 14.7, 0.2, 3, 19, 11.6, 4.55, 0.87064, 33, -6.7, 4.8, 0.12928, 37, -16.20999, 10.38, 6.0E-5, 3, 19, 17.95, 4.42, 0.45157, 33, -0.35, 4.57, 0.52322, 37, -10.27, 8.14999, 0.02519, 3, 19, 23.11, 9.02, 0.12286, 33, 4.87, 9.09, 0.74605, 37, -3.87, 10.79, 0.13107, 3, 19, 29.2, 9.78, 0.00221, 33, 10.97, 9.76, 0.54386, 37, 2.10999, 9.49, 0.45391, 2, 33, 15.52, 7.93, 0.19798, 37, 5.86, 6.31, 0.80201, 2, 33, 18.71999, 4.31, 0.0712, 37, 7.74, 1.87, 0.92879, 2, 33, 19.09, 0.93, 0.02473, 37, 7.02, -1.44, 0.97526, 2, 33, 19.61, -3.87, 0.11797, 37, 6, -6.17, 0.88202, 2, 33, 18.14, -8.34, 0.2202, 37, 3.19, -9.93999, 0.77979, 3, 19, 32.04, -10.01, 0.00572, 33, 13.5, -10.08, 0.53041, 37, -1.75, -10.13, 0.46386, 3, 19, 26.32, -10.72, 0.0628, 33, 7.77, -10.7, 0.78085, 37, -7.38, -8.91, 0.15632, 2, 33, 16.67, 0.8, 0.19371, 37, 4.69, -0.8, 0.80628, 2, 33, 12.25, -0.25, 0.52067, 37, 0.16, -0.41, 0.47932, 3, 19, 24.75, -1.07, 0.06932, 33, 6.35, -1.03, 0.78131, 37, -5.67, 0.7, 0.14936, 3, 19, 18.77, -2.18, 0.40516, 33, 0.36, -2.04, 0.59322, 37, -11.68, 1.64, 0.0016, 2, 19, 12.25, -0.58999, 0.85154, 33, -6.14, -0.35, 0.14845, 2, 19, 5.42, -0.56, 0.8, 8, 29.26, 18.61, 0.2, 2, 19, 0.03, -1.2, 0.49, 8, 34.68, 18.37, 0.51, 2, 19, -6.16, -0.97, 0.08999, 8, 40.77, 17.12999, 0.91 ],
				"hull": 21,
				"edges": [ 0, 2, 20, 22, 20, 18, 4, 6, 16, 18, 4, 2, 16, 14, 8, 6, 8, 10, 10, 12, 12, 14, 26, 24, 38, 40, 40, 0, 22, 24, 26, 28, 28, 30, 38, 36, 36, 34, 30, 32, 32, 34, 28, 42, 42, 36, 32, 42, 26, 44, 44, 38, 42, 44, 24, 46, 46, 40, 44, 46, 22, 48, 48, 0, 46, 48, 2, 50, 50, 20, 48, 50, 18, 52, 52, 4, 50, 52, 16, 54, 54, 6, 52, 54, 14, 56, 56, 8, 54, 56, 56, 10 ],
				"width": 20,
				"height": 55
			}
		},
		"r2_toufa4": {
			"r2_toufa1": {
				"type": "skinnedmesh",
				"uvs": [ 0.59903, 0.08357, 0.60957, 0.17968, 0.72731, 0.33908, 1, 0.48671, 1, 0.6302, 1, 0.78771, 0.77991, 0.91838, 0.41927, 0.97321, 0.1564, 0.95571, 0.03908, 0.87287, 0.04126, 0.75853, 0.16509, 0.70253, 0.28023, 0.6302, 0.22699, 0.51476, 0.25449, 0.35827, 0.27162, 0.19005, 0.24536, 0.09563, 0.21875, 0, 0.38645, 0, 0.58987, 0, 0.43205, 0.8431, 0.63061, 0.75002, 0.63783, 0.6302, 0.59979, 0.50123, 0.40808, 0.09008, 0.45236, 0.18451, 0.51255, 0.3478 ],
				"triangles": [ 25, 24, 0, 16, 17, 18, 24, 18, 19, 16, 18, 24, 24, 19, 0, 15, 16, 24, 15, 24, 25, 25, 0, 1, 7, 20, 6, 7, 8, 20, 20, 8, 10, 20, 21, 6, 6, 21, 5, 8, 9, 10, 10, 11, 20, 20, 11, 21, 5, 21, 4, 21, 22, 4, 11, 12, 21, 21, 12, 22, 22, 3, 4, 12, 23, 22, 22, 23, 3, 12, 13, 23, 13, 26, 23, 13, 14, 26, 23, 2, 3, 23, 26, 2, 14, 25, 26, 14, 15, 25, 26, 1, 2, 26, 25, 1 ],
				"vertices": [ 2, 18, -4.98, 4.96, 0.22, 8, 39.09, -23.5, 0.78, 3, 18, 0.19, 4.57, 0.52007, 32, -16.98, 3.55, 0.00992, 8, 33.89, -23.6, 0.47, 3, 18, 9.18, 6.8, 0.6434, 32, -8.13, 6.27, 0.16659, 8, 25.16, -26.67, 0.19, 3, 18, 18.14, 13.57, 0.4355, 32, 0.43, 13.53, 0.55114, 36, -19.21999, 0.04, 0.01334, 3, 18, 25.82, 12.54, 0.07596, 32, 8.14999, 12.92, 0.8292, 36, -13.31, 5.04, 0.09482, 3, 18, 34.25, 11.4, 0.01207, 32, 16.62999, 12.25, 0.58422, 36, -6.82, 10.54, 0.4037, 2, 32, 23.16, 5.33, 0.21469, 36, 2.68, 10.22, 0.7853, 2, 32, 25.29, -5.32, 0.06155, 36, 11.7, 4.15, 0.93844, 2, 32, 23.75, -12.84, 0.00615, 36, 15.9, -2.26, 0.99384, 2, 32, 19.02, -15.88, 0.05272, 36, 14.68, -7.75, 0.94727, 3, 18, 28.97, -15.93, 1.1E-4, 32, 12.87, -15.33, 0.12463, 36, 9.93, -11.69, 0.87524, 3, 18, 26.45, -11.97, 0.01562, 32, 10.14, -11.52, 0.45346, 36, 5.3, -10.9, 0.5309, 3, 18, 23.03, -8.14, 0.14755, 32, 6.51, -7.88, 0.64253, 36, 0.16, -10.88, 0.20989, 3, 18, 16.64, -8.84, 0.52214, 32, 0.17, -8.93, 0.43274, 36, -3.59, -16.08, 0.0451, 4, 18, 8.38, -6.92, 0.71081, 32, -8.18, -7.47, 0.09866, 36, -10.55, -20.93, 5.2E-4, 8, 24.67, -12.93, 0.19, 3, 18, -0.55, -5.21, 0.52812, 32, -17.19, -6.26, 0.00187, 8, 33.72, -13.79, 0.47, 2, 18, -5.7, -5.28, 0.22, 8, 38.84999, -13.23, 0.78, 1, 8, 44.04, -12.66, 1, 1, 8, 43.84, -17.52, 1, 1, 8, 43.61, -23.42, 1, 2, 32, 18.32, -4.4, 0.17961, 36, 6.09, -0.09, 0.82038, 3, 18, 30.8, 1.05999, 7.7E-4, 32, 13.76, 1.73, 0.51817, 36, -1.45, 1.04999, 0.48105, 3, 18, 24.41, 2.13, 0.12602, 32, 7.33, 2.45, 0.74368, 36, -6.53, -2.96, 0.13028, 3, 18, 17.36, 1.97, 0.45926, 32, 0.3, 1.9, 0.54021, 36, -11.13, -8.3, 5.1E-4, 2, 18, -5.37, -0.57, 0.22, 8, 38.96, -17.95999, 0.78, 2, 18, -0.15, 0.01, 0.52999, 8, 33.81, -19.04, 0.47, 3, 18, 8.82, 0.57, 0.71723, 32, -8.14999, 0.03, 0.09276, 8, 24.93, -20.43, 0.19 ],
				"hull": 20,
				"edges": [ 26, 28, 4, 2, 4, 6, 34, 32, 32, 30, 38, 0, 0, 2, 22, 24, 6, 8, 8, 10, 26, 24, 22, 20, 20, 18, 18, 16, 16, 14, 14, 12, 12, 10, 20, 40, 40, 12, 16, 40, 10, 42, 42, 22, 40, 42, 8, 44, 44, 24, 42, 44, 6, 46, 46, 26, 44, 46, 28, 52, 52, 4, 46, 52, 2, 50, 50, 30, 52, 50, 32, 48, 48, 0, 50, 48, 34, 36, 36, 38, 48, 36, 30, 28 ],
				"width": 29,
				"height": 54
			}
		},
		"r2_touguan2": {
			"r2_touguan": { "x": 8.26, "y": -4.64, "rotation": -89.09, "width": 61, "height": 30 }
		},
		"r2_yanbai2": {
			"r2_yanbai": { "x": 0.14, "y": -1.18, "rotation": -92.27, "width": 29, "height": 13 }
		},
		"r2_yanzhu2": {
			"r2_yanzhu": { "x": -0.37, "y": -0.79, "rotation": -92.27, "width": 22, "height": 5 }
		},
		"r2_zui2": {
			"r2_zui": { "x": 0.69, "y": -0.3, "rotation": -92.27, "width": 13, "height": 5 }
		},
		"shouwan3": {
			"shouwan2": { "x": 11.7, "y": 0.18, "rotation": 161.7, "width": 33, "height": 29 }
		},
		"shouwan4": {
			"shouwan1": { "x": 11.17, "y": 1.08, "rotation": 12.51, "width": 34, "height": 29 }
		},
		"xiangji2": {
			"xiangji": { "x": 1.57, "y": -0.76, "width": 56, "height": 42 }
		},
		"xiaoguang": {
			"xiaoguang": { "x": 17.09, "y": 5.43, "width": 32, "height": 32 }
		}
	}
},
"animations": {
	"animation": {
		"slots": {
			"bone2": {
				"attachment": [
					{ "time": 0, "name": "r1_zui1" },
					{ "time": 1.3333, "name": "r1_zui1" }
				]
			},
			"bone3": {
				"attachment": [
					{ "time": 0, "name": "r1_tou" },
					{ "time": 1.3333, "name": "r1_tou" }
				]
			},
			"bone5": {
				"attachment": [
					{ "time": 0, "name": "r2_tou" },
					{ "time": 1.3333, "name": "r2_tou" }
				]
			},
			"bone33": {
				"attachment": [
					{ "time": 0, "name": "shou" },
					{ "time": 1.3333, "name": "shou" }
				]
			},
			"liang": {
				"attachment": [
					{ "time": 0, "name": null },
					{ "time": 1.0666, "name": "daguang" },
					{ "time": 1.1333, "name": null },
					{ "time": 1.3333, "name": null }
				]
			},
			"r1_bizi2": {
				"attachment": [
					{ "time": 0, "name": "r1_bizi" },
					{ "time": 1.3333, "name": "r1_bizi" }
				]
			},
			"r1_huzi2": {
				"attachment": [
					{ "time": 0, "name": "r1_huzi" },
					{ "time": 1.3333, "name": "r1_huzi" }
				]
			},
			"r1_huzi3": {
				"attachment": [
					{ "time": 0, "name": "r1_huzi1" },
					{ "time": 1.3333, "name": "r1_huzi1" }
				]
			},
			"r1_meimao2": {
				"attachment": [
					{ "time": 0, "name": "r1_meimao" },
					{ "time": 1.3333, "name": "r1_meimao" }
				]
			},
			"r1_shenti2": {
				"attachment": [
					{ "time": 0, "name": "r1_shenti" },
					{ "time": 1.3333, "name": "r1_shenti" }
				]
			},
			"r1_toufa3": {
				"attachment": [
					{ "time": 0, "name": "r1_toufa1" },
					{ "time": 1.3333, "name": "r1_toufa1" }
				]
			},
			"r1_toufa4": {
				"attachment": [
					{ "time": 0, "name": "r1_toufa2" },
					{ "time": 1.3333, "name": "r1_toufa2" }
				]
			},
			"r1_touguan": {
				"attachment": [
					{ "time": 0, "name": "r1_touguan" },
					{ "time": 1.3333, "name": "r1_touguan" }
				]
			},
			"r1_yanbai2": {
				"attachment": [
					{ "time": 0, "name": "r1_yanbai" },
					{ "time": 1.3333, "name": "r1_yanbai" }
				]
			},
			"r1_yanzhu2": {
				"attachment": [
					{ "time": 0, "name": "r1_yanzhu" },
					{ "time": 1.3333, "name": "r1_yanzhu" }
				]
			},
			"r2_bizi2": {
				"attachment": [
					{ "time": 0, "name": "r2_bizi" },
					{ "time": 1.3333, "name": "r2_bizi" }
				]
			},
			"r2_huzi2": {
				"attachment": [
					{ "time": 0, "name": "r2_huzi" },
					{ "time": 1.3333, "name": "r2_huzi" }
				]
			},
			"r2_huzi3": {
				"attachment": [
					{ "time": 0, "name": "r2_huzi2" },
					{ "time": 1.3333, "name": "r2_huzi2" }
				]
			},
			"r2_meimao2": {
				"attachment": [
					{ "time": 0, "name": "r2_meimao" },
					{ "time": 1.3333, "name": "r2_meimao" }
				]
			},
			"r2_shenti2": {
				"attachment": [
					{ "time": 0, "name": "r2_shenti" },
					{ "time": 1.3333, "name": "r2_shenti" }
				]
			},
			"r2_toufa3": {
				"attachment": [
					{ "time": 0, "name": "r2_toufa2" },
					{ "time": 1.3333, "name": "r2_toufa2" }
				]
			},
			"r2_toufa4": {
				"attachment": [
					{ "time": 0, "name": "r2_toufa1" },
					{ "time": 1.3333, "name": "r2_toufa1" }
				]
			},
			"r2_touguan2": {
				"attachment": [
					{ "time": 0, "name": "r2_touguan" },
					{ "time": 1.3333, "name": "r2_touguan" }
				]
			},
			"r2_yanbai2": {
				"attachment": [
					{ "time": 0, "name": "r2_yanbai" },
					{ "time": 1.3333, "name": "r2_yanbai" }
				]
			},
			"r2_yanzhu2": {
				"attachment": [
					{ "time": 0, "name": "r2_yanzhu" },
					{ "time": 1.3333, "name": "r2_yanzhu" }
				]
			},
			"r2_zui2": {
				"attachment": [
					{ "time": 0, "name": "r2_zui" },
					{ "time": 1.3333, "name": "r2_zui" }
				]
			},
			"shouwan3": {
				"attachment": [
					{ "time": 0, "name": "shouwan2" },
					{ "time": 1.3333, "name": "shouwan2" }
				]
			},
			"shouwan4": {
				"attachment": [
					{ "time": 0, "name": "shouwan1" },
					{ "time": 1.3333, "name": "shouwan1" }
				]
			},
			"xiangji2": {
				"attachment": [
					{ "time": 0, "name": "xiangji" },
					{ "time": 1.3333, "name": "xiangji" }
				]
			},
			"xiaoguang": {
				"attachment": [
					{ "time": 0, "name": null },
					{ "time": 1, "name": "xiaoguang" },
					{ "time": 1.1333, "name": "xiaoguang" },
					{ "time": 1.1666, "name": null },
					{ "time": 1.3333, "name": null }
				]
			}
		},
		"bones": {
			"root": {
				"rotate": [
					{ "time": 0, "angle": 0, "curve": "stepped" },
					{ "time": 0.6, "angle": 0, "curve": "stepped" },
					{ "time": 0.8666, "angle": 0, "curve": "stepped" },
					{ "time": 1, "angle": 0, "curve": "stepped" },
					{ "time": 1.3333, "angle": 0 }
				],
				"translate": [
					{ "time": 0, "x": 0, "y": 0, "curve": "stepped" },
					{ "time": 0.6, "x": 0, "y": 0, "curve": "stepped" },
					{ "time": 0.8666, "x": 0, "y": 0, "curve": "stepped" },
					{ "time": 1, "x": 0, "y": 0, "curve": "stepped" },
					{ "time": 1.3333, "x": 0, "y": 0 }
				],
				"scale": [
					{ "time": 0, "x": 1, "y": 1, "curve": "stepped" },
					{ "time": 0.6, "x": 1, "y": 1, "curve": "stepped" },
					{ "time": 0.8666, "x": 1, "y": 1, "curve": "stepped" },
					{ "time": 1, "x": 1, "y": 1, "curve": "stepped" },
					{ "time": 1.3333, "x": 1, "y": 1 }
				]
			},
			"bone": {
				"rotate": [
					{ "time": 0, "angle": 0, "curve": "stepped" },
					{ "time": 0.4666, "angle": 0 },
					{ "time": 0.6, "angle": -13.12, "curve": "stepped" },
					{ "time": 0.8666, "angle": -13.12 },
					{ "time": 1, "angle": -11.34 },
					{ "time": 1.3333, "angle": -13.12 }
				],
				"translate": [
					{ "time": 0, "x": 0, "y": 0, "curve": "stepped" },
					{ "time": 0.4666, "x": 0, "y": 0 },
					{ "time": 0.6, "x": 1.66, "y": 1.66 },
					{ "time": 0.8666, "x": 0, "y": 0, "curve": "stepped" },
					{ "time": 1, "x": 0, "y": 0, "curve": "stepped" },
					{ "time": 1.3333, "x": 0, "y": 0 }
				],
				"scale": [
					{ "time": 0, "x": 1, "y": 1, "curve": "stepped" },
					{ "time": 0.6, "x": 1, "y": 1, "curve": "stepped" },
					{ "time": 0.8666, "x": 1, "y": 1, "curve": "stepped" },
					{ "time": 1, "x": 1, "y": 1, "curve": "stepped" },
					{ "time": 1.3333, "x": 1, "y": 1 }
				]
			},
			"bone36": {
				"rotate": [
					{ "time": 0, "angle": 0, "curve": "stepped" },
					{ "time": 0.3333, "angle": 0 },
					{ "time": 0.7666, "angle": 0.97, "curve": "stepped" },
					{ "time": 1.0333, "angle": 0.97 },
					{ "time": 1.1333, "angle": 0, "curve": "stepped" },
					{ "time": 1.3333, "angle": 0 }
				],
				"translate": [
					{ "time": 0, "x": -2.21, "y": -66.59, "curve": "stepped" },
					{ "time": 0.2, "x": -2.21, "y": -66.59 },
					{ "time": 0.3333, "x": -1.66, "y": -58.27 },
					{ "time": 0.6, "x": -2.21, "y": -66.59 },
					{ "time": 0.7666, "x": -2.21, "y": -60.49, "curve": "stepped" },
					{ "time": 1.0333, "x": -2.21, "y": -60.49, "curve": "stepped" },
					{ "time": 1.3333, "x": -2.21, "y": -60.49 }
				],
				"scale": [
					{ "time": 0, "x": 0, "y": 0, "curve": "stepped" },
					{ "time": 0.2, "x": 0, "y": 0 },
					{ "time": 0.3333, "x": 0.363, "y": 0.363 },
					{ "time": 0.4333, "x": 1, "y": 1, "curve": "stepped" },
					{ "time": 0.9333, "x": 1, "y": 1 },
					{ "time": 1.0333, "x": 1.217, "y": 1.217 },
					{ "time": 1.1666, "x": 1, "y": 1, "curve": "stepped" },
					{ "time": 1.3333, "x": 1, "y": 1 }
				]
			},
			"bone4": {
				"rotate": [
					{ "time": 0, "angle": 0, "curve": "stepped" },
					{ "time": 0.6, "angle": 0, "curve": "stepped" },
					{ "time": 0.8666, "angle": 0, "curve": "stepped" },
					{ "time": 1, "angle": 0, "curve": "stepped" },
					{ "time": 1.3333, "angle": 0 }
				],
				"translate": [
					{ "time": 0, "x": 0, "y": 0, "curve": "stepped" },
					{ "time": 0.6, "x": 0, "y": 0, "curve": "stepped" },
					{ "time": 0.8666, "x": 0, "y": 0, "curve": "stepped" },
					{ "time": 1, "x": 0, "y": 0, "curve": "stepped" },
					{ "time": 1.3333, "x": 0, "y": 0 }
				],
				"scale": [
					{ "time": 0, "x": 1, "y": 1, "curve": "stepped" },
					{ "time": 0.6, "x": 1, "y": 1, "curve": "stepped" },
					{ "time": 0.8666, "x": 1, "y": 1, "curve": "stepped" },
					{ "time": 1, "x": 1, "y": 1, "curve": "stepped" },
					{ "time": 1.3333, "x": 1, "y": 1 }
				]
			},
			"bone2": {
				"rotate": [
					{ "time": 0, "angle": 8.43 },
					{ "time": 0.1, "angle": 8.88 },
					{ "time": 0.2, "angle": 6.5 },
					{ "time": 0.3333, "angle": 8.88 },
					{ "time": 0.4666, "angle": 6.5 },
					{ "time": 0.6, "angle": 8.43 },
					{ "time": 0.8666, "angle": 0, "curve": "stepped" },
					{ "time": 1, "angle": 0, "curve": "stepped" },
					{ "time": 1.3333, "angle": 0 }
				],
				"translate": [
					{ "time": 0, "x": 0, "y": 0 },
					{ "time": 0.1333, "x": -1.6, "y": -0.06 },
					{ "time": 0.2666, "x": 0, "y": 0 },
					{ "time": 0.4, "x": -1.6, "y": -0.06 },
					{ "time": 0.5333, "x": 0, "y": 0 },
					{ "time": 0.6, "x": -1.6, "y": -0.06 },
					{ "time": 0.8666, "x": 0, "y": 0, "curve": "stepped" },
					{ "time": 1, "x": 0, "y": 0, "curve": "stepped" },
					{ "time": 1.3333, "x": 0, "y": 0 }
				],
				"scale": [
					{ "time": 0, "x": 1, "y": 1, "curve": "stepped" },
					{ "time": 0.6, "x": 1, "y": 1, "curve": "stepped" },
					{ "time": 0.8666, "x": 1, "y": 1, "curve": "stepped" },
					{ "time": 1, "x": 1, "y": 1, "curve": "stepped" },
					{ "time": 1.3333, "x": 1, "y": 1 }
				]
			},
			"bone32": {
				"rotate": [
					{ "time": 0, "angle": 0, "curve": "stepped" },
					{ "time": 0.1, "angle": 0, "curve": "stepped" },
					{ "time": 0.2, "angle": 0, "curve": "stepped" },
					{ "time": 0.3, "angle": 0, "curve": "stepped" },
					{ "time": 0.4, "angle": 0, "curve": "stepped" },
					{ "time": 0.5, "angle": 0, "curve": "stepped" },
					{ "time": 0.6, "angle": 0 },
					{ "time": 0.8666, "angle": 7.47 },
					{ "time": 1, "angle": 7.62 },
					{ "time": 1.3333, "angle": 9.01 }
				],
				"translate": [
					{ "time": 0, "x": 0.06, "y": -1.72 },
					{ "time": 0.1, "x": 0.03, "y": -0.98 },
					{ "time": 0.2, "x": 0.06, "y": -1.72 },
					{ "time": 0.3, "x": 0.03, "y": -0.98 },
					{ "time": 0.4, "x": 0.06, "y": -1.72 },
					{ "time": 0.5, "x": 0.03, "y": -0.98 },
					{ "time": 0.6, "x": 0, "y": 0, "curve": "stepped" },
					{ "time": 0.8666, "x": 0, "y": 0, "curve": "stepped" },
					{ "time": 1, "x": 0, "y": 0, "curve": "stepped" },
					{ "time": 1.3333, "x": 0, "y": 0 }
				],
				"scale": [
					{ "time": 0, "x": 1, "y": 1, "curve": "stepped" },
					{ "time": 0.1, "x": 1, "y": 1, "curve": "stepped" },
					{ "time": 0.2, "x": 1, "y": 1, "curve": "stepped" },
					{ "time": 0.3, "x": 1, "y": 1, "curve": "stepped" },
					{ "time": 0.4, "x": 1, "y": 1, "curve": "stepped" },
					{ "time": 0.5, "x": 1, "y": 1, "curve": "stepped" },
					{ "time": 0.6, "x": 1, "y": 1, "curve": "stepped" },
					{ "time": 0.8666, "x": 1, "y": 1, "curve": "stepped" },
					{ "time": 1, "x": 1, "y": 1, "curve": "stepped" },
					{ "time": 1.3333, "x": 1, "y": 1 }
				]
			},
			"bone33": {
				"rotate": [
					{ "time": 0, "angle": 0 },
					{ "time": 0.1333, "angle": -0.9 },
					{ "time": 0.2666, "angle": 0 },
					{ "time": 0.4, "angle": -0.9, "curve": "stepped" },
					{ "time": 0.5, "angle": -0.9 },
					{ "time": 0.6333, "angle": 0, "curve": "stepped" },
					{ "time": 0.8666, "angle": 0, "curve": "stepped" },
					{ "time": 1, "angle": 0, "curve": "stepped" },
					{ "time": 1.3333, "angle": 0 }
				],
				"translate": [
					{ "time": 0, "x": 0, "y": 0 },
					{ "time": 0.1333, "x": 0, "y": 0.73 },
					{ "time": 0.2666, "x": 0, "y": 0 },
					{ "time": 0.4, "x": 0, "y": 0.73, "curve": "stepped" },
					{ "time": 0.5, "x": 0, "y": 0.73 },
					{ "time": 0.6333, "x": 0, "y": 0, "curve": "stepped" },
					{ "time": 0.8666, "x": 0, "y": 0, "curve": "stepped" },
					{ "time": 1, "x": 0, "y": 0, "curve": "stepped" },
					{ "time": 1.3333, "x": 0, "y": 0 }
				],
				"scale": [
					{ "time": 0, "x": 1, "y": 1, "curve": "stepped" },
					{ "time": 0.2666, "x": 1, "y": 1, "curve": "stepped" },
					{ "time": 0.6333, "x": 1, "y": 1, "curve": "stepped" },
					{ "time": 0.8666, "x": 1, "y": 1, "curve": "stepped" },
					{ "time": 1, "x": 1, "y": 1, "curve": "stepped" },
					{ "time": 1.3333, "x": 1, "y": 1 }
				]
			},
			"bone5": {
				"rotate": [
					{ "time": 0, "angle": -0.29 },
					{ "time": 0.2666, "angle": -1.78 },
					{ "time": 0.6, "angle": -0.29 },
					{ "time": 0.8666, "angle": 0, "curve": "stepped" },
					{ "time": 1, "angle": 0 },
					{ "time": 1.3333, "angle": 0.9 }
				],
				"translate": [
					{ "time": 0, "x": 0, "y": 0 },
					{ "time": 0.1666, "x": -1.15, "y": 0 },
					{ "time": 0.6, "x": -0.75, "y": 0 },
					{ "time": 0.8666, "x": 0, "y": 0, "curve": "stepped" },
					{ "time": 1, "x": 0, "y": 0, "curve": "stepped" },
					{ "time": 1.3333, "x": 0, "y": 0 }
				],
				"scale": [
					{ "time": 0, "x": 1, "y": 1, "curve": "stepped" },
					{ "time": 0.6, "x": 1, "y": 1, "curve": "stepped" },
					{ "time": 0.8666, "x": 1, "y": 1, "curve": "stepped" },
					{ "time": 1, "x": 1, "y": 1, "curve": "stepped" },
					{ "time": 1.3333, "x": 1, "y": 1 }
				]
			},
			"bone12": {
				"rotate": [
					{ "time": 0, "angle": 0 },
					{ "time": 0.2, "angle": 3.74 },
					{ "time": 0.4333, "angle": -3.61 },
					{ "time": 0.6, "angle": 1.77 },
					{ "time": 0.8333, "angle": -3.32 },
					{ "time": 1, "angle": 0, "curve": "stepped" },
					{ "time": 1.3333, "angle": 0 }
				],
				"translate": [
					{ "time": 0, "x": 0, "y": 0, "curve": "stepped" },
					{ "time": 0.6, "x": 0, "y": 0, "curve": "stepped" },
					{ "time": 1, "x": 0, "y": 0, "curve": "stepped" },
					{ "time": 1.3333, "x": 0, "y": 0 }
				],
				"scale": [
					{ "time": 0, "x": 1, "y": 1, "curve": "stepped" },
					{ "time": 0.6, "x": 1, "y": 1, "curve": "stepped" },
					{ "time": 1, "x": 1, "y": 1, "curve": "stepped" },
					{ "time": 1.3333, "x": 1, "y": 1 }
				]
			},
			"bone15": {
				"rotate": [
					{ "time": 0, "angle": 0 },
					{ "time": 0.2, "angle": -11.99 },
					{ "time": 0.4, "angle": -0.82 },
					{ "time": 0.6, "angle": -10.68 },
					{ "time": 1, "angle": 0, "curve": "stepped" },
					{ "time": 1.3333, "angle": 0 }
				],
				"translate": [
					{ "time": 0, "x": 0.08, "y": -1.26 },
					{ "time": 1, "x": 0, "y": 0, "curve": "stepped" },
					{ "time": 1.3333, "x": 0, "y": 0 }
				],
				"scale": [
					{ "time": 0, "x": 1, "y": 1, "curve": "stepped" },
					{ "time": 1, "x": 1, "y": 1, "curve": "stepped" },
					{ "time": 1.3333, "x": 1, "y": 1 }
				]
			},
			"bone16": {
				"rotate": [
					{ "time": 0, "angle": 0 },
					{ "time": 0.2, "angle": 15.45 },
					{ "time": 0.4, "angle": -0.72 },
					{ "time": 0.6333, "angle": 13.87 },
					{ "time": 1, "angle": 0, "curve": "stepped" },
					{ "time": 1.3333, "angle": 0 }
				],
				"translate": [
					{ "time": 0, "x": 0.08, "y": -1.26 },
					{ "time": 1, "x": 0, "y": 0, "curve": "stepped" },
					{ "time": 1.3333, "x": 0, "y": 0 }
				],
				"scale": [
					{ "time": 0, "x": 1, "y": 1, "curve": "stepped" },
					{ "time": 1, "x": 1, "y": 1, "curve": "stepped" },
					{ "time": 1.3333, "x": 1, "y": 1 }
				]
			},
			"bone17": {
				"rotate": [
					{ "time": 0, "angle": 0 },
					{ "time": 0.1666, "angle": 9.19 },
					{ "time": 0.3333, "angle": 0 },
					{ "time": 0.5333, "angle": 9.19 },
					{ "time": 0.7333, "angle": -12.35 },
					{ "time": 1, "angle": 0, "curve": "stepped" },
					{ "time": 1.3333, "angle": 0 }
				],
				"translate": [
					{ "time": 0, "x": 0, "y": 0, "curve": "stepped" },
					{ "time": 0.6, "x": 0, "y": 0, "curve": "stepped" },
					{ "time": 1, "x": 0, "y": 0, "curve": "stepped" },
					{ "time": 1.3333, "x": 0, "y": 0 }
				],
				"scale": [
					{ "time": 0, "x": 1, "y": 1, "curve": "stepped" },
					{ "time": 0.6, "x": 1, "y": 1, "curve": "stepped" },
					{ "time": 1, "x": 1, "y": 1, "curve": "stepped" },
					{ "time": 1.3333, "x": 1, "y": 1 }
				]
			},
			"bone18": {
				"rotate": [
					{ "time": 0, "angle": 0 },
					{ "time": 0.1666, "angle": -12.74 },
					{ "time": 0.3333, "angle": 3.6 },
					{ "time": 0.5333, "angle": -12.74 },
					{ "time": 0.7333, "angle": 9.09 },
					{ "time": 1, "angle": 0, "curve": "stepped" },
					{ "time": 1.3333, "angle": 0 }
				],
				"translate": [
					{ "time": 0, "x": 0, "y": 0, "curve": "stepped" },
					{ "time": 1, "x": 0, "y": 0, "curve": "stepped" },
					{ "time": 1.3333, "x": 0, "y": 0 }
				],
				"scale": [
					{ "time": 0, "x": 1, "y": 1, "curve": "stepped" },
					{ "time": 1, "x": 1, "y": 1, "curve": "stepped" },
					{ "time": 1.3333, "x": 1, "y": 1 }
				]
			},
			"bone19": {
				"rotate": [
					{ "time": 0, "angle": 0, "curve": "stepped" },
					{ "time": 0.6, "angle": 0 },
					{ "time": 0.7666, "angle": 13.83 },
					{ "time": 1, "angle": 0, "curve": "stepped" },
					{ "time": 1.3333, "angle": 0 }
				],
				"translate": [
					{ "time": 0, "x": 0.04, "y": 1.16, "curve": "stepped" },
					{ "time": 0.6, "x": 0.04, "y": 1.16 },
					{ "time": 1, "x": 0, "y": 0, "curve": "stepped" },
					{ "time": 1.3333, "x": 0, "y": 0 }
				],
				"scale": [
					{ "time": 0, "x": 1, "y": 1, "curve": "stepped" },
					{ "time": 0.6, "x": 1, "y": 1, "curve": "stepped" },
					{ "time": 1, "x": 1, "y": 1, "curve": "stepped" },
					{ "time": 1.3333, "x": 1, "y": 1 }
				]
			},
			"bone20": {
				"rotate": [
					{ "time": 0, "angle": 0, "curve": "stepped" },
					{ "time": 0.6, "angle": 0 },
					{ "time": 0.7666, "angle": -12.38 },
					{ "time": 0.8666, "angle": 0, "curve": "stepped" },
					{ "time": 1, "angle": 0, "curve": "stepped" },
					{ "time": 1.3333, "angle": 0 }
				],
				"translate": [
					{ "time": 0, "x": 0.04, "y": 1.16, "curve": "stepped" },
					{ "time": 0.6, "x": 0.04, "y": 1.16 },
					{ "time": 0.8666, "x": 0, "y": 0, "curve": "stepped" },
					{ "time": 1, "x": 0, "y": 0, "curve": "stepped" },
					{ "time": 1.3333, "x": 0, "y": 0 }
				],
				"scale": [
					{ "time": 0, "x": 1, "y": 1, "curve": "stepped" },
					{ "time": 0.6, "x": 1, "y": 1, "curve": "stepped" },
					{ "time": 0.8666, "x": 1, "y": 1, "curve": "stepped" },
					{ "time": 1, "x": 1, "y": 1, "curve": "stepped" },
					{ "time": 1.3333, "x": 1, "y": 1 }
				]
			},
			"bone21": {
				"rotate": [
					{ "time": 0, "angle": 0, "curve": "stepped" },
					{ "time": 0.6, "angle": 0 },
					{ "time": 0.8333, "angle": -9.55 },
					{ "time": 1, "angle": 0, "curve": "stepped" },
					{ "time": 1.3333, "angle": 0 }
				],
				"translate": [
					{ "time": 0, "x": 0, "y": 0, "curve": "stepped" },
					{ "time": 0.6, "x": 0, "y": 0, "curve": "stepped" },
					{ "time": 1, "x": 0, "y": 0, "curve": "stepped" },
					{ "time": 1.3333, "x": 0, "y": 0 }
				],
				"scale": [
					{ "time": 0, "x": 1, "y": 1, "curve": "stepped" },
					{ "time": 0.6, "x": 1, "y": 1, "curve": "stepped" },
					{ "time": 1, "x": 1, "y": 1, "curve": "stepped" },
					{ "time": 1.3333, "x": 1, "y": 1 }
				]
			},
			"bone22": {
				"rotate": [
					{ "time": 0, "angle": 0, "curve": "stepped" },
					{ "time": 0.6, "angle": 0 },
					{ "time": 0.8333, "angle": 14.57 },
					{ "time": 1, "angle": 0, "curve": "stepped" },
					{ "time": 1.3333, "angle": 0 }
				],
				"translate": [
					{ "time": 0, "x": 0, "y": 0, "curve": "stepped" },
					{ "time": 0.6, "x": 0, "y": 0, "curve": "stepped" },
					{ "time": 1, "x": 0, "y": 0, "curve": "stepped" },
					{ "time": 1.3333, "x": 0, "y": 0 }
				],
				"scale": [
					{ "time": 0, "x": 1, "y": 1, "curve": "stepped" },
					{ "time": 0.6, "x": 1, "y": 1, "curve": "stepped" },
					{ "time": 1, "x": 1, "y": 1, "curve": "stepped" },
					{ "time": 1.3333, "x": 1, "y": 1 }
				]
			},
			"bone23": {
				"rotate": [
					{ "time": 0, "angle": 0 },
					{ "time": 0.3, "angle": 4.17 },
					{ "time": 0.6, "angle": 0 },
					{ "time": 0.8666, "angle": 0.68 },
					{ "time": 1, "angle": 0, "curve": "stepped" },
					{ "time": 1.3333, "angle": 0 }
				],
				"translate": [
					{ "time": 0, "x": 0, "y": 0, "curve": "stepped" },
					{ "time": 0.6, "x": 0, "y": 0, "curve": "stepped" },
					{ "time": 0.8666, "x": 0, "y": 0, "curve": "stepped" },
					{ "time": 1, "x": 0, "y": 0, "curve": "stepped" },
					{ "time": 1.3333, "x": 0, "y": 0 }
				],
				"scale": [
					{ "time": 0, "x": 1, "y": 1, "curve": "stepped" },
					{ "time": 0.6, "x": 1, "y": 1, "curve": "stepped" },
					{ "time": 0.8666, "x": 1, "y": 1, "curve": "stepped" },
					{ "time": 1, "x": 1, "y": 1, "curve": "stepped" },
					{ "time": 1.3333, "x": 1, "y": 1 }
				]
			},
			"bone26": {
				"rotate": [
					{ "time": 0, "angle": 0, "curve": "stepped" },
					{ "time": 0.6, "angle": 0, "curve": "stepped" },
					{ "time": 0.8666, "angle": 0, "curve": "stepped" },
					{ "time": 1, "angle": 0, "curve": "stepped" },
					{ "time": 1.3333, "angle": 0 }
				],
				"translate": [
					{ "time": 0, "x": 0, "y": 0, "curve": "stepped" },
					{ "time": 0.6, "x": 0, "y": 0, "curve": "stepped" },
					{ "time": 0.8666, "x": 0, "y": 0, "curve": "stepped" },
					{ "time": 1, "x": 0, "y": 0, "curve": "stepped" },
					{ "time": 1.3333, "x": 0, "y": 0 }
				],
				"scale": [
					{ "time": 0, "x": 1, "y": 1, "curve": "stepped" },
					{ "time": 0.6, "x": 1, "y": 1, "curve": "stepped" },
					{ "time": 0.8666, "x": 1, "y": 1, "curve": "stepped" },
					{ "time": 1, "x": 1, "y": 1, "curve": "stepped" },
					{ "time": 1.3333, "x": 1, "y": 1 }
				]
			},
			"bone29": {
				"rotate": [
					{ "time": 0, "angle": 0, "curve": "stepped" },
					{ "time": 0.6, "angle": 0, "curve": "stepped" },
					{ "time": 0.7666, "angle": 0, "curve": "stepped" },
					{ "time": 1, "angle": 0, "curve": "stepped" },
					{ "time": 1.3333, "angle": 0 }
				],
				"translate": [
					{ "time": 0, "x": 0.07, "y": 0.83, "curve": "stepped" },
					{ "time": 0.6, "x": 0.07, "y": 0.83 },
					{ "time": 0.7666, "x": 0, "y": 0, "curve": "stepped" },
					{ "time": 1, "x": 0, "y": 0, "curve": "stepped" },
					{ "time": 1.3333, "x": 0, "y": 0 }
				],
				"scale": [
					{ "time": 0, "x": 1, "y": 1, "curve": "stepped" },
					{ "time": 0.6, "x": 1, "y": 1, "curve": "stepped" },
					{ "time": 0.7666, "x": 1, "y": 1, "curve": "stepped" },
					{ "time": 1, "x": 1, "y": 1, "curve": "stepped" },
					{ "time": 1.3333, "x": 1, "y": 1 }
				]
			},
			"bone3": {
				"rotate": [
					{ "time": 0, "angle": 0, "curve": "stepped" },
					{ "time": 0.6, "angle": 0, "curve": "stepped" },
					{ "time": 0.8666, "angle": 0, "curve": "stepped" },
					{ "time": 1, "angle": 0, "curve": "stepped" },
					{ "time": 1.3333, "angle": 0 }
				],
				"translate": [
					{ "time": 0, "x": 0, "y": 0, "curve": "stepped" },
					{ "time": 0.6, "x": 0, "y": 0, "curve": "stepped" },
					{ "time": 0.8666, "x": 0, "y": 0, "curve": "stepped" },
					{ "time": 1, "x": 0, "y": 0, "curve": "stepped" },
					{ "time": 1.3333, "x": 0, "y": 0 }
				],
				"scale": [
					{ "time": 0, "x": 1, "y": 1, "curve": "stepped" },
					{ "time": 0.6, "x": 1, "y": 1, "curve": "stepped" },
					{ "time": 0.8666, "x": 1, "y": 1, "curve": "stepped" },
					{ "time": 1, "x": 1, "y": 1, "curve": "stepped" },
					{ "time": 1.3333, "x": 1, "y": 1 }
				]
			},
			"bone30": {
				"rotate": [
					{ "time": 0, "angle": 0, "curve": "stepped" },
					{ "time": 0.6, "angle": 0 },
					{ "time": 0.8333, "angle": 7.89, "curve": "stepped" },
					{ "time": 1, "angle": 7.89, "curve": "stepped" },
					{ "time": 1.3333, "angle": 7.89 }
				],
				"translate": [
					{ "time": 0, "x": 0, "y": 0, "curve": "stepped" },
					{ "time": 0.6, "x": 0, "y": 0 },
					{ "time": 0.8333, "x": 0.15, "y": -2.47, "curve": "stepped" },
					{ "time": 1, "x": 0.15, "y": -2.47, "curve": "stepped" },
					{ "time": 1.3333, "x": 0.15, "y": -2.47 }
				],
				"scale": [
					{ "time": 0, "x": 1, "y": 1, "curve": "stepped" },
					{ "time": 0.6, "x": 1, "y": 1, "curve": "stepped" },
					{ "time": 1, "x": 1, "y": 1, "curve": "stepped" },
					{ "time": 1.3333, "x": 1, "y": 1 }
				]
			},
			"bone31": {
				"rotate": [
					{ "time": 0, "angle": 0, "curve": "stepped" },
					{ "time": 0.6, "angle": 0, "curve": "stepped" },
					{ "time": 0.8666, "angle": 0, "curve": "stepped" },
					{ "time": 1, "angle": 0, "curve": "stepped" },
					{ "time": 1.3333, "angle": 0 }
				],
				"translate": [
					{ "time": 0, "x": 0.08, "y": -1.13, "curve": "stepped" },
					{ "time": 0.6, "x": 0.08, "y": -1.13 },
					{ "time": 0.8666, "x": 0, "y": 0, "curve": "stepped" },
					{ "time": 1, "x": 0, "y": 0, "curve": "stepped" },
					{ "time": 1.3333, "x": 0, "y": 0 }
				],
				"scale": [
					{ "time": 0, "x": 1, "y": 1, "curve": "stepped" },
					{ "time": 0.6, "x": 1, "y": 1, "curve": "stepped" },
					{ "time": 0.8666, "x": 1, "y": 1, "curve": "stepped" },
					{ "time": 1, "x": 1, "y": 1, "curve": "stepped" },
					{ "time": 1.3333, "x": 1, "y": 1 }
				]
			},
			"bone34": {
				"rotate": [
					{ "time": 0, "angle": 0 },
					{ "time": 0.2666, "angle": 355.57 },
					{ "time": 0.5333, "angle": 2.94 },
					{ "time": 0.7666, "angle": 352.52 },
					{ "time": 1, "angle": 0, "curve": "stepped" },
					{ "time": 1.3333, "angle": 0 }
				],
				"translate": [
					{ "time": 0, "x": 0, "y": 0, "curve": "stepped" },
					{ "time": 1, "x": 0, "y": 0, "curve": "stepped" },
					{ "time": 1.3333, "x": 0, "y": 0 }
				],
				"scale": [
					{ "time": 0, "x": 1, "y": 1, "curve": "stepped" },
					{ "time": 1, "x": 1, "y": 1, "curve": "stepped" },
					{ "time": 1.3333, "x": 1, "y": 1 }
				]
			},
			"bone35": {
				"rotate": [
					{ "time": 0, "angle": 0 },
					{ "time": 0.1666, "angle": -3.71 },
					{ "time": 0.4, "angle": -348.64 },
					{ "time": 0.6333, "angle": -3.71 },
					{ "time": 0.8666, "angle": -352.82 },
					{ "time": 1, "angle": -353.84 },
					{ "time": 1.3333, "angle": 6.15 }
				],
				"translate": [
					{ "time": 0, "x": 0, "y": 0, "curve": "stepped" },
					{ "time": 1.3333, "x": 0, "y": 0 }
				],
				"scale": [
					{ "time": 0, "x": 1, "y": 1, "curve": "stepped" },
					{ "time": 1.3333, "x": 1, "y": 1 }
				]
			},
			"bone6": {
				"rotate": [
					{ "time": 0, "angle": 0, "curve": "stepped" },
					{ "time": 0.6, "angle": 0, "curve": "stepped" },
					{ "time": 0.8666, "angle": 0, "curve": "stepped" },
					{ "time": 1, "angle": 0, "curve": "stepped" },
					{ "time": 1.3333, "angle": 0 }
				],
				"translate": [
					{ "time": 0, "x": 0, "y": 0, "curve": "stepped" },
					{ "time": 0.6, "x": 0, "y": 0, "curve": "stepped" },
					{ "time": 0.8666, "x": 0, "y": 0, "curve": "stepped" },
					{ "time": 1, "x": 0, "y": 0, "curve": "stepped" },
					{ "time": 1.3333, "x": 0, "y": 0 }
				],
				"scale": [
					{ "time": 0, "x": 1, "y": 1, "curve": "stepped" },
					{ "time": 0.6, "x": 1, "y": 1, "curve": "stepped" },
					{ "time": 0.8666, "x": 1, "y": 1, "curve": "stepped" },
					{ "time": 1, "x": 1, "y": 1, "curve": "stepped" },
					{ "time": 1.3333, "x": 1, "y": 1 }
				]
			},
			"bone7": {
				"rotate": [
					{ "time": 0, "angle": -0.41, "curve": "stepped" },
					{ "time": 0.6, "angle": -0.41 },
					{ "time": 0.8666, "angle": 0, "curve": "stepped" },
					{ "time": 1, "angle": 0, "curve": "stepped" },
					{ "time": 1.3333, "angle": 0 }
				],
				"translate": [
					{ "time": 0, "x": -0.73, "y": -3, "curve": "stepped" },
					{ "time": 0.6, "x": -0.73, "y": -3 },
					{ "time": 0.8666, "x": 0.51, "y": -0.66, "curve": "stepped" },
					{ "time": 1, "x": 0.51, "y": -0.66, "curve": "stepped" },
					{ "time": 1.3333, "x": 0.51, "y": -0.66 }
				],
				"scale": [
					{ "time": 0, "x": 1, "y": 1, "curve": "stepped" },
					{ "time": 0.6, "x": 1, "y": 1, "curve": "stepped" },
					{ "time": 0.8666, "x": 1, "y": 1, "curve": "stepped" },
					{ "time": 1, "x": 1, "y": 1, "curve": "stepped" },
					{ "time": 1.3333, "x": 1, "y": 1 }
				]
			},
			"bone8": {
				"rotate": [
					{ "time": 0, "angle": 0, "curve": "stepped" },
					{ "time": 0.6, "angle": 0, "curve": "stepped" },
					{ "time": 0.7666, "angle": 0, "curve": "stepped" },
					{ "time": 1, "angle": 0, "curve": "stepped" },
					{ "time": 1.3333, "angle": 0 }
				],
				"translate": [
					{ "time": 0, "x": -0.75, "y": 3.13, "curve": "stepped" },
					{ "time": 0.6, "x": -0.75, "y": 3.13 },
					{ "time": 0.7666, "x": 0, "y": 0, "curve": "stepped" },
					{ "time": 1, "x": 0, "y": 0, "curve": "stepped" },
					{ "time": 1.3333, "x": 0, "y": 0 }
				],
				"scale": [
					{ "time": 0, "x": 1, "y": 1, "curve": "stepped" },
					{ "time": 0.6, "x": 1, "y": 1, "curve": "stepped" },
					{ "time": 0.7666, "x": 1, "y": 1, "curve": "stepped" },
					{ "time": 1, "x": 1, "y": 1, "curve": "stepped" },
					{ "time": 1.3333, "x": 1, "y": 1 }
				]
			},
			"bone9": {
				"rotate": [
					{ "time": 0, "angle": 0 },
					{ "time": 0.2, "angle": -5.43 },
					{ "time": 0.4, "angle": 1.64 },
					{ "time": 0.6, "angle": -4.18 },
					{ "time": 0.7666, "angle": 2.49 },
					{ "time": 1, "angle": 0, "curve": "stepped" },
					{ "time": 1.3333, "angle": 0 }
				],
				"translate": [
					{ "time": 0, "x": 0, "y": 0, "curve": "stepped" },
					{ "time": 0.6, "x": 0, "y": 0, "curve": "stepped" },
					{ "time": 1, "x": 0, "y": 0, "curve": "stepped" },
					{ "time": 1.3333, "x": 0, "y": 0 }
				],
				"scale": [
					{ "time": 0, "x": 1, "y": 1, "curve": "stepped" },
					{ "time": 0.6, "x": 1, "y": 1, "curve": "stepped" },
					{ "time": 1, "x": 1, "y": 1, "curve": "stepped" },
					{ "time": 1.3333, "x": 1, "y": 1 }
				]
			},
			"bone10": {
				"rotate": [
					{ "time": 0, "angle": 0, "curve": "stepped" },
					{ "time": 0.6, "angle": 0, "curve": "stepped" },
					{ "time": 0.8666, "angle": 0, "curve": "stepped" },
					{ "time": 1, "angle": 0, "curve": "stepped" },
					{ "time": 1.3333, "angle": 0 }
				],
				"translate": [
					{ "time": 0, "x": 0, "y": 0, "curve": "stepped" },
					{ "time": 0.6, "x": 0, "y": 0, "curve": "stepped" },
					{ "time": 0.8666, "x": 0, "y": 0, "curve": "stepped" },
					{ "time": 1, "x": 0, "y": 0, "curve": "stepped" },
					{ "time": 1.3333, "x": 0, "y": 0 }
				],
				"scale": [
					{ "time": 0, "x": 1, "y": 1, "curve": "stepped" },
					{ "time": 0.6, "x": 1, "y": 1, "curve": "stepped" },
					{ "time": 0.8666, "x": 1, "y": 1, "curve": "stepped" },
					{ "time": 1, "x": 1, "y": 1, "curve": "stepped" },
					{ "time": 1.3333, "x": 1, "y": 1 }
				]
			},
			"bone13": {
				"rotate": [
					{ "time": 0, "angle": 0, "curve": "stepped" },
					{ "time": 0.6, "angle": 0, "curve": "stepped" },
					{ "time": 0.8666, "angle": 0, "curve": "stepped" },
					{ "time": 1, "angle": 0, "curve": "stepped" },
					{ "time": 1.3333, "angle": 0 }
				],
				"translate": [
					{ "time": 0, "x": 0, "y": 0, "curve": "stepped" },
					{ "time": 0.6, "x": 0, "y": 0, "curve": "stepped" },
					{ "time": 0.8666, "x": 0, "y": 0, "curve": "stepped" },
					{ "time": 1, "x": 0, "y": 0, "curve": "stepped" },
					{ "time": 1.3333, "x": 0, "y": 0 }
				],
				"scale": [
					{ "time": 0, "x": 1, "y": 1, "curve": "stepped" },
					{ "time": 0.6, "x": 1, "y": 1, "curve": "stepped" },
					{ "time": 0.8666, "x": 1, "y": 1, "curve": "stepped" },
					{ "time": 1, "x": 1, "y": 1, "curve": "stepped" },
					{ "time": 1.3333, "x": 1, "y": 1 }
				]
			},
			"bone24": {
				"rotate": [
					{ "time": 0, "angle": 0 },
					{ "time": 0.1666, "angle": -5.2 },
					{ "time": 0.4333, "angle": 4.01 },
					{ "time": 0.6, "angle": 0 },
					{ "time": 0.8666, "angle": -15.11 },
					{ "time": 1, "angle": 0, "curve": "stepped" },
					{ "time": 1.3333, "angle": 0 }
				],
				"translate": [
					{ "time": 0, "x": 0, "y": 0, "curve": "stepped" },
					{ "time": 0.6, "x": 0, "y": 0, "curve": "stepped" },
					{ "time": 0.8666, "x": 0, "y": 0, "curve": "stepped" },
					{ "time": 1, "x": 0, "y": 0, "curve": "stepped" },
					{ "time": 1.3333, "x": 0, "y": 0 }
				],
				"scale": [
					{ "time": 0, "x": 1, "y": 1, "curve": "stepped" },
					{ "time": 0.6, "x": 1, "y": 1, "curve": "stepped" },
					{ "time": 0.8666, "x": 1, "y": 1, "curve": "stepped" },
					{ "time": 1, "x": 1, "y": 1, "curve": "stepped" },
					{ "time": 1.3333, "x": 1, "y": 1 }
				]
			},
			"bone27": {
				"rotate": [
					{ "time": 0, "angle": 0 },
					{ "time": 0.3, "angle": 12.43 },
					{ "time": 0.6, "angle": 0 },
					{ "time": 0.8333, "angle": -10.44 },
					{ "time": 1, "angle": 0, "curve": "stepped" },
					{ "time": 1.3333, "angle": 0 }
				],
				"translate": [
					{ "time": 0, "x": 0, "y": 0, "curve": "stepped" },
					{ "time": 0.6, "x": 0, "y": 0, "curve": "stepped" },
					{ "time": 1, "x": 0, "y": 0, "curve": "stepped" },
					{ "time": 1.3333, "x": 0, "y": 0 }
				],
				"scale": [
					{ "time": 0, "x": 1, "y": 1, "curve": "stepped" },
					{ "time": 0.6, "x": 1, "y": 1, "curve": "stepped" },
					{ "time": 1, "x": 1, "y": 1, "curve": "stepped" },
					{ "time": 1.3333, "x": 1, "y": 1 }
				]
			},
			"bone11": {
				"rotate": [
					{ "time": 0, "angle": 0, "curve": "stepped" },
					{ "time": 0.6, "angle": 0, "curve": "stepped" },
					{ "time": 0.8666, "angle": 0, "curve": "stepped" },
					{ "time": 1, "angle": 0, "curve": "stepped" },
					{ "time": 1.3333, "angle": 0 }
				],
				"translate": [
					{ "time": 0, "x": 0, "y": 0, "curve": "stepped" },
					{ "time": 0.6, "x": 0, "y": 0, "curve": "stepped" },
					{ "time": 0.8666, "x": 0, "y": 0, "curve": "stepped" },
					{ "time": 1, "x": 0, "y": 0, "curve": "stepped" },
					{ "time": 1.3333, "x": 0, "y": 0 }
				],
				"scale": [
					{ "time": 0, "x": 1, "y": 1, "curve": "stepped" },
					{ "time": 0.6, "x": 1, "y": 1, "curve": "stepped" },
					{ "time": 0.8666, "x": 1, "y": 1, "curve": "stepped" },
					{ "time": 1, "x": 1, "y": 1, "curve": "stepped" },
					{ "time": 1.3333, "x": 1, "y": 1 }
				]
			},
			"bone14": {
				"rotate": [
					{ "time": 0, "angle": 0, "curve": "stepped" },
					{ "time": 0.6, "angle": 0, "curve": "stepped" },
					{ "time": 0.8666, "angle": 0, "curve": "stepped" },
					{ "time": 1, "angle": 0, "curve": "stepped" },
					{ "time": 1.3333, "angle": 0 }
				],
				"translate": [
					{ "time": 0, "x": 0, "y": 0, "curve": "stepped" },
					{ "time": 0.6, "x": 0, "y": 0, "curve": "stepped" },
					{ "time": 0.8666, "x": 0, "y": 0, "curve": "stepped" },
					{ "time": 1, "x": 0, "y": 0, "curve": "stepped" },
					{ "time": 1.3333, "x": 0, "y": 0 }
				],
				"scale": [
					{ "time": 0, "x": 1, "y": 1, "curve": "stepped" },
					{ "time": 0.6, "x": 1, "y": 1, "curve": "stepped" },
					{ "time": 0.8666, "x": 1, "y": 1, "curve": "stepped" },
					{ "time": 1, "x": 1, "y": 1, "curve": "stepped" },
					{ "time": 1.3333, "x": 1, "y": 1 }
				]
			},
			"bone25": {
				"rotate": [
					{ "time": 0, "angle": 0 },
					{ "time": 0.3, "angle": -13.91 },
					{ "time": 0.6, "angle": 0, "curve": "stepped" },
					{ "time": 0.8666, "angle": 0, "curve": "stepped" },
					{ "time": 1, "angle": 0, "curve": "stepped" },
					{ "time": 1.3333, "angle": 0 }
				],
				"translate": [
					{ "time": 0, "x": 0, "y": 0, "curve": "stepped" },
					{ "time": 0.6, "x": 0, "y": 0, "curve": "stepped" },
					{ "time": 0.8666, "x": 0, "y": 0, "curve": "stepped" },
					{ "time": 1, "x": 0, "y": 0, "curve": "stepped" },
					{ "time": 1.3333, "x": 0, "y": 0 }
				],
				"scale": [
					{ "time": 0, "x": 1, "y": 1, "curve": "stepped" },
					{ "time": 0.6, "x": 1, "y": 1, "curve": "stepped" },
					{ "time": 0.8666, "x": 1, "y": 1, "curve": "stepped" },
					{ "time": 1, "x": 1, "y": 1, "curve": "stepped" },
					{ "time": 1.3333, "x": 1, "y": 1 }
				]
			},
			"bone28": {
				"rotate": [
					{ "time": 0, "angle": 0, "curve": "stepped" },
					{ "time": 0.6, "angle": 0, "curve": "stepped" },
					{ "time": 0.8666, "angle": 0, "curve": "stepped" },
					{ "time": 1, "angle": 0, "curve": "stepped" },
					{ "time": 1.3333, "angle": 0 }
				],
				"translate": [
					{ "time": 0, "x": 0, "y": 0, "curve": "stepped" },
					{ "time": 0.6, "x": 0, "y": 0, "curve": "stepped" },
					{ "time": 0.8666, "x": 0, "y": 0, "curve": "stepped" },
					{ "time": 1, "x": 0, "y": 0, "curve": "stepped" },
					{ "time": 1.3333, "x": 0, "y": 0 }
				],
				"scale": [
					{ "time": 0, "x": 1, "y": 1, "curve": "stepped" },
					{ "time": 0.6, "x": 1, "y": 1, "curve": "stepped" },
					{ "time": 0.8666, "x": 1, "y": 1, "curve": "stepped" },
					{ "time": 1, "x": 1, "y": 1, "curve": "stepped" },
					{ "time": 1.3333, "x": 1, "y": 1 }
				]
			},
			"bone37": {
				"rotate": [
					{ "time": 0, "angle": 0, "curve": "stepped" },
					{ "time": 1.0666, "angle": 0, "curve": "stepped" },
					{ "time": 1.1333, "angle": 0, "curve": "stepped" },
					{ "time": 1.3333, "angle": 0 }
				],
				"translate": [
					{ "time": 0, "x": 0, "y": 0, "curve": "stepped" },
					{ "time": 1.0666, "x": 0, "y": 0, "curve": "stepped" },
					{ "time": 1.1333, "x": 0, "y": 0, "curve": "stepped" },
					{ "time": 1.3333, "x": 0, "y": 0 }
				],
				"scale": [
					{ "time": 0, "x": 1, "y": 1, "curve": "stepped" },
					{ "time": 1.0666, "x": 1, "y": 1 },
					{ "time": 1.1333, "x": 1.306, "y": 1.306, "curve": "stepped" },
					{ "time": 1.3333, "x": 1.306, "y": 1.306 }
				]
			}
		},
		"ffd": {
			"default": {
				"bone2": {
					"r1_zui1": [
						{ "time": 0 },
						{
							"time": 0.1333,
							"vertices": [ 1.45317, 2.00071, 0.63963, 0.92579, 0, 0, 0, 0, 0, 0, 0, 0, 0.63963, 0.92579, 1.45317, 2.00071, 1.67664, 2.79596, 1.70164, 2.06287, 1.67664, 2.79596 ]
						},
						{ "time": 0.2666 },
						{
							"time": 0.4,
							"vertices": [ 1.45317, 2.00071, 0.63963, 0.92579, 0, 0, 0, 0, 0, 0, 0, 0, 0.63963, 0.92579, 1.45317, 2.00071, 1.67664, 2.79596, 1.70164, 2.06287, 1.67664, 2.79596 ]
						},
						{ "time": 0.5333 },
						{
							"time": 0.6,
							"vertices": [ 1.45317, 2.00071, 0.63963, 0.92579, 0, 0, 0, 0, 0, 0, 0, 0, 0.63963, 0.92579, 1.45317, 2.00071, 1.67664, 2.79596, 1.70164, 2.06287, 1.67664, 2.79596 ]
						},
						{ "time": 0.8333, "curve": "stepped" },
						{ "time": 1.3333 }
					]
				},
				"r1_huzi2": {
					"r1_huzi": [
						{ "time": 0, "curve": "stepped" },
						{ "time": 1.3333 }
					]
				},
				"r1_meimao2": {
					"r1_meimao": [
						{ "time": 0, "curve": "stepped" },
						{ "time": 1.3333 }
					]
				},
				"r1_toufa3": {
					"r1_toufa1": [
						{ "time": 0, "curve": "stepped" },
						{ "time": 1.3333 }
					]
				},
				"r1_toufa4": {
					"r1_toufa2": [
						{ "time": 0, "curve": "stepped" },
						{ "time": 1.3333 }
					]
				},
				"r2_huzi2": {
					"r2_huzi": [
						{ "time": 0, "curve": "stepped" },
						{ "time": 1.3333 }
					]
				},
				"r2_meimao2": {
					"r2_meimao": [
						{ "time": 0, "curve": "stepped" },
						{ "time": 1.3333 }
					]
				},
				"r2_toufa3": {
					"r2_toufa2": [
						{ "time": 0, "curve": "stepped" },
						{ "time": 1.3333 }
					]
				},
				"r2_toufa4": {
					"r2_toufa1": [
						{ "time": 0, "curve": "stepped" },
						{ "time": 1.3333 }
					]
				}
			}
		},
		"drawOrder": [
			{
				"time": 0,
				"offsets": [
					{ "slot": "xiangji2", "offset": 1 }
				]
			},
			{
				"time": 0.2,
				"offsets": [
					{ "slot": "xiangji2", "offset": 1 }
				]
			},
			{
				"time": 0.2666,
				"offsets": [
					{ "slot": "xiangji2", "offset": 1 }
				]
			},
			{
				"time": 0.4,
				"offsets": [
					{ "slot": "xiangji2", "offset": 1 }
				]
			},
			{
				"time": 1.3333,
				"offsets": [
					{ "slot": "xiangji2", "offset": 1 }
				]
			}
		]
	}
}
}