<skeleton name="npc_f" frameRate="24" version="2.2">
 <armatures>
  <armature name="nan1">
   <b name="ying2" x="6.05" y="-11.05" kX="0" kY="0" cX="0.72" cY="0.69" pX="61.05" pY="17.05" z="0">
    <d name="ying2" pX="0" pY="0"/>
   </b>
   <b name="nan1_tui" x="4.5" y="-119.6" kX="0" kY="0" cX="1" cY="1" pX="0" pY="-43.6" z="1">
    <d name="nan1_tui" pX="34.5" pY="71.65"/>
   </b>
   <b name="nan1_gebo4" x="60.35" y="-168.15" kX="0" kY="0" cX="1" cY="1" pX="16.1" pY="-6.25" z="2">
    <d name="nan1_gebo4" pX="23.1" pY="15.4"/>
   </b>
   <b name="nan1_gebo3" x="-22.05" y="-206.55" kX="0" kY="0" cX="1" cY="1" pX="12.4" pY="-22" z="3">
    <d name="nan1_gebo3" pX="11.8" pY="28.4"/>
   </b>
   <b name="nan1_gebo2" x="40" y="-206.3" kX="0" kY="0" cX="1" cY="1" pX="-11.1" pY="-16.9" z="4">
    <d name="nan1_gebo2" pX="16.05" pY="25.05"/>
   </b>
   <b name="nan1_shen" x="3.35" y="-122.1" kX="0" kY="0" cX="1" cY="1" pX="4" pY="55.2" z="5">
    <d name="nan1_shen" pX="43.05" pY="67.5"/>
   </b>
   <b name="nan1_gebo" x="-34.7" y="-162.65" kX="0" kY="0" cX="1" cY="1" pX="-29.65" pY="-14.8" z="6">
    <d name="nan1_gebo" pX="36.2" pY="25.1"/>
   </b>
   <b name="nan1_tou" x="0.6" y="-239.2" kX="0" kY="0" cX="1" cY="1" pX="-6.4" pY="77.55" z="7">
    <d name="nan1_tou" pX="72.6" pY="85.85"/>
   </b>
   <b name="nan1_yan" x="-5.65" y="-305.3" kX="0" kY="0" cX="1" cY="1" pX="-0.05" pY="0" z="8">
    <d name="nan1_yan" pX="43.4" pY="24.15"/>
    <d name="nan1_yan2" pX="43.4" pY="22.55"/>
    <d name="nan1_yan3" pX="43.4" pY="20.55"/>
    <d name="nan1_yan4" pX="43.4" pY="17.75"/>
   </b>
   <b name="nan1_zui" x="-3.75" y="-246.55" kX="0" kY="0" cX="1" cY="1" pX="-6.25" pY="-175.95" z="9">
    <d name="nan1_zui" pX="22" pY="182.7"/>
   </b>
  </armature>
 </armatures>
 <animations>
  <animation name="nan1">
   <mov name="idle" dr="30" to="6" drTW="30" lp="1" twE="NaN">
    <b name="ying2" sc="1" dl="0">
     <f x="6.05" y="-11.05" cocos2d_x="-37.7" cocos2d_y="-22.8" kX="0" kY="0" cX="0.72" cY="0.69" pX="61.05" pY="17.05" z="0" dI="0" dr="29">
      <colorTransform a="0" r="0" g="0" b="0" aM="50" rM="100" gM="100" bM="100"/>
     </f>
     <f x="6.05" y="-11.05" cocos2d_x="-37.7" cocos2d_y="-22.8" kX="0" kY="0" cX="0.72" cY="0.69" pX="61.05" pY="17.05" z="0" dI="0" dr="1">
      <colorTransform a="0" r="0" g="0" b="0" aM="50" rM="100" gM="100" bM="100"/>
     </f>
    </b>
    <b name="nan1_tui" sc="1" dl="0">
     <f x="4.5" y="-119.6" cocos2d_x="4.5" cocos2d_y="-76" kX="0" kY="0" cX="1" cY="1" pX="0" pY="-43.6" z="1" dI="0" twE="0" dr="12"/>
     <f x="4.5" y="-122.65" cocos2d_x="4.5" cocos2d_y="-77.9" kX="0" kY="0" cX="0.99" cY="1.03" pX="0" pY="-43.6" z="1" dI="0" twE="0" dr="2"/>
     <f x="4.5" y="-122.95" cocos2d_x="4.5" cocos2d_y="-77.95" kX="0.02" kY="0" cX="0.99" cY="1.03" pX="0" pY="-43.75" z="1" dI="0" twE="0" dr="13"/>
     <f x="4.5" y="-119.8" cocos2d_x="4.5" cocos2d_y="-76" kX="0" kY="0" cX="1" cY="1" pX="0" pY="-43.7" z="1" dI="0" twE="0" dr="2"/>
     <f x="4.5" y="-119.6" cocos2d_x="4.5" cocos2d_y="-76" kX="0" kY="0" cX="1" cY="1" pX="0" pY="-43.6" z="1" dI="0" dr="1"/>
    </b>
    <b name="nan1_gebo4" sc="1" dl="0">
     <f x="60.35" y="-168.15" cocos2d_x="44.25" cocos2d_y="-161.9" kX="0" kY="0" cX="1" cY="1" pX="16.1" pY="-6.25" z="2" dI="0" twE="0" dr="12"/>
     <f x="58.9" y="-170.05" cocos2d_x="43.15" cocos2d_y="-162.2" kX="-5.76" kY="-5.76" cX="1.02" cY="1" pX="16.15" pY="-6.2" z="2" dI="0" twE="0" dr="2"/>
     <f x="58.7" y="-170.2" cocos2d_x="43" cocos2d_y="-162.25" kX="-6.33" kY="-6.33" cX="1.02" cY="1" pX="16.15" pY="-6.2" z="2" dI="0" twE="0" dr="13"/>
     <f x="60.3" y="-168.3" cocos2d_x="44.1" cocos2d_y="-162.05" kX="-0.3" kY="-0.3" cX="1" cY="1" pX="16.2" pY="-6.2" z="2" dI="0" twE="0" dr="2"/>
     <f x="60.35" y="-168.15" cocos2d_x="44.25" cocos2d_y="-161.9" kX="0" kY="0" cX="1" cY="1" pX="16.1" pY="-6.25" z="2" dI="0" dr="1"/>
    </b>
    <b name="nan1_gebo3" sc="1" dl="0">
     <f x="-22.05" y="-206.55" cocos2d_x="-34.45" cocos2d_y="-184.55" kX="0" kY="0" cX="1" cY="1" pX="12.4" pY="-22" z="3" dI="0" twE="0" dr="12"/>
     <f x="-22.9" y="-210.2" cocos2d_x="-34.9" cocos2d_y="-187.85" kX="-1.77" kY="-1.77" cX="1.02" cY="1" pX="12.45" pY="-22.05" z="3" dI="0" twE="0" dr="2"/>
     <f x="-23.05" y="-210.55" cocos2d_x="-34.95" cocos2d_y="-188.15" kX="-2.02" kY="-2.01" cX="1.02" cY="1" pX="12.45" pY="-22" z="3" dI="0" twE="0" dr="13"/>
     <f x="-22.15" y="-206.85" cocos2d_x="-34.55" cocos2d_y="-184.75" kX="-0.04" kY="-0.04" cX="1" cY="1" pX="12.45" pY="-22.1" z="3" dI="0" twE="0" dr="2"/>
     <f x="-22.05" y="-206.55" cocos2d_x="-34.45" cocos2d_y="-184.55" kX="0" kY="0" cX="1" cY="1" pX="12.4" pY="-22" z="3" dI="0" dr="1"/>
    </b>
    <b name="nan1_gebo2" sc="1" dl="0">
     <f x="40" y="-206.3" cocos2d_x="51.1" cocos2d_y="-189.4" kX="0" kY="0" cX="1" cY="1" pX="-11.1" pY="-16.9" z="4" dI="0" twE="0" dr="12"/>
     <f x="39" y="-208.3" cocos2d_x="50.2" cocos2d_y="-191.35" kX="0.54" kY="0.54" cX="1.02" cY="1" pX="-11.1" pY="-16.9" z="4" dI="0" twE="0" dr="2"/>
     <f x="38.9" y="-208.5" cocos2d_x="50" cocos2d_y="-191.5" kX="0.71" kY="0.71" cX="1.02" cY="1" pX="-11.05" pY="-16.95" z="4" dI="0" twE="0" dr="13"/>
     <f x="39.9" y="-206.45" cocos2d_x="51" cocos2d_y="-189.45" kX="0.01" kY="0.01" cX="1" cY="1" pX="-11.05" pY="-17" z="4" dI="0" twE="0" dr="2"/>
     <f x="40" y="-206.3" cocos2d_x="51.1" cocos2d_y="-189.4" kX="0" kY="0" cX="1" cY="1" pX="-11.1" pY="-16.9" z="4" dI="0" dr="1"/>
    </b>
    <b name="nan1_shen" sc="1" dl="0">
     <f x="3.35" y="-122.1" cocos2d_x="-0.65" cocos2d_y="-177.3" kX="0" kY="0" cX="1" cY="1" pX="4" pY="55.2" z="5" dI="0" twE="0" dr="12"/>
     <f x="2" y="-125.7" cocos2d_x="-1.55" cocos2d_y="-180.75" kX="0.54" kY="0.54" cX="1.02" cY="1" pX="3.95" pY="55.2" z="5" dI="0" twE="0" dr="2"/>
     <f x="1.85" y="-126.05" cocos2d_x="-1.5" cocos2d_y="-181.1" kX="0.71" kY="0.71" cX="1.02" cY="1" pX="3.95" pY="55.25" z="5" dI="0" twE="0" dr="13"/>
     <f x="3.25" y="-122.4" cocos2d_x="-0.7" cocos2d_y="-177.6" kX="0.01" kY="0.01" cX="1" cY="1" pX="3.95" pY="55.2" z="5" dI="0" twE="0" dr="2"/>
     <f x="3.35" y="-122.1" cocos2d_x="-0.65" cocos2d_y="-177.3" kX="0" kY="0" cX="1" cY="1" pX="4" pY="55.2" z="5" dI="0" dr="1"/>
    </b>
    <b name="nan1_gebo" sc="1" dl="0">
     <f x="-34.7" y="-162.65" cocos2d_x="-5.05" cocos2d_y="-147.85" kX="0" kY="0" cX="1" cY="1" pX="-29.65" pY="-14.8" z="6" dI="0" twE="0" dr="12"/>
     <f x="-35.45" y="-166.6" cocos2d_x="-4.95" cocos2d_y="-152.4" kX="-1.04" kY="-1.03" cX="1.02" cY="1" pX="-29.65" pY="-14.8" z="6" dI="0" twE="0" dr="2"/>
     <f x="-35.5" y="-166.95" cocos2d_x="-4.9" cocos2d_y="-152.9" kX="-1.24" kY="-1.24" cX="1.02" cY="1" pX="-29.65" pY="-14.75" z="6" dI="0" twE="0" dr="13"/>
     <f x="-34.8" y="-162.95" cocos2d_x="-5.1" cocos2d_y="-148.2" kX="-0.02" kY="-0.02" cX="1" cY="1" pX="-29.65" pY="-14.75" z="6" dI="0" twE="0" dr="2"/>
     <f x="-34.7" y="-162.65" cocos2d_x="-5.05" cocos2d_y="-147.85" kX="0" kY="0" cX="1" cY="1" pX="-29.65" pY="-14.8" z="6" dI="0" dr="1"/>
    </b>
    <b name="nan1_tou" sc="1" dl="0">
     <f x="0.6" y="-239.2" cocos2d_x="7" cocos2d_y="-316.75" kX="0" kY="0" cX="1" cY="1" pX="-6.4" pY="77.55" z="7" dI="0" twE="0" dr="12"/>
     <f x="0.75" y="-242.55" cocos2d_x="9.95" cocos2d_y="-319.8" kX="2.05" kY="2.05" cX="1" cY="1" pX="-6.45" pY="77.5" z="7" dI="0" twE="0" dr="2"/>
     <f x="0.75" y="-242.85" cocos2d_x="10.4" cocos2d_y="-320" kX="2.41" kY="2.41" cX="1" cY="1" pX="-6.4" pY="77.45" z="7" dI="0" twE="0" dr="13"/>
     <f x="0.55" y="-239.45" cocos2d_x="7.05" cocos2d_y="-316.95" kX="0.04" kY="0.04" cX="1" cY="1" pX="-6.45" pY="77.5" z="7" dI="0" twE="0" dr="2"/>
     <f x="0.6" y="-239.2" cocos2d_x="7" cocos2d_y="-316.75" kX="0" kY="0" cX="1" cY="1" pX="-6.4" pY="77.55" z="7" dI="0" dr="1"/>
    </b>
    <b name="nan1_yan" sc="1" dl="0">
     <f x="-5.65" y="-305.3" cocos2d_x="-5.6" cocos2d_y="-305.3" kX="0" kY="0" cX="1" cY="1" pX="-0.05" pY="0" z="8" dI="0" twE="0" dr="12"/>
     <f x="-2.95" y="-308.8" cocos2d_x="-2.9" cocos2d_y="-308.8" kX="2.05" kY="2.05" cX="1" cY="1" pX="-0.05" pY="0" z="8" dI="0" twE="0" dr="2"/>
     <f x="-2.7" y="-309.1" cocos2d_x="-2.65" cocos2d_y="-309.1" kX="2.41" kY="2.41" cX="1" cY="1" pX="-0.05" pY="0" z="8" dI="0" twE="0" dr="1"/>
     <f x="-2.85" y="-308.9" cocos2d_x="-2.8" cocos2d_y="-308.9" kX="2.06" kY="2.06" cX="1" cY="1" pX="-0.05" pY="0" z="8" dI="1" twE="0" dr="1"/>
     <f x="-3" y="-308.55" cocos2d_x="-2.95" cocos2d_y="-308.55" kX="1.78" kY="1.78" cX="1" cY="1" pX="-0.05" pY="0" z="8" dI="2" twE="0" dr="2"/>
     <f x="-3.45" y="-308" cocos2d_x="-3.4" cocos2d_y="-308" kX="1.3" kY="1.3" cX="1" cY="1" pX="-0.05" pY="0" z="8" dI="3" twE="0" dr="3"/>
     <f x="-4.05" y="-307.15" cocos2d_x="-4" cocos2d_y="-307.15" kX="0.78" kY="0.78" cX="1" cY="1" pX="-0.05" pY="0" z="8" dI="2" twE="0" dr="1"/>
     <f x="-4.3" y="-306.9" cocos2d_x="-4.25" cocos2d_y="-306.9" kX="0.54" kY="0.54" cX="1" cY="1" pX="-0.05" pY="0" z="8" dI="1" twE="0" dr="2"/>
     <f x="-4.75" y="-306.35" cocos2d_x="-4.7" cocos2d_y="-306.35" kX="0.27" kY="0.27" cX="1" cY="1" pX="-0.05" pY="0" z="8" dI="0" twE="0" dr="3"/>
     <f x="-5.45" y="-305.55" cocos2d_x="-5.4" cocos2d_y="-305.55" kX="0.04" kY="0.04" cX="1" cY="1" pX="-0.05" pY="0" z="8" dI="0" twE="0" dr="2"/>
     <f x="-5.65" y="-305.3" cocos2d_x="-5.6" cocos2d_y="-305.3" kX="0" kY="0" cX="1" cY="1" pX="-0.05" pY="0" z="8" dI="0" dr="1"/>
    </b>
    <b name="nan1_zui" sc="1" dl="0">
     <f x="-3.75" y="-246.55" cocos2d_x="2.5" cocos2d_y="-70.6" kX="0" kY="0" cX="1" cY="1" pX="-6.25" pY="-175.95" z="9" dI="0" twE="0" dr="12"/>
     <f x="-3.35" y="-250" cocos2d_x="-3.4" cocos2d_y="-74" kX="2.05" kY="2.05" cX="1" cY="1" pX="-6.25" pY="-175.9" z="9" dI="0" twE="0" dr="2"/>
     <f x="-3.35" y="-250.35" cocos2d_x="-4.4" cocos2d_y="-74.25" kX="2.41" kY="2.41" cX="1" cY="1" pX="-6.4" pY="-175.95" z="9" dI="0" twE="0" dr="13"/>
     <f x="-3.7" y="-246.8" cocos2d_x="2.5" cocos2d_y="-70.85" kX="0.04" kY="0.04" cX="1" cY="1" pX="-6.35" pY="-175.95" z="9" dI="0" twE="0" dr="2"/>
     <f x="-3.75" y="-246.55" cocos2d_x="2.5" cocos2d_y="-70.6" kX="0" kY="0" cX="1" cY="1" pX="-6.25" pY="-175.95" z="9" dI="0" dr="1"/>
    </b>
   </mov>
  </animation>
 </animations>
 <TextureAtlas name="npc_f" width="512" height="256">
  <SubTexture name="nan1_zui" width="33" height="18" cocos2d_pX="21.5" cocos2d_pY="182.2" x="462" y="87"/>
  <SubTexture name="nan1_yan4" width="87" height="44" cocos2d_pX="43.4" cocos2d_pY="17.75" x="308" y="136"/>
  <SubTexture name="nan1_yan3" width="87" height="45" cocos2d_pX="43.4" cocos2d_pY="20.55" x="397" y="107"/>
  <SubTexture name="nan1_yan2" width="87" height="47" cocos2d_pX="43.4" cocos2d_pY="22.55" x="308" y="87"/>
  <SubTexture name="nan1_yan" width="87" height="49" cocos2d_pX="43.4" cocos2d_pY="24.15" x="308" y="36"/>
  <SubTexture name="nan1_tou" width="146" height="172" cocos2d_pX="72.35" cocos2d_pY="85.6" x="0" y="0"/>
  <SubTexture name="nan1_gebo" width="73" height="51" cocos2d_pX="35.95" cocos2d_pY="24.85" x="431" y="0"/>
  <SubTexture name="nan1_shen" width="87" height="136" cocos2d_pX="42.8" cocos2d_pY="67.25" x="148" y="0"/>
  <SubTexture name="nan1_gebo2" width="33" height="50" cocos2d_pX="16.05" cocos2d_pY="24.8" x="427" y="53"/>
  <SubTexture name="nan1_gebo3" width="28" height="57" cocos2d_pX="11.55" cocos2d_pY="28.15" x="397" y="36"/>
  <SubTexture name="nan1_gebo4" width="47" height="32" cocos2d_pX="23.1" cocos2d_pY="15.4" x="462" y="53"/>
  <SubTexture name="nan1_tui" width="69" height="144" cocos2d_pX="34.25" cocos2d_pY="71.4" x="237" y="0"/>
  <SubTexture name="ying2" width="121" height="34" cocos2d_pX="0" cocos2d_pY="0" x="308" y="0"/>
 </TextureAtlas>
</skeleton>