<skeleton name="npc_e" frameRate="24" version="2.2">
  <armatures>
    <armature name="nvzi">
      <b name="ying3" x="4.9" y="-9.1" kX="0" kY="0" cX="0.62" cY="0.77" pX="60" pY="16.75" z="0">
        <d name="ying3" pX="0" pY="0"/>
      </b>
      <b name="nv_tui2" x="-10.8" y="-104.9" kX="0" kY="0" cX="1" cY="1" pX="-1.95" pY="-42.3" z="1">
        <d name="nv_tui2" pX="15.35" pY="55.75"/>
        <d name="n12" pX="15.35" pY="55.75"/>
      </b>
      <b name="nv_tui" x="13.2" y="-97" kX="0" kY="0" cX="1" cY="1" pX="2" pY="-39.2" z="2">
        <d name="nv_tui" pX="15.8" pY="60.75"/>
        <d name="n14" pX="15.8" pY="60.75"/>
      </b>
      <b name="nv_toufa" x="12.45" y="-332.15" kX="0" kY="0" cX="1" cY="1" pX="-2.4" pY="-91.65" z="3">
        <d name="nv_toufa" pX="67.35" pY="115.85"/>
        <d name="n13" pX="67.35" pY="115.85"/>
      </b>
      <b name="nv_gebo7" x="0.1" y="-211.35" kX="0" kY="0" cX="1" cY="1" pX="-1" pY="6.65" z="4">
        <d name="nv_gebo7" pX="14.6" pY="9.3"/>
        <d name="n2" pX="14.6" pY="9.3"/>
      </b>
      <b name="nv_gebo2" x="-24.25" y="-187.6" kX="0" kY="0" cX="1" cY="1" pX="3.15" pY="-15.1" z="5">
        <d name="nv_gebo2" pX="11.05" pY="27.5"/>
        <d name="n7" pX="11.05" pY="27.5"/>
      </b>
      <b name="nv_gebo3" x="-25.65" y="-200.05" kX="0" kY="0" cX="1" cY="1" pX="3.05" pY="-9.95" z="6">
        <d name="nv_gebo3" pX="8.75" pY="14.35"/>
        <d name="n6" pX="8.75" pY="14.35"/>
      </b>
      <b name="nv_gebo" x="-35.3" y="-149.7" kX="0" kY="0" cX="1" cY="1" pX="21.35" pY="13.2" z="7">
        <d name="nv_gebo" pX="27.85" pY="21.35"/>
        <d name="n8" pX="27.85" pY="21.35"/>
        <d name="n9" pX="27.85" pY="21.35"/>
        <d name="n10" pX="27.85" pY="21.35"/>
        <d name="n11" pX="27.85" pY="21.35"/>
      </b>
      <b name="nv_gebo5" x="28.7" y="-181.35" kX="0" kY="0" cX="1" cY="1" pX="0" pY="-15.2" z="8">
        <d name="nv_gebo5" pX="7.8" pY="17.75"/>
        <d name="n4" pX="7.8" pY="17.75"/>
      </b>
      <b name="nv_shen" x="-1.1" y="-108.1" kX="0" kY="0" cX="1" cY="1" pX="-0.4" pY="50.8" z="9">
        <d name="nv_shen" pX="32.5" pY="67.55"/>
        <d name="n17" pX="32.5" pY="67.55"/>
      </b>
      <b name="nv_gebo4" x="30.4" y="-151.2" kX="0" kY="0" cX="1" cY="1" pX="8.8" pY="-28.4" z="10">
        <d name="nv_gebo4" pX="14.7" pY="31.4"/>
        <d name="n5" pX="14.7" pY="31.4"/>
      </b>
      <b name="nv_tou" x="-6.4" y="-228.7" kX="0" kY="0" cX="1" cY="1" pX="-7.75" pY="41.05" z="11">
        <d name="nv_tou" pX="72.85" pY="106.35"/>
        <d name="n16" pX="72.85" pY="106.35"/>
      </b>
      <b name="nv_gebo6" x="26.4" y="-205.9" kX="0" kY="0" cX="1" cY="1" pX="-2.8" pY="-11.2" z="12">
        <d name="nv_gebo6" pX="11.85" pY="14.3"/>
        <d name="n3" pX="11.85" pY="14.3"/>
      </b>
      <b name="nv_yan" x="-11.2" y="-281.85" kX="0" kY="0" cX="1" cY="1" pX="0" pY="0" z="13">
        <d name="nv_yan" pX="40.75" pY="17.25"/>
        <d name="nv_yan1" pX="42.75" pY="15.45"/>
        <d name="nv_yan2" pX="42.35" pY="13.45"/>
        <d name="nv_yan4" pX="42.3" pY="12.25"/>
        <d name="nv_yan3" pX="42.3" pY="12.25"/>
      </b>
      <b name="nv_zui" x="-9.5" y="-236.7" kX="0" kY="0" cX="1" cY="1" pX="0" pY="0" z="14">
        <d name="z1" pX="12.3" pY="6.35"/>
        <d name="z2" pX="12.3" pY="5.2"/>
        <d name="z3" pX="12.4" pY="7"/>
        <d name="z4" pX="6.95" pY="4.8"/>
        <d name="z5" pX="13.65" pY="7.4"/>
        <d name="z6" pX="12.3" pY="5.4"/>
      </b>
      <b name="nv_fa" x="-41.65" y="-323.9" kX="0" kY="0" cX="1" cY="1" pX="-50.9" pY="-34.25" z="15">
        <d name="nv_fa" pX="60.45" pY="85.65"/>
      </b>
    </armature>
  </armatures>
  <animations>
    <animation name="nvzi">
      <mov name="idle" dr="31" to="6" drTW="31" lp="1" twE="NaN">
        <b name="ying3" sc="1" dl="0">
          <f x="4.9" y="-9.1" cocos2d_x="-32.45" cocos2d_y="-21.95" kX="0" kY="0" cX="0.62" cY="0.77" pX="60" pY="16.75" z="0" dI="0" twE="0" dr="12">
            <colorTransform a="0" r="0" g="0" b="0" aM="50" rM="100" gM="100" bM="100"/>
          </f>
          <f x="4.9" y="-9.1" cocos2d_x="-32.45" cocos2d_y="-21.95" kX="0" kY="0" cX="0.62" cY="0.77" pX="60" pY="16.75" z="0" dI="0" twE="0" dr="2">
            <colorTransform a="0" r="0" g="0" b="0" aM="50" rM="100" gM="100" bM="100"/>
          </f>
          <f x="4.9" y="-9.1" cocos2d_x="-32.45" cocos2d_y="-21.95" kX="0" kY="0" cX="0.62" cY="0.77" pX="60" pY="16.75" z="0" dI="0" twE="0" dr="14">
            <colorTransform a="0" r="0" g="0" b="0" aM="50" rM="100" gM="100" bM="100"/>
          </f>
          <f x="4.9" y="-9.1" cocos2d_x="-32.45" cocos2d_y="-21.95" kX="0" kY="0" cX="0.62" cY="0.77" pX="60" pY="16.75" z="0" dI="0" twE="0" dr="2">
            <colorTransform a="0" r="0" g="0" b="0" aM="50" rM="100" gM="100" bM="100"/>
          </f>
          <f x="4.9" y="-9.1" cocos2d_x="-32.45" cocos2d_y="-21.95" kX="0" kY="0" cX="0.62" cY="0.77" pX="60" pY="16.75" z="0" dI="0" dr="1">
            <colorTransform a="0" r="0" g="0" b="0" aM="50" rM="100" gM="100" bM="100"/>
          </f>
        </b>
        <b name="nv_tui2" sc="1" dl="0">
          <f x="-10.8" y="-104.9" cocos2d_x="-8.85" cocos2d_y="-62.6" kX="0" kY="0" cX="1" cY="1" pX="-1.95" pY="-42.3" z="1" dI="0" twE="0" dr="12"/>
          <f x="-10.1" y="-107.55" cocos2d_x="-8.4" cocos2d_y="-64.15" kX="0.29" kY="0.29" cX="1" cY="1.03" pX="-1.95" pY="-42.25" z="1" dI="0" twE="0" dr="2"/>
          <f x="-10.05" y="-107.75" cocos2d_x="-8.45" cocos2d_y="-64.15" kX="0.45" kY="0.45" cX="1" cY="1.03" pX="-1.95" pY="-42.35" z="1" dI="0" twE="0" dr="14"/>
          <f x="-10.75" y="-105.1" cocos2d_x="-8.8" cocos2d_y="-62.65" kX="0.01" kY="0.01" cX="1" cY="1" pX="-1.95" pY="-42.35" z="1" dI="0" twE="0" dr="2"/>
          <f x="-10.8" y="-104.9" cocos2d_x="-8.85" cocos2d_y="-62.6" kX="0" kY="0" cX="1" cY="1" pX="-1.95" pY="-42.3" z="1" dI="0" dr="1"/>
        </b>
        <b name="nv_tui" sc="1" dl="0">
          <f x="13.2" y="-97" cocos2d_x="11.2" cocos2d_y="-57.8" kX="0" kY="0" cX="1" cY="1" pX="2" pY="-39.2" z="2" dI="0" twE="0" dr="12"/>
          <f x="13.85" y="-100" cocos2d_x="11.45" cocos2d_y="-59.65" kX="0.54" kY="0.54" cX="1" cY="1.03" pX="2" pY="-39.3" z="2" dI="0" twE="0" dr="2"/>
          <f x="13.9" y="-100.2" cocos2d_x="11.4" cocos2d_y="-59.8" kX="0.71" kY="0.71" cX="1" cY="1.03" pX="2" pY="-39.15" z="2" dI="0" twE="0" dr="14"/>
          <f x="13.2" y="-97.25" cocos2d_x="11.25" cocos2d_y="-57.9" kX="0.01" kY="0.01" cX="1" cY="1" pX="1.95" pY="-39.25" z="2" dI="0" twE="0" dr="2"/>
          <f x="13.2" y="-97" cocos2d_x="11.2" cocos2d_y="-57.8" kX="0" kY="0" cX="1" cY="1" pX="2" pY="-39.2" z="2" dI="0" dr="1"/>
        </b>
        <b name="nv_toufa" sc="1" dl="0">
          <f x="12.45" y="-332.15" cocos2d_x="14.85" cocos2d_y="-240.5" kX="0" kY="0" cX="1" cY="1" pX="-2.4" pY="-91.65" z="3" dI="0" twE="0" dr="12"/>
          <f x="19.6" y="-334.8" cocos2d_x="20.3" cocos2d_y="-243.1" kX="1.05" kY="2.77" cX="0.99" cY="1" pX="-2.4" pY="-91.55" z="3" dI="0" twE="0" dr="2"/>
          <f x="20.3" y="-335.1" cocos2d_x="20.45" cocos2d_y="-243.4" kX="1.3" kY="3.06" cX="0.99" cY="1" pX="-2.25" pY="-91.6" z="3" dI="0" twE="0" dr="14"/>
          <f x="12.95" y="-332.3" cocos2d_x="15.2" cocos2d_y="-240.7" kX="0.02" kY="0.05" cX="1" cY="1" pX="-2.3" pY="-91.6" z="3" dI="0" twE="0" dr="2"/>
          <f x="12.45" y="-332.15" cocos2d_x="14.85" cocos2d_y="-240.5" kX="0" kY="0" cX="1" cY="1" pX="-2.4" pY="-91.65" z="3" dI="0" dr="1"/>
        </b>
        <b name="nv_gebo7" sc="1" dl="0">
          <f x="0.1" y="-211.35" cocos2d_x="1.1" cocos2d_y="-218" kX="0" kY="0" cX="1" cY="1" pX="-1" pY="6.65" z="4" dI="0" twE="0" dr="12"/>
          <f x="1.7" y="-213.85" cocos2d_x="2.8" cocos2d_y="-220.6" kX="0.54" kY="0.54" cX="1.02" cY="1" pX="-1" pY="6.75" z="4" dI="0" twE="0" dr="2"/>
          <f x="1.8" y="-214.1" cocos2d_x="3" cocos2d_y="-220.7" kX="0.71" kY="0.71" cX="1.02" cY="1.01" pX="-1.1" pY="6.6" z="4" dI="0" twE="0" dr="14"/>
          <f x="0.2" y="-211.55" cocos2d_x="1.3" cocos2d_y="-218.15" kX="0.01" kY="0.01" cX="1" cY="1" pX="-1.1" pY="6.6" z="4" dI="0" twE="0" dr="2"/>
          <f x="0.1" y="-211.35" cocos2d_x="1.1" cocos2d_y="-218" kX="0" kY="0" cX="1" cY="1" pX="-1" pY="6.65" z="4" dI="0" dr="1"/>
        </b>
        <b name="nv_gebo2" sc="1" dl="0">
          <f x="-24.25" y="-187.6" cocos2d_x="-27.4" cocos2d_y="-172.5" kX="0" kY="0" cX="1" cY="1" pX="3.15" pY="-15.1" z="5" dI="0" twE="0" dr="12"/>
          <f x="-23.9" y="-189.4" cocos2d_x="-27.7" cocos2d_y="-174.35" kX="2.25" kY="2.25" cX="1.02" cY="1" pX="3.15" pY="-15.15" z="5" dI="0" twE="0" dr="2"/>
          <f x="-23.85" y="-189.6" cocos2d_x="-27.7" cocos2d_y="-174.5" kX="2.46" kY="2.46" cX="1.02" cY="1.01" pX="3.1" pY="-15.2" z="5" dI="0" twE="0" dr="14"/>
          <f x="-24.2" y="-187.75" cocos2d_x="-27.3" cocos2d_y="-172.6" kX="0.04" kY="0.04" cX="1" cY="1" pX="3.05" pY="-15.15" z="5" dI="0" twE="0" dr="2"/>
          <f x="-24.25" y="-187.6" cocos2d_x="-27.4" cocos2d_y="-172.5" kX="0" kY="0" cX="1" cY="1" pX="3.15" pY="-15.1" z="5" dI="0" dr="1"/>
        </b>
        <b name="nv_gebo3" sc="1" dl="0">
          <f x="-25.65" y="-200.05" cocos2d_x="-28.7" cocos2d_y="-190.1" kX="0" kY="0" cX="1" cY="1" pX="3.05" pY="-9.95" z="6" dI="0" twE="0" dr="12"/>
          <f x="-24.55" y="-202.75" cocos2d_x="-27.75" cocos2d_y="-192.75" kX="0.54" kY="0.54" cX="1.02" cY="1" pX="3.15" pY="-9.95" z="6" dI="0" twE="0" dr="2"/>
          <f x="-24.45" y="-203" cocos2d_x="-27.65" cocos2d_y="-193.05" kX="0.71" kY="0.71" cX="1.02" cY="1.01" pX="3.05" pY="-9.95" z="6" dI="0" twE="0" dr="14"/>
          <f x="-25.55" y="-200.25" cocos2d_x="-28.6" cocos2d_y="-190.35" kX="0.01" kY="0.01" cX="1" cY="1" pX="3.05" pY="-9.9" z="6" dI="0" twE="0" dr="2"/>
          <f x="-25.65" y="-200.05" cocos2d_x="-28.7" cocos2d_y="-190.1" kX="0" kY="0" cX="1" cY="1" pX="3.05" pY="-9.95" z="6" dI="0" dr="1"/>
        </b>
        <b name="nv_gebo" sc="1" dl="0">
          <f x="-35.3" y="-149.7" cocos2d_x="-56.65" cocos2d_y="-162.9" kX="0" kY="0" cX="1" cY="1" pX="21.35" pY="13.2" z="7" dI="0" twE="0" dr="12"/>
          <f x="-36.15" y="-152.55" cocos2d_x="-56.3" cocos2d_y="-168.2" kX="6.29" kY="6.3" cX="1.02" cY="1" pX="21.4" pY="13.3" z="7" dI="0" twE="0" dr="2"/>
          <f x="-36.3" y="-152.9" cocos2d_x="-56.35" cocos2d_y="-168.8" kX="6.96" kY="6.96" cX="1.02" cY="1.01" pX="21.45" pY="13.3" z="7" dI="0" twE="0" dr="14"/>
          <f x="-35.25" y="-149.9" cocos2d_x="-56.75" cocos2d_y="-163.3" kX="0.3" kY="0.3" cX="1" cY="1" pX="21.55" pY="13.3" z="7" dI="0" twE="0" dr="2"/>
          <f x="-35.3" y="-149.7" cocos2d_x="-56.65" cocos2d_y="-162.9" kX="0" kY="0" cX="1" cY="1" pX="21.35" pY="13.2" z="7" dI="0" dr="1"/>
        </b>
        <b name="nv_gebo5" sc="1" dl="0">
          <f x="28.7" y="-181.35" cocos2d_x="28.7" cocos2d_y="-166.15" kX="0" kY="0" cX="1" cY="1" pX="0" pY="-15.2" z="8" dI="0" twE="0" dr="12"/>
          <f x="31.4" y="-183.7" cocos2d_x="31.75" cocos2d_y="-168.4" kX="-1.28" kY="-1.28" cX="1.02" cY="1" pX="0" pY="-15.25" z="8" dI="0" twE="0" dr="2"/>
          <f x="31.65" y="-183.85" cocos2d_x="32.05" cocos2d_y="-168.6" kX="-1.51" kY="-1.51" cX="1.02" cY="1.01" pX="0" pY="-15.2" z="8" dI="0" twE="0" dr="14"/>
          <f x="28.9" y="-181.5" cocos2d_x="28.9" cocos2d_y="-166.3" kX="-0.03" kY="-0.02" cX="1" cY="1" pX="0.05" pY="-15.2" z="8" dI="0" twE="0" dr="2"/>
          <f x="28.7" y="-181.35" cocos2d_x="28.7" cocos2d_y="-166.15" kX="0" kY="0" cX="1" cY="1" pX="0" pY="-15.2" z="8" dI="0" dr="1"/>
        </b>
        <b name="nv_shen" sc="1" dl="0">
          <f x="-1.1" y="-108.1" cocos2d_x="-0.7" cocos2d_y="-158.9" kX="0" kY="0" cX="1" cY="1" pX="-0.4" pY="50.8" z="9" dI="0" twE="0" dr="12"/>
          <f x="-0.75" y="-110.15" cocos2d_x="0.2" cocos2d_y="-161.15" kX="0.54" kY="0.54" cX="1.02" cY="1" pX="-0.45" pY="50.8" z="9" dI="0" twE="0" dr="2"/>
          <f x="-0.7" y="-110.3" cocos2d_x="0.4" cocos2d_y="-161.35" kX="0.71" kY="0.71" cX="1.02" cY="1.01" pX="-0.5" pY="50.8" z="9" dI="0" twE="0" dr="14"/>
          <f x="-1.05" y="-108.3" cocos2d_x="-0.6" cocos2d_y="-159.05" kX="0.01" kY="0.01" cX="1" cY="1" pX="-0.4" pY="50.75" z="9" dI="0" twE="0" dr="2"/>
          <f x="-1.1" y="-108.1" cocos2d_x="-0.7" cocos2d_y="-158.9" kX="0" kY="0" cX="1" cY="1" pX="-0.4" pY="50.8" z="9" dI="0" dr="1"/>
        </b>
        <b name="nv_gebo4" sc="1" dl="0">
          <f x="30.4" y="-151.2" cocos2d_x="21.6" cocos2d_y="-122.8" kX="0" kY="0" cX="1" cY="1" pX="8.8" pY="-28.4" z="10" dI="0" twE="0" dr="12"/>
          <f x="33.75" y="-153.05" cocos2d_x="27.05" cocos2d_y="-123.9" kX="-4.53" kY="-4.53" cX="1.02" cY="1" pX="8.85" pY="-28.45" z="10" dI="0" twE="0" dr="2"/>
          <f x="34.1" y="-153.25" cocos2d_x="27.6" cocos2d_y="-124" kX="-5.02" kY="-5.02" cX="1.02" cY="1.01" pX="8.85" pY="-28.45" z="10" dI="0" twE="0" dr="14"/>
          <f x="30.65" y="-151.3" cocos2d_x="21.9" cocos2d_y="-122.9" kX="-0.27" kY="-0.27" cX="1" cY="1" pX="8.8" pY="-28.35" z="10" dI="0" twE="0" dr="2"/>
          <f x="30.4" y="-151.2" cocos2d_x="21.6" cocos2d_y="-122.8" kX="0" kY="0" cX="1" cY="1" pX="8.8" pY="-28.4" z="10" dI="0" dr="1"/>
        </b>
        <b name="nv_tou" sc="1" dl="0">
          <f x="-6.4" y="-228.7" cocos2d_x="1.35" cocos2d_y="-269.75" kX="0" kY="0" cX="1" cY="1" pX="-7.75" pY="41.05" z="11" dI="0" twE="0" dr="12"/>
          <f x="-4.05" y="-231.1" cocos2d_x="5.3" cocos2d_y="-271.8" kX="2.25" kY="2.25" cX="1" cY="1" pX="-7.75" pY="41" z="11" dI="0" twE="0" dr="2"/>
          <f x="-3.9" y="-231.35" cocos2d_x="5.65" cocos2d_y="-271.95" kX="2.45" kY="2.45" cX="1" cY="1" pX="-7.8" pY="40.95" z="11" dI="0" twE="0" dr="14"/>
          <f x="-6.3" y="-228.85" cocos2d_x="1.55" cocos2d_y="-269.85" kX="0.04" kY="0.04" cX="1" cY="1" pX="-7.8" pY="41" z="11" dI="0" twE="0" dr="2"/>
          <f x="-6.4" y="-228.7" cocos2d_x="1.35" cocos2d_y="-269.75" kX="0" kY="0" cX="1" cY="1" pX="-7.75" pY="41.05" z="11" dI="0" dr="1"/>
        </b>
        <b name="nv_gebo6" sc="1" dl="0">
          <f x="26.4" y="-205.9" cocos2d_x="29.2" cocos2d_y="-194.7" kX="0" kY="0" cX="1" cY="1" pX="-2.8" pY="-11.2" z="12" dI="0" twE="0" dr="12"/>
          <f x="28.4" y="-208.05" cocos2d_x="31.15" cocos2d_y="-196.75" kX="0.54" kY="0.54" cX="1.02" cY="1" pX="-2.8" pY="-11.2" z="12" dI="0" twE="0" dr="2"/>
          <f x="28.6" y="-208.25" cocos2d_x="31.25" cocos2d_y="-196.95" kX="0.71" kY="0.71" cX="1.02" cY="1.01" pX="-2.75" pY="-11.2" z="12" dI="0" twE="0" dr="14"/>
          <f x="26.55" y="-206.05" cocos2d_x="29.3" cocos2d_y="-194.85" kX="0.01" kY="0.01" cX="1" cY="1" pX="-2.75" pY="-11.2" z="12" dI="0" twE="0" dr="2"/>
          <f x="26.4" y="-205.9" cocos2d_x="29.2" cocos2d_y="-194.7" kX="0" kY="0" cX="1" cY="1" pX="-2.8" pY="-11.2" z="12" dI="0" dr="1"/>
        </b>
        <b name="nv_yan" sc="1" dl="0">
          <f x="-11.2" y="-281.85" cocos2d_x="-11.2" cocos2d_y="-281.85" kX="0" kY="0" cX="1" cY="1" pX="0" pY="0" z="13" dI="0" twE="0" dr="12"/>
          <f x="-6.75" y="-284.35" cocos2d_x="-6.75" cocos2d_y="-284.35" kX="2.25" kY="2.25" cX="1" cY="1" pX="0" pY="0" z="13" dI="1" twE="0" dr="1"/>
          <f x="-6.55" y="-284.45" cocos2d_x="-6.55" cocos2d_y="-284.45" kX="2.28" kY="2.28" cX="1" cY="1" pX="0" pY="0" z="13" dI="1" twE="0" dr="1"/>
          <f x="-6.4" y="-284.55" cocos2d_x="-6.4" cocos2d_y="-284.55" kX="2.45" kY="2.45" cX="1" cY="1" pX="0" pY="0" z="13" dI="2" twE="0" dr="2"/>
          <f x="-7" y="-284.15" cocos2d_x="-7" cocos2d_y="-284.15" kX="2.01" kY="2.01" cX="1" cY="1" pX="0" pY="0" z="13" dI="3" twE="0" dr="2"/>
          <f x="-7.6" y="-283.85" cocos2d_x="-7.6" cocos2d_y="-283.85" kX="1.56" kY="1.56" cX="1" cY="1" pX="0" pY="0" z="13" dI="4" twE="0" dr="2"/>
          <f x="-8.3" y="-283.5" cocos2d_x="-8.3" cocos2d_y="-283.5" kX="1.25" kY="1.25" cX="1" cY="1" pX="0" pY="0" z="13" dI="2" twE="0" dr="2"/>
          <f x="-8.9" y="-283.1" cocos2d_x="-8.9" cocos2d_y="-283.1" kX="0.8" kY="0.8" cX="1" cY="1" pX="0" pY="0" z="13" dI="1" twE="0" dr="1"/>
          <f x="-9.25" y="-282.85" cocos2d_x="-9.25" cocos2d_y="-282.85" kX="0.54" kY="0.54" cX="1" cY="1" pX="0" pY="0" z="13" dI="0" twE="0" dr="5"/>
          <f x="-10.9" y="-282.05" cocos2d_x="-10.9" cocos2d_y="-282.05" kX="0.04" kY="0.04" cX="1" cY="1" pX="0" pY="0" z="13" dI="0" twE="0" dr="2"/>
          <f x="-11.2" y="-281.85" cocos2d_x="-11.2" cocos2d_y="-281.85" kX="0" kY="0" cX="1" cY="1" pX="0" pY="0" z="13" dI="0" dr="1"/>
        </b>
        <b name="nv_zui" sc="1" dl="0">
          <f x="-9.5" y="-236.7" cocos2d_x="-9.5" cocos2d_y="-236.7" kX="0" kY="0" cX="1" cY="1" pX="0" pY="0" z="14" dI="0" twE="0" dr="12"/>
          <f x="-6.75" y="-239.1" cocos2d_x="-6.75" cocos2d_y="-239.1" kX="2.01" kY="2.01" cX="1" cY="1" pX="0" pY="0" z="14" dI="0" twE="0" dr="2"/>
          <f x="-6.55" y="-239.3" cocos2d_x="-6.55" cocos2d_y="-239.3" kX="2.19" kY="2.19" cX="1" cY="1" pX="0" pY="0" z="14" dI="0" twE="0" dr="14"/>
          <f x="-9.3" y="-236.85" cocos2d_x="-9.3" cocos2d_y="-236.85" kX="0.03" kY="0.03" cX="1" cY="1" pX="0" pY="0" z="14" dI="0" twE="0" dr="2"/>
          <f x="-9.5" y="-236.7" cocos2d_x="-9.5" cocos2d_y="-236.7" kX="0" kY="0" cX="1" cY="1" pX="0" pY="0" z="14" dI="0" dr="1"/>
        </b>
        <b name="nv_fa" sc="1" dl="0">
          <f x="-41.65" y="-323.9" cocos2d_x="9.25" cocos2d_y="-289.65" kX="0" kY="0" cX="1" cY="1" pX="-50.9" pY="-34.25" z="15" dI="0" twE="0" dr="12"/>
          <f x="-35.5" y="-327.45" cocos2d_x="14.65" cocos2d_y="-290.75" kX="0.81" kY="1.78" cX="1" cY="1.03" pX="-50.85" pY="-34.2" z="15" dI="0" twE="0" dr="2"/>
          <f x="-35" y="-327.8" cocos2d_x="15" cocos2d_y="-290.85" kX="1.05" kY="2" cX="1" cY="1.03" pX="-50.9" pY="-34.2" z="15" dI="0" twE="0" dr="14"/>
          <f x="-41.25" y="-324.15" cocos2d_x="9.65" cocos2d_y="-289.9" kX="0.02" kY="0.03" cX="1" cY="1" pX="-50.9" pY="-34.15" z="15" dI="0" twE="0" dr="2"/>
          <f x="-41.65" y="-323.9" cocos2d_x="9.25" cocos2d_y="-289.65" kX="0" kY="0" cX="1" cY="1" pX="-50.9" pY="-34.25" z="15" dI="0" dr="1"/>
        </b>
      </mov>
      <mov name="shou" dr="170" to="6" drTW="170" lp="0" twE="NaN">
        <b name="ying3" sc="1" dl="0">
          <f x="4.9" y="-9.1" cocos2d_x="-32.45" cocos2d_y="-21.95" kX="0" kY="0" cX="0.62" cY="0.77" pX="60" pY="16.75" z="0" dI="0" dr="170">
            <colorTransform a="0" r="0" g="0" b="0" aM="50" rM="100" gM="100" bM="100"/>
          </f>
        </b>
        <b name="nv_tui2" sc="1" dl="0">
          <f x="-10.8" y="-104.9" cocos2d_x="-8.85" cocos2d_y="-62.6" kX="0" kY="0" cX="1" cY="1" pX="-1.95" pY="-42.3" z="1" dI="1" dr="3"/>
          <f x="-10.8" y="-104.9" cocos2d_x="-8.85" cocos2d_y="-62.6" kX="0" kY="0" cX="1" cY="1" pX="-1.95" pY="-42.3" z="1" dI="1" twE="0" dr="4"/>
          <f x="-10.8" y="-104.9" cocos2d_x="-10.75" cocos2d_y="-62.55" kX="2.52" kY="2.52" cX="1" cY="1" pX="-1.9" pY="-42.3" z="1" dI="1" twE="0" dr="4"/>
          <f x="-10.8" y="-104.9" cocos2d_x="-11.25" cocos2d_y="-62.55" kX="3.23" kY="3.23" cX="1" cY="1" pX="-1.95" pY="-42.35" z="1" dI="1" dr="42"/>
          <f x="-10.8" y="-104.9" cocos2d_x="-11.25" cocos2d_y="-62.55" kX="3.23" kY="3.23" cX="1" cY="1" pX="-1.95" pY="-42.35" z="1" dI="1" twE="0" dr="5"/>
          <f x="-9.2" y="-104.95" cocos2d_x="-8.6" cocos2d_y="-62.55" kX="1.78" kY="1.78" cX="1" cY="1" pX="-1.9" pY="-42.35" z="1" dI="1" twE="0" dr="7"/>
          <f x="-13.2" y="-104.95" cocos2d_x="-15.45" cocos2d_y="-62.55" kX="5.7" kY="5.7" cX="1" cY="1" pX="-2" pY="-42.45" z="1" dI="1" dr="67"/>
          <f x="-13.2" y="-104.95" cocos2d_x="-15.45" cocos2d_y="-62.55" kX="5.7" kY="5.7" cX="1" cY="1" pX="-2" pY="-42.45" z="1" dI="1" twE="0" dr="8"/>
          <f x="-10.8" y="-104.9" cocos2d_x="-8.85" cocos2d_y="-62.6" kX="0" kY="0" cX="1" cY="1" pX="-1.95" pY="-42.3" z="1" dI="1" dr="30"/>
        </b>
        <b name="nv_tui" sc="1" dl="0">
          <f x="13.2" y="-97" cocos2d_x="11.2" cocos2d_y="-57.8" kX="0" kY="0" cX="1" cY="1" pX="2" pY="-39.2" z="2" dI="1" dr="3"/>
          <f x="13.2" y="-97" cocos2d_x="11.2" cocos2d_y="-57.8" kX="0" kY="0" cX="1" cY="1" pX="2" pY="-39.2" z="2" dI="1" twE="0" dr="4"/>
          <f x="13.2" y="-97" cocos2d_x="11.2" cocos2d_y="-57.8" kX="0" kY="0" cX="1" cY="1" pX="2" pY="-39.2" z="2" dI="1" twE="0" dr="4"/>
          <f x="13.2" y="-97" cocos2d_x="11.2" cocos2d_y="-57.8" kX="0" kY="0" cX="1" cY="1" pX="2" pY="-39.2" z="2" dI="1" dr="42"/>
          <f x="13.2" y="-97" cocos2d_x="11.2" cocos2d_y="-57.8" kX="0" kY="0" cX="1" cY="1" pX="2" pY="-39.2" z="2" dI="1" twE="0" dr="5"/>
          <f x="13.2" y="-97" cocos2d_x="11.2" cocos2d_y="-57.8" kX="0" kY="0" cX="1" cY="1" pX="2" pY="-39.2" z="2" dI="1" twE="0" dr="7"/>
          <f x="13.2" y="-97" cocos2d_x="11.2" cocos2d_y="-57.8" kX="0" kY="0" cX="1" cY="1" pX="2" pY="-39.2" z="2" dI="1" dr="67"/>
          <f x="13.2" y="-97" cocos2d_x="11.2" cocos2d_y="-57.8" kX="0" kY="0" cX="1" cY="1" pX="2" pY="-39.2" z="2" dI="1" twE="0" dr="8"/>
          <f x="13.2" y="-97" cocos2d_x="11.2" cocos2d_y="-57.8" kX="0" kY="0" cX="1" cY="1" pX="2" pY="-39.2" z="2" dI="1" dr="30"/>
        </b>
        <b name="nv_toufa" sc="1" dl="0">
          <f x="12.45" y="-332.15" cocos2d_x="14.85" cocos2d_y="-240.5" kX="0" kY="0" cX="1" cY="1" pX="-2.4" pY="-91.65" z="3" dI="1" dr="3"/>
          <f x="12.45" y="-332.15" cocos2d_x="14.85" cocos2d_y="-240.5" kX="0" kY="0" cX="1" cY="1" pX="-2.4" pY="-91.65" z="3" dI="1" twE="0" dr="4"/>
          <f x="23.7" y="-331.15" cocos2d_x="26.95" cocos2d_y="-237.8" kX="-0.51" kY="0.04" cX="1.01" cY="1.02" pX="-2.4" pY="-91.65" z="3" dI="1" twE="0" dr="4"/>
          <f x="26.45" y="-330.9" cocos2d_x="30" cocos2d_y="-237.1" kX="-0.66" kY="0.23" cX="1.01" cY="1.02" pX="-2.45" pY="-91.7" z="3" dI="1" dr="42"/>
          <f x="26.45" y="-330.9" cocos2d_x="30" cocos2d_y="-237.1" kX="-0.66" kY="0.23" cX="1.01" cY="1.02" pX="-2.45" pY="-91.7" z="3" dI="1" twE="0" dr="5"/>
          <f x="30.4" y="-330.55" cocos2d_x="32.3" cocos2d_y="-236.65" kX="0.29" kY="1.17" cX="1.01" cY="1.02" pX="-2.35" pY="-91.7" z="3" dI="1" twE="0" dr="7"/>
          <f x="-11.1" y="-330.6" cocos2d_x="4" cocos2d_y="-237.9" kX="-7.85" kY="-6.97" cX="1.01" cY="1.02" pX="-2.25" pY="-91.65" z="3" dI="1" dr="67"/>
          <f x="-11.1" y="-330.6" cocos2d_x="4" cocos2d_y="-237.9" kX="-7.85" kY="-6.97" cX="1.01" cY="1.02" pX="-2.25" pY="-91.65" z="3" dI="1" twE="0" dr="8"/>
          <f x="12.45" y="-332.15" cocos2d_x="14.85" cocos2d_y="-240.5" kX="0" kY="0" cX="1" cY="1" pX="-2.4" pY="-91.65" z="3" dI="1" dr="30"/>
        </b>
        <b name="nv_gebo7" sc="1" dl="0">
          <f x="0.1" y="-211.35" cocos2d_x="1.1" cocos2d_y="-218" kX="0" kY="0" cX="1" cY="1" pX="-1" pY="6.65" z="4" dI="1" dr="3"/>
          <f x="0.1" y="-211.35" cocos2d_x="1.1" cocos2d_y="-218" kX="0" kY="0" cX="1" cY="1" pX="-1" pY="6.65" z="4" dI="1" twE="0" dr="4"/>
          <f x="5.6" y="-211.15" cocos2d_x="6.95" cocos2d_y="-217.75" kX="2.75" kY="2.75" cX="1" cY="1" pX="-1.05" pY="6.7" z="4" dI="1" twE="0" dr="4"/>
          <f x="6.95" y="-211.05" cocos2d_x="8.35" cocos2d_y="-217.65" kX="3.45" kY="3.45" cX="1" cY="1" pX="-1" pY="6.7" z="4" dI="1" dr="42"/>
          <f x="6.95" y="-211.05" cocos2d_x="8.35" cocos2d_y="-217.65" kX="3.45" kY="3.45" cX="1" cY="1" pX="-1" pY="6.7" z="4" dI="1" twE="0" dr="5"/>
          <f x="8.8" y="-211" cocos2d_x="10.3" cocos2d_y="-217.55" kX="4.4" kY="4.4" cX="1" cY="1" pX="-1" pY="6.6" z="4" dI="1" twE="0" dr="7"/>
          <f x="-7.15" y="-211.1" cocos2d_x="-6.5" cocos2d_y="-217.8" kX="-3.5" kY="-3.5" cX="1" cY="1" pX="-1.05" pY="6.65" z="4" dI="1" dr="67"/>
          <f x="-7.15" y="-211.1" cocos2d_x="-6.5" cocos2d_y="-217.8" kX="-3.5" kY="-3.5" cX="1" cY="1" pX="-1.05" pY="6.65" z="4" dI="1" twE="0" dr="8"/>
          <f x="0.1" y="-211.35" cocos2d_x="1.1" cocos2d_y="-218" kX="0" kY="0" cX="1" cY="1" pX="-1" pY="6.65" z="4" dI="1" dr="30"/>
        </b>
        <b name="nv_gebo2" sc="1" dl="0">
          <f x="-24.25" y="-187.6" cocos2d_x="-27.4" cocos2d_y="-172.5" kX="0" kY="0" cX="1" cY="1" pX="3.15" pY="-15.1" z="5" dI="1" dr="3"/>
          <f x="-24.25" y="-187.6" cocos2d_x="-27.4" cocos2d_y="-172.5" kX="0" kY="0" cX="1" cY="1" pX="3.15" pY="-15.1" z="5" dI="1" twE="0" dr="4"/>
          <f x="-19.9" y="-188.55" cocos2d_x="-28.3" cocos2d_y="-175.7" kX="21.29" kY="21.29" cX="1" cY="1" pX="3.15" pY="-15.05" z="5" dI="1" twE="0" dr="4"/>
          <f x="-18.9" y="-188.9" cocos2d_x="-28.4" cocos2d_y="-176.75" kX="26.64" kY="26.64" cX="1" cY="1" pX="3.05" pY="-15.15" z="5" dI="1" dr="42"/>
          <f x="-18.9" y="-188.9" cocos2d_x="-28.4" cocos2d_y="-176.75" kX="26.64" kY="26.64" cX="1" cY="1" pX="3.05" pY="-15.15" z="5" dI="1" twE="0" dr="5"/>
          <f x="-17.35" y="-189.25" cocos2d_x="-27.1" cocos2d_y="-177.25" kX="27.59" kY="27.59" cX="1" cY="1" pX="3.05" pY="-15.1" z="5" dI="1" twE="0" dr="7"/>
          <f x="-32.35" y="-185.95" cocos2d_x="-44.95" cocos2d_y="-176.95" kX="42.39" kY="42.39" cX="1" cY="1" pX="3.25" pY="-15.15" z="5" dI="1" dr="67"/>
          <f x="-32.35" y="-185.95" cocos2d_x="-44.95" cocos2d_y="-176.95" kX="42.39" kY="42.39" cX="1" cY="1" pX="3.25" pY="-15.15" z="5" dI="1" twE="0" dr="8"/>
          <f x="-24.25" y="-187.6" cocos2d_x="-27.4" cocos2d_y="-172.5" kX="0" kY="0" cX="1" cY="1" pX="3.15" pY="-15.1" z="5" dI="1" dr="30"/>
        </b>
        <b name="nv_gebo3" sc="1" dl="0">
          <f x="-25.65" y="-200.05" cocos2d_x="-28.7" cocos2d_y="-190.1" kX="0" kY="0" cX="1" cY="1" pX="3.05" pY="-9.95" z="6" dI="1" dr="3"/>
          <f x="-25.65" y="-200.05" cocos2d_x="-28.7" cocos2d_y="-190.1" kX="0" kY="0" cX="1" cY="1" pX="3.05" pY="-9.95" z="6" dI="1" twE="0" dr="4"/>
          <f x="-20.7" y="-201.8" cocos2d_x="-26.55" cocos2d_y="-193.15" kX="17.29" kY="17.29" cX="1" cY="1" pX="3" pY="-10" z="6" dI="1" twE="0" dr="4"/>
          <f x="-19.45" y="-202.05" cocos2d_x="-25.95" cocos2d_y="-194" kX="21.67" kY="21.67" cX="1" cY="1" pX="3.05" pY="-9.85" z="6" dI="1" dr="42"/>
          <f x="-19.45" y="-202.05" cocos2d_x="-25.95" cocos2d_y="-194" kX="21.67" kY="21.67" cX="1" cY="1" pX="3.05" pY="-9.85" z="6" dI="1" twE="0" dr="5"/>
          <f x="-17.75" y="-202.5" cocos2d_x="-24.35" cocos2d_y="-194.45" kX="22.62" kY="22.62" cX="1" cY="1" pX="3.05" pY="-9.95" z="6" dI="1" twE="0" dr="7"/>
          <f x="-31.4" y="-199" cocos2d_x="-38.55" cocos2d_y="-191.55" kX="26.92" kY="26.92" cX="1" cY="1" pX="2.95" pY="-9.9" z="6" dI="1" dr="67"/>
          <f x="-31.4" y="-199" cocos2d_x="-38.55" cocos2d_y="-191.55" kX="26.92" kY="26.92" cX="1" cY="1" pX="2.95" pY="-9.9" z="6" dI="1" twE="0" dr="8"/>
          <f x="-25.65" y="-200.05" cocos2d_x="-28.7" cocos2d_y="-190.1" kX="0" kY="0" cX="1" cY="1" pX="3.05" pY="-9.95" z="6" dI="1" dr="30"/>
        </b>
        <b name="nv_gebo" sc="1" dl="0">
          <f x="-35.3" y="-149.7" cocos2d_x="-56.65" cocos2d_y="-162.9" kX="0" kY="0" cX="1" cY="1" pX="21.35" pY="13.2" z="7" dI="1" dr="3"/>
          <f x="-35.3" y="-149.7" cocos2d_x="-56.65" cocos2d_y="-162.9" kX="0" kY="0" cX="1" cY="1" pX="21.35" pY="13.2" z="7" dI="1" twE="0" dr="4"/>
          <f x="-42.7" y="-158.05" cocos2d_x="-65.3" cocos2d_y="-168.9" kX="-6.05" kY="-6.05" cX="1" cY="1" pX="21.3" pY="13.2" z="7" dI="2" twE="0" dr="4"/>
          <f x="-44.6" y="-160" cocos2d_x="-67.45" cocos2d_y="-170.3" kX="-7.76" kY="-7.76" cX="1" cY="1" pX="21.25" pY="13.3" z="7" dI="2" dr="42"/>
          <f x="-44.6" y="-160" cocos2d_x="-67.45" cocos2d_y="-170.3" kX="-7.76" kY="-7.76" cX="1" cY="1" pX="21.25" pY="13.3" z="7" dI="2" twE="0" dr="5"/>
          <f x="-43.95" y="-161.25" cocos2d_x="-64.35" cocos2d_y="-175.85" kX="3.44" kY="3.44" cX="1" cY="1" pX="21.3" pY="13.4" z="7" dI="2" twE="0" dr="4"/>
          <f x="-55.5" y="-162.95" cocos2d_x="-78.7" cocos2d_y="-172.35" kX="-10.06" kY="-10.06" cX="1" cY="1" pX="21.25" pY="13.3" z="7" dI="3" twE="0" dr="3"/>
          <f x="-64.1" y="-164.3" cocos2d_x="-88.6" cocos2d_y="-169.15" kX="-20.45" kY="-20.45" cX="1" cY="1" pX="21.25" pY="13.1" z="7" dI="4" dr="67"/>
          <f x="-64.1" y="-164.3" cocos2d_x="-88.6" cocos2d_y="-169.15" kX="-20.45" kY="-20.45" cX="1" cY="1" pX="21.25" pY="13.1" z="7" dI="4" twE="0" dr="1"/>
          <f x="-61" y="-162.2" cocos2d_x="-85.25" cocos2d_y="-168.25" kX="-17.77" kY="-17.77" cX="1" cY="1" pX="21.3" pY="13.15" z="7" dI="3" twE="0" dr="4"/>
          <f x="-47.3" y="-155" cocos2d_x="-70.1" cocos2d_y="-165.3" kX="-7.53" kY="-7.53" cX="1" cY="1" pX="21.3" pY="13.2" z="7" dI="2" twE="0" dr="3"/>
          <f x="-35.3" y="-149.7" cocos2d_x="-56.65" cocos2d_y="-162.9" kX="0" kY="0" cX="1" cY="1" pX="21.35" pY="13.2" z="7" dI="1" dr="30"/>
        </b>
        <b name="nv_gebo5" sc="1" dl="0">
          <f x="28.7" y="-181.35" cocos2d_x="28.7" cocos2d_y="-166.15" kX="0" kY="0" cX="1" cY="1" pX="0" pY="-15.2" z="8" dI="1" dr="3"/>
          <f x="28.7" y="-181.35" cocos2d_x="28.7" cocos2d_y="-166.15" kX="0" kY="0" cX="1" cY="1" pX="0" pY="-15.2" z="8" dI="1" twE="0" dr="4"/>
          <f x="35.2" y="-180.8" cocos2d_x="36" cocos2d_y="-165.6" kX="-3.01" kY="-3.01" cX="1" cY="1" pX="0" pY="-15.25" z="8" dI="1" twE="0" dr="4"/>
          <f x="36.85" y="-180.55" cocos2d_x="37.9" cocos2d_y="-165.45" kX="-3.78" kY="-3.78" cX="1" cY="1" pX="-0.05" pY="-15.1" z="8" dI="1" dr="42"/>
          <f x="36.85" y="-180.55" cocos2d_x="37.9" cocos2d_y="-165.45" kX="-3.78" kY="-3.78" cX="1" cY="1" pX="-0.05" pY="-15.1" z="8" dI="1" twE="0" dr="5"/>
          <f x="39.75" y="-180.4" cocos2d_x="41.8" cocos2d_y="-165.35" kX="-7.3" kY="-7.3" cX="1" cY="1" pX="-0.05" pY="-15.2" z="8" dI="1" twE="0" dr="7"/>
          <f x="26.2" y="-184.45" cocos2d_x="29.15" cocos2d_y="-169.55" kX="-10.73" kY="-10.73" cX="1" cY="1" pX="-0.1" pY="-15.15" z="8" dI="1" dr="67"/>
          <f x="26.2" y="-184.45" cocos2d_x="29.15" cocos2d_y="-169.55" kX="-10.73" kY="-10.73" cX="1" cY="1" pX="-0.1" pY="-15.15" z="8" dI="1" twE="0" dr="8"/>
          <f x="28.7" y="-181.35" cocos2d_x="28.7" cocos2d_y="-166.15" kX="0" kY="0" cX="1" cY="1" pX="0" pY="-15.2" z="8" dI="1" dr="30"/>
        </b>
        <b name="nv_shen" sc="1" dl="0">
          <f x="-1.1" y="-108.1" cocos2d_x="-0.7" cocos2d_y="-158.9" kX="0" kY="0" cX="1" cY="1" pX="-0.4" pY="50.8" z="9" dI="1" dr="3"/>
          <f x="-1.1" y="-108.1" cocos2d_x="-0.7" cocos2d_y="-158.9" kX="0" kY="0" cX="1" cY="1" pX="-0.4" pY="50.8" z="9" dI="1" twE="0" dr="4"/>
          <f x="-0.6" y="-108.05" cocos2d_x="2.25" cocos2d_y="-158.85" kX="2.75" kY="2.75" cX="1" cY="1" pX="-0.4" pY="50.9" z="9" dI="1" twE="0" dr="4"/>
          <f x="-0.5" y="-108.1" cocos2d_x="2.95" cocos2d_y="-158.8" kX="3.45" kY="3.45" cX="1" cY="1" pX="-0.4" pY="50.85" z="9" dI="1" dr="42"/>
          <f x="-0.5" y="-108.1" cocos2d_x="2.95" cocos2d_y="-158.8" kX="3.45" kY="3.45" cX="1" cY="1" pX="-0.4" pY="50.85" z="9" dI="1" twE="0" dr="5"/>
          <f x="-0.4" y="-108.2" cocos2d_x="3.95" cocos2d_y="-158.8" kX="4.4" kY="4.4" cX="1" cY="1" pX="-0.45" pY="50.8" z="9" dI="1" twE="0" dr="7"/>
          <f x="-2.05" y="-108" cocos2d_x="-4.75" cocos2d_y="-158.75" kX="-3.5" kY="-3.5" cX="1" cY="1" pX="-0.4" pY="50.8" z="9" dI="1" dr="67"/>
          <f x="-2.05" y="-108" cocos2d_x="-4.75" cocos2d_y="-158.75" kX="-3.5" kY="-3.5" cX="1" cY="1" pX="-0.4" pY="50.8" z="9" dI="1" twE="0" dr="8"/>
          <f x="-1.1" y="-108.1" cocos2d_x="-0.7" cocos2d_y="-158.9" kX="0" kY="0" cX="1" cY="1" pX="-0.4" pY="50.8" z="9" dI="1" dr="30"/>
        </b>
        <b name="nv_gebo4" sc="1" dl="0">
          <f x="30.4" y="-151.2" cocos2d_x="21.6" cocos2d_y="-122.8" kX="0" kY="0" cX="1" cY="1" pX="8.8" pY="-28.4" z="10" dI="1" dr="3"/>
          <f x="30.4" y="-151.2" cocos2d_x="21.6" cocos2d_y="-122.8" kX="0" kY="0" cX="1" cY="1" pX="8.8" pY="-28.4" z="10" dI="1" twE="0" dr="4"/>
          <f x="38.7" y="-149.65" cocos2d_x="32.95" cocos2d_y="-120.45" kX="-6.05" kY="-6.05" cX="1" cY="1" pX="8.8" pY="-28.45" z="10" dI="1" twE="0" dr="4"/>
          <f x="40.75" y="-149.2" cocos2d_x="35.85" cocos2d_y="-119.95" kX="-7.75" kY="-7.75" cX="1" cY="1" pX="8.85" pY="-28.35" z="10" dI="1" dr="42"/>
          <f x="40.75" y="-149.2" cocos2d_x="35.85" cocos2d_y="-119.95" kX="-7.75" kY="-7.75" cX="1" cY="1" pX="8.85" pY="-28.35" z="10" dI="1" twE="0" dr="5"/>
          <f x="46.4" y="-148.55" cocos2d_x="43.4" cocos2d_y="-119.05" kX="-11.53" kY="-11.53" cX="1" cY="1" pX="8.85" pY="-28.3" z="10" dI="1" twE="0" dr="7"/>
          <f x="33.75" y="-155.35" cocos2d_x="35" cocos2d_y="-125.8" kX="-19.72" kY="-19.72" cX="1" cY="1" pX="8.75" pY="-28.25" z="10" dI="1" dr="67"/>
          <f x="33.75" y="-155.35" cocos2d_x="35" cocos2d_y="-125.8" kX="-19.72" kY="-19.72" cX="1" cY="1" pX="8.75" pY="-28.25" z="10" dI="1" twE="0" dr="8"/>
          <f x="30.4" y="-151.2" cocos2d_x="21.6" cocos2d_y="-122.8" kX="0" kY="0" cX="1" cY="1" pX="8.8" pY="-28.4" z="10" dI="1" dr="30"/>
        </b>
        <b name="nv_tou" sc="1" dl="0">
          <f x="-6.4" y="-228.7" cocos2d_x="1.35" cocos2d_y="-269.75" kX="0" kY="0" cX="1" cY="1" pX="-7.75" pY="41.05" z="11" dI="1" dr="3"/>
          <f x="-6.4" y="-228.7" cocos2d_x="1.35" cocos2d_y="-269.75" kX="0" kY="0" cX="1" cY="1" pX="-7.75" pY="41.05" z="11" dI="1" twE="0" dr="4"/>
          <f x="-0.1" y="-228.9" cocos2d_x="9.6" cocos2d_y="-269.45" kX="2.75" kY="2.75" cX="1" cY="1" pX="-7.75" pY="40.95" z="11" dI="1" twE="0" dr="4"/>
          <f x="1.5" y="-228.8" cocos2d_x="11.7" cocos2d_y="-269.3" kX="3.45" kY="3.45" cX="1" cY="1" pX="-7.8" pY="41" z="11" dI="1" dr="42"/>
          <f x="1.5" y="-228.8" cocos2d_x="11.7" cocos2d_y="-269.3" kX="3.45" kY="3.45" cX="1" cY="1" pX="-7.8" pY="41" z="11" dI="1" twE="0" dr="5"/>
          <f x="5.15" y="-228.8" cocos2d_x="14.9" cocos2d_y="-269.4" kX="2.45" kY="3.16" cX="1.02" cY="1" pX="-7.85" pY="41.05" z="11" dI="1" twE="0" dr="7"/>
          <f x="-15" y="-225.5" cocos2d_x="-13.15" cocos2d_y="-267.25" kX="-8.23" kY="-8.23" cX="1" cY="1" pX="-7.85" pY="41.05" z="11" dI="1" dr="67"/>
          <f x="-15" y="-225.5" cocos2d_x="-13.15" cocos2d_y="-267.25" kX="-8.23" kY="-8.23" cX="1" cY="1" pX="-7.85" pY="41.05" z="11" dI="1" twE="0" dr="8"/>
          <f x="-6.4" y="-228.7" cocos2d_x="1.35" cocos2d_y="-269.75" kX="0" kY="0" cX="1" cY="1" pX="-7.75" pY="41.05" z="11" dI="1" dr="30"/>
        </b>
        <b name="nv_gebo6" sc="1" dl="0">
          <f x="26.4" y="-205.9" cocos2d_x="29.2" cocos2d_y="-194.7" kX="0" kY="0" cX="1" cY="1" pX="-2.8" pY="-11.2" z="12" dI="1" dr="3"/>
          <f x="26.4" y="-205.9" cocos2d_x="29.2" cocos2d_y="-194.7" kX="0" kY="0" cX="1" cY="1" pX="-2.8" pY="-11.2" z="12" dI="1" twE="0" dr="4"/>
          <f x="31.55" y="-204.45" cocos2d_x="34.85" cocos2d_y="-193.35" kX="-2.53" kY="-2.53" cX="1" cY="1" pX="-2.8" pY="-11.25" z="12" dI="1" twE="0" dr="4"/>
          <f x="32.85" y="-204.35" cocos2d_x="36.25" cocos2d_y="-193.05" kX="-3.26" kY="-3.26" cX="1" cY="1" pX="-2.75" pY="-11.45" z="12" dI="1" dr="42"/>
          <f x="32.85" y="-204.35" cocos2d_x="36.25" cocos2d_y="-193.05" kX="-3.26" kY="-3.26" cX="1" cY="1" pX="-2.75" pY="-11.45" z="12" dI="1" twE="0" dr="5"/>
          <f x="34.55" y="-203.6" cocos2d_x="38.25" cocos2d_y="-192.6" kX="-4.78" kY="-4.78" cX="1" cY="1" pX="-2.75" pY="-11.25" z="12" dI="1" twE="0" dr="7"/>
          <f x="19.5" y="-207.25" cocos2d_x="24.2" cocos2d_y="-196.75" kX="-10.21" kY="-10.21" cX="1" cY="1" pX="-2.75" pY="-11.15" z="12" dI="1" dr="67"/>
          <f x="19.5" y="-207.25" cocos2d_x="24.2" cocos2d_y="-196.75" kX="-10.21" kY="-10.21" cX="1" cY="1" pX="-2.75" pY="-11.15" z="12" dI="1" twE="0" dr="8"/>
          <f x="26.4" y="-205.9" cocos2d_x="29.2" cocos2d_y="-194.7" kX="0" kY="0" cX="1" cY="1" pX="-2.8" pY="-11.2" z="12" dI="1" dr="30"/>
        </b>
        <b name="nv_yan" sc="1" dl="0">
          <f x="-11.2" y="-281.85" cocos2d_x="-11.2" cocos2d_y="-281.85" kX="0" kY="0" cX="1" cY="1" pX="0" pY="0" z="13" dI="0" dr="3"/>
          <f x="-11.2" y="-281.85" cocos2d_x="-11.2" cocos2d_y="-281.85" kX="0" kY="0" cX="1" cY="1" pX="0" pY="0" z="13" dI="0" twE="0" dr="4"/>
          <f x="-2.35" y="-282.15" cocos2d_x="-2.35" cocos2d_y="-282.15" kX="2.75" kY="2.75" cX="1" cY="1" pX="0" pY="0" z="13" dI="0" twE="0" dr="4"/>
          <f x="-0.15" y="-282.15" cocos2d_x="-0.15" cocos2d_y="-282.15" kX="3.45" kY="3.45" cX="1" cY="1" pX="0" pY="0" z="13" dI="0" dr="10"/>
          <f x="-0.15" y="-282.15" cocos2d_x="-0.15" cocos2d_y="-282.15" kX="3.45" kY="3.45" cX="1" cY="1" pX="0" pY="0" z="13" dI="1" dr="1"/>
          <f x="-0.15" y="-282.15" cocos2d_x="-0.15" cocos2d_y="-282.15" kX="3.45" kY="3.45" cX="1" cY="1" pX="0" pY="0" z="13" dI="2" dr="2"/>
          <f x="-0.15" y="-282.15" cocos2d_x="-0.15" cocos2d_y="-282.15" kX="3.45" kY="3.45" cX="1" cY="1" pX="0" pY="0" z="13" dI="4" dr="3"/>
          <f x="-0.15" y="-282.15" cocos2d_x="-0.15" cocos2d_y="-282.15" kX="3.45" kY="3.45" cX="1" cY="1" pX="0" pY="0" z="13" dI="2" dr="2"/>
          <f x="-0.15" y="-282.15" cocos2d_x="-0.15" cocos2d_y="-282.15" kX="3.45" kY="3.45" cX="1" cY="1" pX="0" pY="0" z="13" dI="1" dr="2"/>
          <f x="-0.15" y="-282.15" cocos2d_x="-0.15" cocos2d_y="-282.15" kX="3.45" kY="3.45" cX="1" cY="1" pX="0" pY="0" z="13" dI="0" dr="22"/>
          <f x="-0.15" y="-282.15" cocos2d_x="-0.15" cocos2d_y="-282.15" kX="3.45" kY="3.45" cX="1" cY="1" pX="0" pY="0" z="13" dI="0" twE="0" dr="5"/>
          <f x="2.9" y="-282.2" cocos2d_x="2.9" cocos2d_y="-282.2" kX="4.4" kY="4.4" cX="1" cY="1" pX="0" pY="0" z="13" dI="0" twE="0" dr="7"/>
          <f x="-27.35" y="-277.45" cocos2d_x="-27.35" cocos2d_y="-277.45" kX="-8.23" kY="-8.23" cX="1" cY="1" pX="0" pY="0" z="13" dI="0" dr="10"/>
          <f x="-27.35" y="-277.45" cocos2d_x="-27.35" cocos2d_y="-277.45" kX="-8.23" kY="-8.23" cX="1" cY="1" pX="0" pY="0" z="13" dI="1" dr="1"/>
          <f x="-27.35" y="-277.45" cocos2d_x="-27.35" cocos2d_y="-277.45" kX="-8.23" kY="-8.23" cX="1" cY="1" pX="0" pY="0" z="13" dI="2" dr="2"/>
          <f x="-27.35" y="-277.45" cocos2d_x="-27.35" cocos2d_y="-277.45" kX="-8.23" kY="-8.23" cX="1" cY="1" pX="0" pY="0" z="13" dI="4" dr="3"/>
          <f x="-27.35" y="-277.45" cocos2d_x="-27.35" cocos2d_y="-277.45" kX="-8.23" kY="-8.23" cX="1" cY="1" pX="0" pY="0" z="13" dI="2" dr="2"/>
          <f x="-27.35" y="-277.45" cocos2d_x="-27.35" cocos2d_y="-277.45" kX="-8.23" kY="-8.23" cX="1" cY="1" pX="0" pY="0" z="13" dI="1" dr="2"/>
          <f x="-27.35" y="-277.45" cocos2d_x="-27.35" cocos2d_y="-277.45" kX="-8.23" kY="-8.23" cX="1" cY="1" pX="0" pY="0" z="13" dI="0" dr="17"/>
          <f x="-27.35" y="-277.45" cocos2d_x="-27.35" cocos2d_y="-277.45" kX="-8.23" kY="-8.23" cX="1" cY="1" pX="0" pY="0" z="13" dI="1" dr="1"/>
          <f x="-27.35" y="-277.45" cocos2d_x="-27.35" cocos2d_y="-277.45" kX="-8.23" kY="-8.23" cX="1" cY="1" pX="0" pY="0" z="13" dI="2" dr="2"/>
          <f x="-27.35" y="-277.45" cocos2d_x="-27.35" cocos2d_y="-277.45" kX="-8.23" kY="-8.23" cX="1" cY="1" pX="0" pY="0" z="13" dI="4" dr="3"/>
          <f x="-27.35" y="-277.45" cocos2d_x="-27.35" cocos2d_y="-277.45" kX="-8.23" kY="-8.23" cX="1" cY="1" pX="0" pY="0" z="13" dI="2" dr="2"/>
          <f x="-27.35" y="-277.45" cocos2d_x="-27.35" cocos2d_y="-277.45" kX="-8.23" kY="-8.23" cX="1" cY="1" pX="0" pY="0" z="13" dI="1" dr="2"/>
          <f x="-27.35" y="-277.45" cocos2d_x="-27.35" cocos2d_y="-277.45" kX="-8.23" kY="-8.23" cX="1" cY="1" pX="0" pY="0" z="13" dI="0" dr="20"/>
          <f x="-27.35" y="-277.45" cocos2d_x="-27.35" cocos2d_y="-277.45" kX="-8.23" kY="-8.23" cX="1" cY="1" pX="0" pY="0" z="13" dI="0" twE="0" dr="8"/>
          <f x="-11.2" y="-281.85" cocos2d_x="-11.2" cocos2d_y="-281.85" kX="0" kY="0" cX="1" cY="1" pX="0" pY="0" z="13" dI="0" dr="10"/>
          <f x="-11.2" y="-281.85" cocos2d_x="-11.2" cocos2d_y="-281.85" kX="0" kY="0" cX="1" cY="1" pX="0" pY="0" z="13" dI="1" dr="1"/>
          <f x="-11.2" y="-281.85" cocos2d_x="-11.2" cocos2d_y="-281.85" kX="0" kY="0" cX="1" cY="1" pX="0" pY="0" z="13" dI="2" dr="2"/>
          <f x="-11.2" y="-281.85" cocos2d_x="-11.2" cocos2d_y="-281.85" kX="0" kY="0" cX="1" cY="1" pX="0" pY="0" z="13" dI="4" dr="3"/>
          <f x="-11.2" y="-281.85" cocos2d_x="-11.2" cocos2d_y="-281.85" kX="0" kY="0" cX="1" cY="1" pX="0" pY="0" z="13" dI="2" dr="2"/>
          <f x="-11.2" y="-281.85" cocos2d_x="-11.2" cocos2d_y="-281.85" kX="0" kY="0" cX="1" cY="1" pX="0" pY="0" z="13" dI="1" dr="2"/>
          <f x="-11.2" y="-281.85" cocos2d_x="-11.2" cocos2d_y="-281.85" kX="0" kY="0" cX="1" cY="1" pX="0" pY="0" z="13" dI="0" dr="10"/>
        </b>
        <b name="nv_zui" sc="1" dl="0">
          <f x="-9.5" y="-236.7" cocos2d_x="-9.5" cocos2d_y="-236.7" kX="0" kY="0" cX="1" cY="1" pX="0" pY="0" z="14" dI="1" dr="3"/>
          <f x="-9.5" y="-236.7" cocos2d_x="-9.5" cocos2d_y="-236.7" kX="0" kY="0" cX="1" cY="1" pX="0" pY="0" z="14" dI="2" twE="0" dr="3"/>
          <f x="-4.45" y="-236.85" cocos2d_x="-4.45" cocos2d_y="-236.85" kX="1.78" kY="1.78" cX="1" cY="1" pX="0" pY="0" z="14" dI="3" twE="0" dr="1"/>
          <f x="-2.8" y="-236.9" cocos2d_x="-2.8" cocos2d_y="-236.9" kX="2.49" kY="2.49" cX="1" cY="1" pX="0" pY="0" z="14" dI="3" twE="0" dr="1"/>
          <f x="-2.35" y="-236.9" cocos2d_x="-2.35" cocos2d_y="-236.9" kX="2.56" kY="2.56" cX="1" cY="1" pX="0" pY="0" z="14" dI="4" twE="0" dr="3"/>
          <f x="-1.15" y="-236.95" cocos2d_x="-1.15" cocos2d_y="-236.95" kX="3.49" kY="3.49" cX="1" cY="1" pX="0" pY="0" z="14" dI="4" dr="3"/>
          <f x="-1.15" y="-236.95" cocos2d_x="-1.15" cocos2d_y="-236.95" kX="3.49" kY="3.49" cX="1" cY="1" pX="0" pY="0" z="14" dI="5" dr="3"/>
          <f x="-1.15" y="-236.95" cocos2d_x="-1.15" cocos2d_y="-236.95" kX="3.49" kY="3.49" cX="1" cY="1" pX="0" pY="0" z="14" dI="0" dr="2"/>
          <f x="-1.15" y="-236.95" cocos2d_x="-1.15" cocos2d_y="-236.95" kX="3.49" kY="3.49" cX="1" cY="1" pX="0" pY="0" z="14" dI="1" dr="3"/>
          <f x="-1.15" y="-236.95" cocos2d_x="-1.15" cocos2d_y="-236.95" kX="3.49" kY="3.49" cX="1" cY="1" pX="0" pY="0" z="14" dI="2" dr="3"/>
          <f x="-1.15" y="-236.95" cocos2d_x="-1.15" cocos2d_y="-236.95" kX="3.49" kY="3.49" cX="1" cY="1" pX="0" pY="0" z="14" dI="3" dr="2"/>
          <f x="-1.15" y="-236.95" cocos2d_x="-1.15" cocos2d_y="-236.95" kX="3.49" kY="3.49" cX="1" cY="1" pX="0" pY="0" z="14" dI="4" dr="3"/>
          <f x="-1.15" y="-236.95" cocos2d_x="-1.15" cocos2d_y="-236.95" kX="3.49" kY="3.49" cX="1" cY="1" pX="0" pY="0" z="14" dI="5" dr="3"/>
          <f x="-1.15" y="-236.95" cocos2d_x="-1.15" cocos2d_y="-236.95" kX="3.49" kY="3.49" cX="1" cY="1" pX="0" pY="0" z="14" dI="0" dr="2"/>
          <f x="-1.15" y="-236.95" cocos2d_x="-1.15" cocos2d_y="-236.95" kX="3.49" kY="3.49" cX="1" cY="1" pX="0" pY="0" z="14" dI="1" dr="3"/>
          <f x="-1.15" y="-236.95" cocos2d_x="-1.15" cocos2d_y="-236.95" kX="3.49" kY="3.49" cX="1" cY="1" pX="0" pY="0" z="14" dI="2" dr="3"/>
          <f x="-1.15" y="-236.95" cocos2d_x="-1.15" cocos2d_y="-236.95" kX="3.49" kY="3.49" cX="1" cY="1" pX="0" pY="0" z="14" dI="3" dr="2"/>
          <f x="-1.15" y="-236.95" cocos2d_x="-1.15" cocos2d_y="-236.95" kX="3.49" kY="3.49" cX="1" cY="1" pX="0" pY="0" z="14" dI="4" dr="3"/>
          <f x="-1.15" y="-236.95" cocos2d_x="-1.15" cocos2d_y="-236.95" kX="3.49" kY="3.49" cX="1" cY="1" pX="0" pY="0" z="14" dI="5" dr="3"/>
          <f x="-1.15" y="-236.95" cocos2d_x="-1.15" cocos2d_y="-236.95" kX="3.49" kY="3.49" cX="1" cY="1" pX="0" pY="0" z="14" dI="0" dr="2"/>
          <f x="-1.15" y="-236.95" cocos2d_x="-1.15" cocos2d_y="-236.95" kX="3.49" kY="3.49" cX="1" cY="1" pX="0" pY="0" z="14" dI="1" dr="2"/>
          <f x="-1.15" y="-236.95" cocos2d_x="-1.15" cocos2d_y="-236.95" kX="3.49" kY="3.49" cX="1" cY="1" pX="0" pY="0" z="14" dI="1" dr="1"/>
          <f x="-0.65" y="-236.95" cocos2d_x="-0.65" cocos2d_y="-236.95" kX="3.49" kY="3.49" cX="1" cY="1" pX="0" pY="0" z="14" dI="2" twE="0" dr="3"/>
          <f x="0.75" y="-237" cocos2d_x="0.75" cocos2d_y="-237" kX="3.49" kY="3.49" cX="1" cY="1" pX="0" pY="0" z="14" dI="3" twE="0" dr="2"/>
          <f x="-1.75" y="-236.3" cocos2d_x="-1.75" cocos2d_y="-236.3" kX="2.54" kY="2.54" cX="1" cY="1" pX="0" pY="0" z="14" dI="4" twE="0" dr="3"/>
          <f x="-10.4" y="-234.6" cocos2d_x="-10.4" cocos2d_y="-234.6" kX="-2.53" kY="-2.53" cX="1" cY="1" pX="0" pY="0" z="14" dI="5" twE="0" dr="3"/>
          <f x="-19.1" y="-233" cocos2d_x="-19.1" cocos2d_y="-233" kX="-8.2" kY="-8.2" cX="1" cY="1" pX="0" pY="0" z="14" dI="0" dr="2"/>
          <f x="-19.15" y="-233.05" cocos2d_x="-19.15" cocos2d_y="-233.05" kX="-8.57" kY="-8.57" cX="1" cY="1" pX="0" pY="0" z="14" dI="1" dr="3"/>
          <f x="-19.15" y="-233.05" cocos2d_x="-19.15" cocos2d_y="-233.05" kX="-8.57" kY="-8.57" cX="1" cY="1" pX="0" pY="0" z="14" dI="2" dr="3"/>
          <f x="-19.15" y="-233.05" cocos2d_x="-19.15" cocos2d_y="-233.05" kX="-8.57" kY="-8.57" cX="1" cY="1" pX="0" pY="0" z="14" dI="3" dr="2"/>
          <f x="-19.15" y="-233.05" cocos2d_x="-19.15" cocos2d_y="-233.05" kX="-8.57" kY="-8.57" cX="1" cY="1" pX="0" pY="0" z="14" dI="4" dr="3"/>
          <f x="-19.15" y="-233.05" cocos2d_x="-19.15" cocos2d_y="-233.05" kX="-8.57" kY="-8.57" cX="1" cY="1" pX="0" pY="0" z="14" dI="5" dr="3"/>
          <f x="-19.15" y="-233.05" cocos2d_x="-19.15" cocos2d_y="-233.05" kX="-8.57" kY="-8.57" cX="1" cY="1" pX="0" pY="0" z="14" dI="0" dr="2"/>
          <f x="-19.15" y="-233.05" cocos2d_x="-19.15" cocos2d_y="-233.05" kX="-8.57" kY="-8.57" cX="1" cY="1" pX="0" pY="0" z="14" dI="1" dr="3"/>
          <f x="-19.15" y="-233.05" cocos2d_x="-19.15" cocos2d_y="-233.05" kX="-8.57" kY="-8.57" cX="1" cY="1" pX="0" pY="0" z="14" dI="2" dr="3"/>
          <f x="-19.15" y="-233.05" cocos2d_x="-19.15" cocos2d_y="-233.05" kX="-8.57" kY="-8.57" cX="1" cY="1" pX="0" pY="0" z="14" dI="3" dr="2"/>
          <f x="-19.15" y="-233.05" cocos2d_x="-19.15" cocos2d_y="-233.05" kX="-8.57" kY="-8.57" cX="1" cY="1" pX="0" pY="0" z="14" dI="4" dr="3"/>
          <f x="-19.15" y="-233.05" cocos2d_x="-19.15" cocos2d_y="-233.05" kX="-8.57" kY="-8.57" cX="1" cY="1" pX="0" pY="0" z="14" dI="5" dr="3"/>
          <f x="-19.15" y="-233.05" cocos2d_x="-19.15" cocos2d_y="-233.05" kX="-8.57" kY="-8.57" cX="1" cY="1" pX="0" pY="0" z="14" dI="0" dr="2"/>
          <f x="-19.15" y="-233.05" cocos2d_x="-19.15" cocos2d_y="-233.05" kX="-8.57" kY="-8.57" cX="1" cY="1" pX="0" pY="0" z="14" dI="1" dr="3"/>
          <f x="-19.15" y="-233.05" cocos2d_x="-19.15" cocos2d_y="-233.05" kX="-8.57" kY="-8.57" cX="1" cY="1" pX="0" pY="0" z="14" dI="2" dr="3"/>
          <f x="-19.15" y="-233.05" cocos2d_x="-19.15" cocos2d_y="-233.05" kX="-8.57" kY="-8.57" cX="1" cY="1" pX="0" pY="0" z="14" dI="3" dr="2"/>
          <f x="-19.15" y="-233.05" cocos2d_x="-19.15" cocos2d_y="-233.05" kX="-8.57" kY="-8.57" cX="1" cY="1" pX="0" pY="0" z="14" dI="4" dr="3"/>
          <f x="-19.15" y="-233.05" cocos2d_x="-19.15" cocos2d_y="-233.05" kX="-8.57" kY="-8.57" cX="1" cY="1" pX="0" pY="0" z="14" dI="5" dr="3"/>
          <f x="-19.15" y="-233.05" cocos2d_x="-19.15" cocos2d_y="-233.05" kX="-8.57" kY="-8.57" cX="1" cY="1" pX="0" pY="0" z="14" dI="0" dr="2"/>
          <f x="-19.15" y="-233.05" cocos2d_x="-19.15" cocos2d_y="-233.05" kX="-8.57" kY="-8.57" cX="1" cY="1" pX="0" pY="0" z="14" dI="1" dr="3"/>
          <f x="-19.15" y="-233.05" cocos2d_x="-19.15" cocos2d_y="-233.05" kX="-8.57" kY="-8.57" cX="1" cY="1" pX="0" pY="0" z="14" dI="2" dr="3"/>
          <f x="-19.15" y="-233.05" cocos2d_x="-19.15" cocos2d_y="-233.05" kX="-8.57" kY="-8.57" cX="1" cY="1" pX="0" pY="0" z="14" dI="3" dr="2"/>
          <f x="-19.15" y="-233.05" cocos2d_x="-19.15" cocos2d_y="-233.05" kX="-8.57" kY="-8.57" cX="1" cY="1" pX="0" pY="0" z="14" dI="4" dr="3"/>
          <f x="-19.15" y="-233.05" cocos2d_x="-19.15" cocos2d_y="-233.05" kX="-8.57" kY="-8.57" cX="1" cY="1" pX="0" pY="0" z="14" dI="5" dr="3"/>
          <f x="-19.15" y="-233.05" cocos2d_x="-19.15" cocos2d_y="-233.05" kX="-8.57" kY="-8.57" cX="1" cY="1" pX="0" pY="0" z="14" dI="0" dr="2"/>
          <f x="-19.15" y="-233.05" cocos2d_x="-19.15" cocos2d_y="-233.05" kX="-8.57" kY="-8.57" cX="1" cY="1" pX="0" pY="0" z="14" dI="1" dr="1"/>
          <f x="-19.1" y="-232.9" cocos2d_x="-19.1" cocos2d_y="-232.9" kX="-8.07" kY="-8.07" cX="1" cY="1" pX="0" pY="0" z="14" dI="1" dr="2"/>
          <f x="-16.8" y="-233.85" cocos2d_x="-16.8" cocos2d_y="-233.85" kX="-6.34" kY="-6.34" cX="1" cY="1" pX="0" pY="0" z="14" dI="2" dr="3"/>
          <f x="-13.05" y="-235.35" cocos2d_x="-13.05" cocos2d_y="-235.35" kX="-4.12" kY="-4.12" cX="1" cY="1" pX="0" pY="0" z="14" dI="3" dr="2"/>
          <f x="-10.75" y="-236.1" cocos2d_x="-10.75" cocos2d_y="-236.1" kX="-0.86" kY="-0.86" cX="1" cY="1" pX="0" pY="0" z="14" dI="4" dr="1"/>
          <f x="-9.5" y="-236.7" cocos2d_x="-9.5" cocos2d_y="-236.7" kX="-0.11" kY="-0.11" cX="1" cY="1" pX="0" pY="0" z="14" dI="3" dr="3"/>
          <f x="-9.5" y="-236.7" cocos2d_x="-9.5" cocos2d_y="-236.7" kX="-0.11" kY="-0.11" cX="1" cY="1" pX="0" pY="0" z="14" dI="4" dr="2"/>
          <f x="-9.5" y="-236.7" cocos2d_x="-9.5" cocos2d_y="-236.7" kX="-0.11" kY="-0.11" cX="1" cY="1" pX="0" pY="0" z="14" dI="5" dr="2"/>
          <f x="-9.5" y="-236.7" cocos2d_x="-9.5" cocos2d_y="-236.7" kX="-0.11" kY="-0.11" cX="1" cY="1" pX="0" pY="0" z="14" dI="0" dr="2"/>
          <f x="-9.5" y="-236.7" cocos2d_x="-9.5" cocos2d_y="-236.7" kX="-0.11" kY="-0.11" cX="1" cY="1" pX="0" pY="0" z="14" dI="1" dr="3"/>
          <f x="-9.5" y="-236.7" cocos2d_x="-9.5" cocos2d_y="-236.7" kX="-0.11" kY="-0.11" cX="1" cY="1" pX="0" pY="0" z="14" dI="2" dr="3"/>
          <f x="-9.5" y="-236.7" cocos2d_x="-9.5" cocos2d_y="-236.7" kX="-0.11" kY="-0.11" cX="1" cY="1" pX="0" pY="0" z="14" dI="3" dr="2"/>
          <f x="-9.5" y="-236.7" cocos2d_x="-9.5" cocos2d_y="-236.7" kX="-0.11" kY="-0.11" cX="1" cY="1" pX="0" pY="0" z="14" dI="4" dr="3"/>
          <f x="-9.5" y="-236.7" cocos2d_x="-9.5" cocos2d_y="-236.7" kX="-0.11" kY="-0.11" cX="1" cY="1" pX="0" pY="0" z="14" dI="5" dr="3"/>
          <f x="-9.5" y="-236.7" cocos2d_x="-9.5" cocos2d_y="-236.7" kX="-0.11" kY="-0.11" cX="1" cY="1" pX="0" pY="0" z="14" dI="0" dr="2"/>
          <f x="-9.5" y="-236.7" cocos2d_x="-9.5" cocos2d_y="-236.7" kX="-0.11" kY="-0.11" cX="1" cY="1" pX="0" pY="0" z="14" dI="1" dr="3"/>
          <f x="-9.5" y="-236.7" cocos2d_x="-9.5" cocos2d_y="-236.7" kX="-0.11" kY="-0.11" cX="1" cY="1" pX="0" pY="0" z="14" dI="2" dr="2"/>
        </b>
        <b name="nv_fa" sc="1" dl="0">
          <f x="-41.65" y="-323.9" cocos2d_x="9.25" cocos2d_y="-289.65" kX="0" kY="0" cX="1" cY="1" pX="-50.9" pY="-34.25" z="15" dI="0" dr="3"/>
          <f x="-41.65" y="-323.9" cocos2d_x="9.25" cocos2d_y="-289.65" kX="0" kY="0" cX="1" cY="1" pX="-50.9" pY="-34.25" z="15" dI="0" twE="0" dr="4"/>
          <f x="-30.75" y="-325.6" cocos2d_x="14.6" cocos2d_y="-283.95" kX="7.51" kY="7.51" cX="0.99" cY="1.03" pX="-50.9" pY="-34.25" z="15" dI="0" twE="0" dr="4"/>
          <f x="-28.05" y="-326" cocos2d_x="15.8" cocos2d_y="-282.6" kX="9.43" kY="9.43" cX="0.99" cY="1.04" pX="-50.95" pY="-34.25" z="15" dI="0" dr="42"/>
          <f x="-28.05" y="-326" cocos2d_x="15.8" cocos2d_y="-282.6" kX="9.43" kY="9.43" cX="0.99" cY="1.04" pX="-50.95" pY="-34.25" z="15" dI="0" twE="0" dr="5"/>
          <f x="-24.3" y="-326.5" cocos2d_x="18.85" cocos2d_y="-282.35" kX="10.38" kY="10.38" cX="0.99" cY="1.04" pX="-51" pY="-34.3" z="15" dI="0" twE="0" dr="7"/>
          <f x="-63.55" y="-314.85" cocos2d_x="-15.85" cocos2d_y="-277.75" kX="2.63" kY="2.62" cX="0.97" cY="1.02" pX="-50.95" pY="-34.35" z="15" dI="0" dr="67"/>
          <f x="-63.55" y="-314.85" cocos2d_x="-15.85" cocos2d_y="-277.75" kX="2.63" kY="2.62" cX="0.97" cY="1.02" pX="-50.95" pY="-34.35" z="15" dI="0" twE="0" dr="8"/>
          <f x="-41.65" y="-323.9" cocos2d_x="9.25" cocos2d_y="-289.65" kX="0" kY="0" cX="1" cY="1" pX="-50.9" pY="-34.25" z="15" dI="0" dr="30"/>
        </b>
      </mov>
    </animation>
  </animations>
  <TextureAtlas name="npc_e" width="512" height="512">
    <SubTexture name="nv_fa" width="121" height="172" cocos2d_pX="60.2" cocos2d_pY="85.4" x="0" y="234"/>
    <SubTexture name="z6" width="25" height="9" cocos2d_pX="11.8" cocos2d_pY="4.9" x="455" y="388"/>
    <SubTexture name="z5" width="27" height="15" cocos2d_pX="13.15" cocos2d_pY="6.9" x="481" y="371"/>
    <SubTexture name="z4" width="11" height="12" cocos2d_pX="6.45" cocos2d_pY="4.3" x="490" y="140"/>
    <SubTexture name="z3" width="25" height="16" cocos2d_pX="11.9" cocos2d_pY="6.5" x="191" y="384"/>
    <SubTexture name="z2" width="24" height="10" cocos2d_pX="11.8" cocos2d_pY="4.7" x="455" y="371"/>
    <SubTexture name="z1" width="26" height="7" cocos2d_pX="11.8" cocos2d_pY="5.85" x="482" y="388"/>
    <SubTexture name="nv_yan3" width="85" height="34" cocos2d_pX="42.3" cocos2d_pY="12.25" x="0" y="408"/>
    <SubTexture name="nv_yan4" width="85" height="34" cocos2d_pX="42.3" cocos2d_pY="12.25" x="183" y="402"/>
    <SubTexture name="nv_yan2" width="86" height="31" cocos2d_pX="42.35" cocos2d_pY="13.45" x="270" y="430"/>
    <SubTexture name="nv_yan1" width="87" height="33" cocos2d_pX="42.75" cocos2d_pY="15.45" x="422" y="399"/>
    <SubTexture name="nv_yan" width="82" height="35" cocos2d_pX="40.75" cocos2d_pY="17.25" x="417" y="434"/>
    <SubTexture name="n3" width="24" height="29" cocos2d_pX="11.6" cocos2d_pY="14.05" x="481" y="340"/>
    <SubTexture name="nv_gebo6" width="24" height="29" cocos2d_pX="11.6" cocos2d_pY="14.05" x="455" y="340"/>
    <SubTexture name="n16" width="146" height="213" cocos2d_pX="72.6" cocos2d_pY="106.1" x="274" y="0"/>
    <SubTexture name="nv_tou" width="146" height="213" cocos2d_pX="72.6" cocos2d_pY="106.1" x="274" y="215"/>
    <SubTexture name="n5" width="30" height="62" cocos2d_pX="14.45" cocos2d_pY="31.4" x="455" y="276"/>
    <SubTexture name="nv_gebo4" width="30" height="62" cocos2d_pX="14.45" cocos2d_pY="31.4" x="224" y="291"/>
    <SubTexture name="n17" width="66" height="136" cocos2d_pX="32.25" cocos2d_pY="67.3" x="422" y="0"/>
    <SubTexture name="nv_shen" width="66" height="136" cocos2d_pX="32.25" cocos2d_pY="67.3" x="422" y="138"/>
    <SubTexture name="n4" width="16" height="37" cocos2d_pX="7.55" cocos2d_pY="17.5" x="490" y="0"/>
    <SubTexture name="nv_gebo5" width="16" height="37" cocos2d_pX="7.55" cocos2d_pY="17.5" x="490" y="39"/>
    <SubTexture name="n11" width="58" height="41" cocos2d_pX="27.6" cocos2d_pY="21.1" x="87" y="438"/>
    <SubTexture name="n10" width="58" height="42" cocos2d_pX="27.6" cocos2d_pY="21.1" x="123" y="394"/>
    <SubTexture name="n9" width="57" height="43" cocos2d_pX="27.6" cocos2d_pY="21.1" x="358" y="430"/>
    <SubTexture name="n8" width="56" height="43" cocos2d_pX="27.6" cocos2d_pY="21.1" x="147" y="438"/>
    <SubTexture name="nv_gebo" width="56" height="43" cocos2d_pX="27.6" cocos2d_pY="21.1" x="205" y="438"/>
    <SubTexture name="n6" width="18" height="29" cocos2d_pX="8.5" cocos2d_pY="14.1" x="490" y="109"/>
    <SubTexture name="nv_gebo3" width="18" height="29" cocos2d_pX="8.5" cocos2d_pY="14.1" x="490" y="78"/>
    <SubTexture name="n7" width="23" height="55" cocos2d_pX="10.8" cocos2d_pY="27.25" x="246" y="234"/>
    <SubTexture name="nv_gebo2" width="23" height="55" cocos2d_pX="10.8" cocos2d_pY="27.25" x="487" y="276"/>
    <SubTexture name="n2" width="30" height="19" cocos2d_pX="14.35" cocos2d_pY="9.05" x="224" y="355"/>
    <SubTexture name="nv_gebo7" width="30" height="19" cocos2d_pX="14.35" cocos2d_pY="9.05" x="224" y="376"/>
    <SubTexture name="n13" width="135" height="232" cocos2d_pX="67.1" cocos2d_pY="115.85" x="0" y="0"/>
    <SubTexture name="nv_toufa" width="135" height="232" cocos2d_pX="67.1" cocos2d_pY="115.85" x="137" y="0"/>
    <SubTexture name="n14" width="32" height="122" cocos2d_pX="15.55" cocos2d_pY="60.5" x="123" y="270"/>
    <SubTexture name="nv_tui" width="32" height="122" cocos2d_pX="15.55" cocos2d_pY="60.5" x="157" y="270"/>
    <SubTexture name="n12" width="31" height="112" cocos2d_pX="15.3" cocos2d_pY="55.7" x="422" y="276"/>
    <SubTexture name="nv_tui2" width="31" height="112" cocos2d_pX="15.3" cocos2d_pY="55.7" x="191" y="270"/>
    <SubTexture name="ying3" width="121" height="34" cocos2d_pX="0" cocos2d_pY="0" x="123" y="234"/>
  </TextureAtlas>
</skeleton>