<skeleton name="npc_g" frameRate="24" version="2.2">
  <armatures>
    <armature name="nanhai">
      <b name="ying4" x="2.95" y="-6.05" kX="0" kY="0" cX="0.62" cY="0.77" pX="61" pY="15.6" z="0">
        <d name="ying4" pX="0" pY="0"/>
      </b>
      <b name="nh_tui2" x="18.15" y="-69.65" kX="0" kY="0" cX="1" cY="1" pX="1.1" pY="-34" z="1">
        <d name="nh_tui2" pX="13.9" pY="40.25"/>
      </b>
      <b name="nh_tui1" x="-9.7" y="-72.15" kX="0" kY="0" cX="1" cY="1" pX="6.5" pY="-32.2" z="2">
        <d name="nh_tui1" pX="14" pY="39.15"/>
      </b>
      <b name="nh_gebo3" x="-16.35" y="-144.55" kX="0" kY="0" cX="1" cY="1" pX="8.25" pY="-31.95" z="3">
        <d name="nh_gebo3" pX="13.3" pY="35.9"/>
      </b>
      <b name="nh_ku2" x="-8.85" y="-95.6" kX="0" kY="0" cX="1" cY="1" pX="2.65" pY="-16.45" z="4">
        <d name="nh_ku2" pX="19.15" pY="21.35"/>
      </b>
      <b name="nh_ku1" x="14.6" y="-93.55" kX="0" kY="0" cX="1" cY="1" pX="-1.35" pY="-16.45" z="5">
        <d name="nh_ku1" pX="21.25" pY="22.4"/>
      </b>
      <b name="nh_gebo5" x="34.6" y="-144.9" kX="0" kY="0" cX="1" cY="1" pX="-1.6" pY="-15.55" z="6">
        <d name="nh_gebo5" pX="8.8" pY="19.1"/>
      </b>
      <b name="nh_gebo4" x="40.65" y="-113.4" kX="0" kY="0" cX="1" cY="1" pX="-1.8" pY="-19.8" z="7">
        <d name="nh_gebo4" pX="8.5" pY="23.25"/>
      </b>
      <b name="nh_gebo2" x="-10.6" y="-155.4" kX="0" kY="0" cX="1" cY="1" pX="5.55" pY="-12.85" z="8">
        <d name="nh_gebo2" pX="13.35" pY="17.4"/>
      </b>
      <b name="nh_shen" x="0.2" y="-90.9" kX="0" kY="0" cX="1" cY="1" pX="-2.3" pY="34.25" z="9">
        <d name="nh_shen" pX="31.5" pY="44.35"/>
      </b>
      <b name="nh_gebo1" x="27.8" y="-155" kX="0" kY="0" cX="1" cY="1" pX="-4.95" pY="-12.15" z="10">
        <d name="nh_gebo1" pX="13.1" pY="15.4"/>
      </b>
      <b name="nh_tou " x="1.95" y="-173.7" kX="0" kY="0" cX="1" cY="1" pX="-4.5" pY="61.25" z="11">
        <d name="nh_tou " pX="70.2" pY="71.35"/>
      </b>
      <b name="nh_zui" x="-4.9" y="-175.15" kX="0.13" kY="0.13" cX="1" cY="1" pX="0" pY="0" z="12">
        <d name="z1" pX="11.95" pY="5.05"/>
        <d name="z2" pX="9.1" pY="4.25"/>
        <d name="z3" pX="10.25" pY="2.85"/>
        <d name="z4" pX="10.1" pY="3.8"/>
        <d name="z5" pX="12.85" pY="5.9"/>
        <d name="z6" pX="5.4" pY="2.85"/>
      </b>
      <b name="nh_yan" x="-8.85" y="-206.75" kX="0" kY="0" cX="1" cY="1" pX="-0.05" pY="-0.05" z="13">
        <d name="nh_yan" pX="34.75" pY="15.05"/>
        <d name="nh_yan1" pX="34.65" pY="13.25"/>
        <d name="nh_yan3" pX="34.15" pY="9.55"/>
        <d name="nh_yan2" pX="34.15" pY="9.55"/>
      </b>
    </armature>
  </armatures>
  <animations>
    <animation name="nanhai">
      <mov name="idle" dr="32" to="6" drTW="32" lp="1" twE="NaN">
        <b name="ying4" sc="1" dl="0">
          <f x="2.95" y="-6.05" cocos2d_x="-35" cocos2d_y="-18.05" kX="0" kY="0" cX="0.62" cY="0.77" pX="61" pY="15.6" z="0" dI="0" twE="0" dr="13">
            <colorTransform a="0" r="0" g="0" b="0" aM="50" rM="100" gM="100" bM="100"/>
          </f>
          <f x="2.95" y="-6.05" cocos2d_x="-35" cocos2d_y="-18.05" kX="0" kY="0" cX="0.62" cY="0.77" pX="61" pY="15.6" z="0" dI="0" twE="0" dr="2">
            <colorTransform a="0" r="0" g="0" b="0" aM="50" rM="100" gM="100" bM="100"/>
          </f>
          <f x="2.95" y="-6.05" cocos2d_x="-35" cocos2d_y="-18.05" kX="0" kY="0" cX="0.62" cY="0.77" pX="61" pY="15.6" z="0" dI="0" twE="0" dr="14">
            <colorTransform a="0" r="0" g="0" b="0" aM="50" rM="100" gM="100" bM="100"/>
          </f>
          <f x="2.95" y="-6.05" cocos2d_x="-35" cocos2d_y="-18.05" kX="0" kY="0" cX="0.62" cY="0.77" pX="61" pY="15.6" z="0" dI="0" twE="0" dr="2">
            <colorTransform a="0" r="0" g="0" b="0" aM="50" rM="100" gM="100" bM="100"/>
          </f>
          <f x="2.95" y="-6.05" cocos2d_x="-35" cocos2d_y="-18.05" kX="0" kY="0" cX="0.62" cY="0.77" pX="61" pY="15.6" z="0" dI="0" dr="1">
            <colorTransform a="0" r="0" g="0" b="0" aM="50" rM="100" gM="100" bM="100"/>
          </f>
        </b>
        <b name="nh_tui2" sc="1" dl="0">
          <f x="18.15" y="-69.65" cocos2d_x="17.05" cocos2d_y="-35.65" kX="0" kY="0" cX="1" cY="1" pX="1.1" pY="-34" z="1" dI="0" twE="0" dr="13"/>
          <f x="19" y="-70.8" cocos2d_x="17.3" cocos2d_y="-36.25" kX="1.02" kY="1.02" cX="1" cY="1.02" pX="1.1" pY="-34.05" z="1" dI="0" twE="0" dr="2"/>
          <f x="19.05" y="-70.85" cocos2d_x="17.2" cocos2d_y="-36.3" kX="1.15" kY="1.15" cX="1" cY="1.02" pX="1.15" pY="-34" z="1" dI="0" twE="0" dr="14"/>
          <f x="18.2" y="-69.8" cocos2d_x="17.05" cocos2d_y="-35.7" kX="0.02" kY="0.02" cX="1" cY="1" pX="1.15" pY="-34.05" z="1" dI="0" twE="0" dr="2"/>
          <f x="18.15" y="-69.65" cocos2d_x="17.05" cocos2d_y="-35.65" kX="0" kY="0" cX="1" cY="1" pX="1.1" pY="-34" z="1" dI="0" dr="1"/>
        </b>
        <b name="nh_tui1" sc="1" dl="0">
          <f x="-9.7" y="-72.15" cocos2d_x="-16.2" cocos2d_y="-39.95" kX="0" kY="0" cX="1" cY="1" pX="6.5" pY="-32.2" z="2" dI="0" twE="0" dr="13"/>
          <f x="-10.25" y="-73.25" cocos2d_x="-16.45" cocos2d_y="-40.4" kX="-0.55" kY="-0.55" cX="1" cY="1.02" pX="6.5" pY="-32.2" z="2" dI="0" twE="0" dr="2"/>
          <f x="-10.3" y="-73.35" cocos2d_x="-16.35" cocos2d_y="-40.4" kX="-0.76" kY="-0.76" cX="1" cY="1.02" pX="6.5" pY="-32.3" z="2" dI="0" twE="0" dr="14"/>
          <f x="-9.75" y="-72.25" cocos2d_x="-16.2" cocos2d_y="-40" kX="-0.01" kY="-0.01" cX="1" cY="1" pX="6.45" pY="-32.2" z="2" dI="0" twE="0" dr="2"/>
          <f x="-9.7" y="-72.15" cocos2d_x="-16.2" cocos2d_y="-39.95" kX="0" kY="0" cX="1" cY="1" pX="6.5" pY="-32.2" z="2" dI="0" dr="1"/>
        </b>
        <b name="nh_gebo3" sc="1" dl="0">
          <f x="-16.35" y="-144.55" cocos2d_x="-24.6" cocos2d_y="-112.6" kX="0" kY="0" cX="1" cY="1" pX="8.25" pY="-31.95" z="3" dI="0" twE="0" dr="13"/>
          <f x="-15.5" y="-147" cocos2d_x="-22.85" cocos2d_y="-114.35" kX="-1.78" kY="-1.78" cX="1.01" cY="1.01" pX="8.2" pY="-32" z="3" dI="0" twE="0" dr="2"/>
          <f x="-15.5" y="-147.2" cocos2d_x="-22.8" cocos2d_y="-114.5" kX="-2" kY="-2" cX="1.02" cY="1.01" pX="8.3" pY="-31.95" z="3" dI="0" twE="0" dr="14"/>
          <f x="-16.35" y="-144.7" cocos2d_x="-24.6" cocos2d_y="-112.7" kX="-0.03" kY="-0.03" cX="1" cY="1" pX="8.3" pY="-31.95" z="3" dI="0" twE="0" dr="2"/>
          <f x="-16.35" y="-144.55" cocos2d_x="-24.6" cocos2d_y="-112.6" kX="0" kY="0" cX="1" cY="1" pX="8.25" pY="-31.95" z="3" dI="0" dr="1"/>
        </b>
        <b name="nh_ku2" sc="1" dl="0">
          <f x="-8.85" y="-95.6" cocos2d_x="-11.5" cocos2d_y="-79.15" kX="0" kY="0" cX="1" cY="1" pX="2.65" pY="-16.45" z="4" dI="0" twE="0" dr="13"/>
          <f x="-8.85" y="-97" cocos2d_x="-11.4" cocos2d_y="-79.9" kX="0" kY="0" cX="0.98" cY="1.04" pX="2.65" pY="-16.5" z="4" dI="0" twE="0" dr="2"/>
          <f x="-8.85" y="-97.1" cocos2d_x="-11.45" cocos2d_y="-79.95" kX="0" kY="0" cX="0.97" cY="1.04" pX="2.65" pY="-16.45" z="4" dI="0" twE="0" dr="14"/>
          <f x="-8.9" y="-95.7" cocos2d_x="-11.55" cocos2d_y="-79.2" kX="0" kY="0" cX="1" cY="1" pX="2.65" pY="-16.45" z="4" dI="0" twE="0" dr="2"/>
          <f x="-8.85" y="-95.6" cocos2d_x="-11.5" cocos2d_y="-79.15" kX="0" kY="0" cX="1" cY="1" pX="2.65" pY="-16.45" z="4" dI="0" dr="1"/>
        </b>
        <b name="nh_ku1" sc="1" dl="0">
          <f x="14.6" y="-93.55" cocos2d_x="15.95" cocos2d_y="-77.1" kX="0" kY="0" cX="1" cY="1" pX="-1.35" pY="-16.45" z="5" dI="0" twE="0" dr="13"/>
          <f x="15.45" y="-94.9" cocos2d_x="16.6" cocos2d_y="-77.8" kX="0.78" kY="0.78" cX="0.98" cY="1.04" pX="-1.4" pY="-16.45" z="5" dI="0" twE="0" dr="2"/>
          <f x="15.5" y="-95" cocos2d_x="16.5" cocos2d_y="-77.9" kX="0.94" kY="0.96" cX="0.98" cY="1.04" pX="-1.3" pY="-16.4" z="5" dI="0" twE="0" dr="14"/>
          <f x="14.6" y="-93.65" cocos2d_x="15.9" cocos2d_y="-77.15" kX="0.01" kY="0.02" cX="1" cY="1" pX="-1.35" pY="-16.45" z="5" dI="0" twE="0" dr="2"/>
          <f x="14.6" y="-93.55" cocos2d_x="15.95" cocos2d_y="-77.1" kX="0" kY="0" cX="1" cY="1" pX="-1.35" pY="-16.45" z="5" dI="0" dr="1"/>
        </b>
        <b name="nh_gebo5" sc="1" dl="0">
          <f x="34.6" y="-144.9" cocos2d_x="36.2" cocos2d_y="-129.35" kX="0" kY="0" cX="1" cY="1" pX="-1.6" pY="-15.55" z="6" dI="0" twE="0" dr="13"/>
          <f x="35.15" y="-146.6" cocos2d_x="36.3" cocos2d_y="-130.8" kX="1.51" kY="1.51" cX="1.01" cY="1.01" pX="-1.55" pY="-15.5" z="6" dI="0" twE="0" dr="2"/>
          <f x="35.2" y="-146.75" cocos2d_x="36.3" cocos2d_y="-130.95" kX="1.67" kY="1.67" cX="1.02" cY="1.01" pX="-1.55" pY="-15.5" z="6" dI="0" twE="0" dr="14"/>
          <f x="34.65" y="-144.95" cocos2d_x="36.15" cocos2d_y="-129.4" kX="0.03" kY="0.03" cX="1" cY="1" pX="-1.5" pY="-15.5" z="6" dI="0" twE="0" dr="2"/>
          <f x="34.6" y="-144.9" cocos2d_x="36.2" cocos2d_y="-129.35" kX="0" kY="0" cX="1" cY="1" pX="-1.6" pY="-15.55" z="6" dI="0" dr="1"/>
        </b>
        <b name="nh_gebo4" sc="1" dl="0">
          <f x="40.65" y="-113.4" cocos2d_x="42.45" cocos2d_y="-93.6" kX="0" kY="0" cX="1" cY="1" pX="-1.8" pY="-19.8" z="7" dI="0" twE="0" dr="13"/>
          <f x="40.05" y="-115.3" cocos2d_x="40.75" cocos2d_y="-95.2" kX="3.29" kY="3.29" cX="1.01" cY="1.01" pX="-1.8" pY="-19.8" z="7" dI="0" twE="0" dr="2"/>
          <f x="40.05" y="-115.45" cocos2d_x="40.6" cocos2d_y="-95.35" kX="3.67" kY="3.67" cX="1.02" cY="1.01" pX="-1.85" pY="-19.8" z="7" dI="0" twE="0" dr="14"/>
          <f x="40.65" y="-113.65" cocos2d_x="42.45" cocos2d_y="-93.85" kX="0.06" kY="0.06" cX="1" cY="1" pX="-1.8" pY="-19.8" z="7" dI="0" twE="0" dr="2"/>
          <f x="40.65" y="-113.4" cocos2d_x="42.45" cocos2d_y="-93.6" kX="0" kY="0" cX="1" cY="1" pX="-1.8" pY="-19.8" z="7" dI="0" dr="1"/>
        </b>
        <b name="nh_gebo2" sc="1" dl="0">
          <f x="-10.6" y="-155.4" cocos2d_x="-16.15" cocos2d_y="-142.55" kX="0" kY="0" cX="1" cY="1" pX="5.55" pY="-12.85" z="8" dI="0" twE="0" dr="13"/>
          <f x="-9.95" y="-158.25" cocos2d_x="-14.5" cocos2d_y="-144.85" kX="-4.79" kY="-4.78" cX="1.01" cY="1.01" pX="5.55" pY="-12.8" z="8" dI="0" twE="0" dr="2"/>
          <f x="-9.95" y="-158.5" cocos2d_x="-14.4" cocos2d_y="-144.85" kX="-5.26" kY="-5.26" cX="1.02" cY="1.01" pX="5.6" pY="-13" z="8" dI="0" twE="0" dr="14"/>
          <f x="-10.55" y="-155.55" cocos2d_x="-16.1" cocos2d_y="-142.5" kX="-0.27" kY="-0.28" cX="1" cY="1" pX="5.6" pY="-13" z="8" dI="0" twE="0" dr="2"/>
          <f x="-10.6" y="-155.4" cocos2d_x="-16.15" cocos2d_y="-142.55" kX="0" kY="0" cX="1" cY="1" pX="5.55" pY="-12.85" z="8" dI="0" dr="1"/>
        </b>
        <b name="nh_shen" sc="1" dl="0">
          <f x="0.2" y="-90.9" cocos2d_x="2.5" cocos2d_y="-125.15" kX="0" kY="0" cX="1" cY="1" pX="-2.3" pY="34.25" z="9" dI="0" twE="0" dr="13"/>
          <f x="0.5" y="-92.85" cocos2d_x="3.05" cocos2d_y="-127.5" kX="0.29" kY="0.29" cX="1.01" cY="1.01" pX="-2.3" pY="34.2" z="9" dI="0" twE="0" dr="2"/>
          <f x="0.5" y="-93" cocos2d_x="3.15" cocos2d_y="-127.7" kX="0.45" kY="0.45" cX="1.02" cY="1.01" pX="-2.3" pY="34.2" z="9" dI="0" twE="0" dr="14"/>
          <f x="0.15" y="-91.05" cocos2d_x="2.5" cocos2d_y="-125.35" kX="0.01" kY="0.01" cX="1" cY="1" pX="-2.35" pY="34.3" z="9" dI="0" twE="0" dr="2"/>
          <f x="0.2" y="-90.9" cocos2d_x="2.5" cocos2d_y="-125.15" kX="0" kY="0" cX="1" cY="1" pX="-2.3" pY="34.25" z="9" dI="0" dr="1"/>
        </b>
        <b name="nh_gebo1" sc="1" dl="0">
          <f x="27.8" y="-155" cocos2d_x="32.75" cocos2d_y="-142.85" kX="0" kY="0" cX="1" cY="1" pX="-4.95" pY="-12.15" z="10" dI="0" twE="0" dr="13"/>
          <f x="28.95" y="-157.55" cocos2d_x="33.55" cocos2d_y="-145.1" kX="2.01" kY="2.01" cX="1.01" cY="1.01" pX="-4.95" pY="-12.15" z="10" dI="0" twE="0" dr="2"/>
          <f x="29.05" y="-157.8" cocos2d_x="33.6" cocos2d_y="-145.25" kX="2.18" kY="2.18" cX="1.02" cY="1.01" pX="-4.9" pY="-12.2" z="10" dI="0" twE="0" dr="14"/>
          <f x="27.95" y="-155.2" cocos2d_x="32.9" cocos2d_y="-142.95" kX="0.04" kY="0.04" cX="1" cY="1" pX="-4.95" pY="-12.25" z="10" dI="0" twE="0" dr="2"/>
          <f x="27.8" y="-155" cocos2d_x="32.75" cocos2d_y="-142.85" kX="0" kY="0" cX="1" cY="1" pX="-4.95" pY="-12.15" z="10" dI="0" dr="1"/>
        </b>
        <b name="nh_tou " sc="1" dl="0">
          <f x="1.95" y="-173.7" cocos2d_x="6.45" cocos2d_y="-234.95" kX="0" kY="0" cX="1" cY="1" pX="-4.5" pY="61.25" z="11" dI="0" twE="0" dr="13"/>
          <f x="2.9" y="-177.1" cocos2d_x="10.05" cocos2d_y="-238.1" kX="2.5" kY="2.5" cX="1" cY="1" pX="-4.5" pY="61.25" z="11" dI="0" twE="0" dr="2"/>
          <f x="2.95" y="-177.35" cocos2d_x="10.3" cocos2d_y="-238.3" kX="2.7" kY="2.7" cX="1" cY="1" pX="-4.45" pY="61.25" z="11" dI="0" twE="0" dr="14"/>
          <f x="2.05" y="-173.95" cocos2d_x="6.55" cocos2d_y="-235.2" kX="0.05" kY="0.05" cX="1" cY="1" pX="-4.45" pY="61.25" z="11" dI="0" twE="0" dr="2"/>
          <f x="1.95" y="-173.7" cocos2d_x="6.45" cocos2d_y="-234.95" kX="0" kY="0" cX="1" cY="1" pX="-4.5" pY="61.25" z="11" dI="0" dr="1"/>
        </b>
        <b name="nh_zui" sc="1" dl="0">
          <f x="-4.9" y="-175.15" cocos2d_x="-4.9" cocos2d_y="-175.15" kX="0.13" kY="0.13" cX="1" cY="1" pX="0" pY="0" z="12" dI="0" twE="0" dr="13"/>
          <f x="-3.9" y="-178.85" cocos2d_x="-3.9" cocos2d_y="-178.85" kX="2.02" kY="2.02" cX="1" cY="1" pX="0" pY="0" z="12" dI="0" twE="0" dr="2"/>
          <f x="-3.85" y="-179.1" cocos2d_x="-3.85" cocos2d_y="-179.1" kX="2.24" kY="2.24" cX="1" cY="1" pX="0" pY="0" z="12" dI="0" twE="0" dr="14"/>
          <f x="-4.85" y="-175.4" cocos2d_x="-4.85" cocos2d_y="-175.4" kX="0.25" kY="0.25" cX="1" cY="1" pX="0" pY="0" z="12" dI="0" twE="0" dr="2"/>
          <f x="-4.9" y="-175.15" cocos2d_x="-4.9" cocos2d_y="-175.15" kX="0.13" kY="0.13" cX="1" cY="1" pX="0" pY="0" z="12" dI="0" dr="1"/>
        </b>
        <b name="nh_yan" sc="1" dl="0">
          <f x="-8.85" y="-206.75" cocos2d_x="-8.8" cocos2d_y="-206.7" kX="0" kY="0" cX="1" cY="1" pX="-0.05" pY="-0.05" z="13" dI="0" twE="0" dr="13"/>
          <f x="-6.55" y="-210.55" cocos2d_x="-6.5" cocos2d_y="-210.5" kX="2.5" kY="2.5" cX="1" cY="1" pX="-0.05" pY="-0.05" z="13" dI="0" twE="0" dr="2"/>
          <f x="-6.35" y="-210.85" cocos2d_x="-6.3" cocos2d_y="-210.8" kX="2.7" kY="2.7" cX="1" cY="1" pX="-0.05" pY="-0.05" z="13" dI="1" twE="0" dr="2"/>
          <f x="-6.55" y="-210.25" cocos2d_x="-6.5" cocos2d_y="-210.2" kX="2.25" kY="2.25" cX="1" cY="1" pX="-0.05" pY="-0.05" z="13" dI="2" twE="0" dr="2"/>
          <f x="-6.9" y="-209.7" cocos2d_x="-6.85" cocos2d_y="-209.65" kX="1.8" kY="1.8" cX="1" cY="1" pX="-0.05" pY="-0.05" z="13" dI="3" twE="0" dr="2"/>
          <f x="-7.25" y="-209.1" cocos2d_x="-7.2" cocos2d_y="-209.05" kX="1.3" kY="1.3" cX="1" cY="1" pX="-0.05" pY="-0.05" z="13" dI="1" twE="0" dr="2"/>
          <f x="-7.6" y="-208.6" cocos2d_x="-7.55" cocos2d_y="-208.55" kX="0.81" kY="0.81" cX="1" cY="1" pX="-0.05" pY="-0.05" z="13" dI="0" twE="0" dr="6"/>
          <f x="-8.7" y="-207" cocos2d_x="-8.65" cocos2d_y="-206.95" kX="0.05" kY="0.05" cX="1" cY="1" pX="-0.05" pY="-0.05" z="13" dI="0" twE="0" dr="2"/>
          <f x="-8.85" y="-206.75" cocos2d_x="-8.8" cocos2d_y="-206.7" kX="0" kY="0" cX="1" cY="1" pX="-0.05" pY="-0.05" z="13" dI="0" dr="1"/>
        </b>
      </mov>
      <mov name="shou" dr="151" to="6" drTW="151" lp="0" twE="NaN">
        <b name="ying4" sc="1" dl="0">
          <f x="2.95" y="-6.05" cocos2d_x="-35" cocos2d_y="-18.05" kX="0" kY="0" cX="0.62" cY="0.77" pX="61" pY="15.6" z="0" dI="0" dr="151">
            <colorTransform a="0" r="0" g="0" b="0" aM="50" rM="100" gM="100" bM="100"/>
          </f>
        </b>
        <b name="nh_tui2" sc="1" dl="0">
          <f x="18.15" y="-69.6" cocos2d_x="17.05" cocos2d_y="-35.6" kX="0" kY="0" cX="1" cY="1" pX="1.1" pY="-34" z="1" dI="0" dr="10"/>
          <f x="18.15" y="-69.6" cocos2d_x="17.05" cocos2d_y="-35.6" kX="0" kY="0" cX="1" cY="1" pX="1.1" pY="-34" z="1" dI="0" twE="0" dr="3"/>
          <f x="18.15" y="-69.6" cocos2d_x="17.05" cocos2d_y="-35.6" kX="0" kY="0" cX="1" cY="1" pX="1.1" pY="-34" z="1" dI="0" twE="0" dr="3"/>
          <f x="18.15" y="-69.6" cocos2d_x="17.05" cocos2d_y="-35.6" kX="0" kY="0" cX="1" cY="1" pX="1.1" pY="-34" z="1" dI="0" twE="0" dr="4"/>
          <f x="16.15" y="-69.6" cocos2d_x="16.2" cocos2d_y="-35.55" kX="-1.98" kY="-1.98" cX="1" cY="1" pX="1.1" pY="-34" z="1" dI="0" dr="30"/>
          <f x="16.15" y="-69.6" cocos2d_x="16.2" cocos2d_y="-35.55" kX="-1.98" kY="-1.98" cX="1" cY="1" pX="1.1" pY="-34" z="1" dI="0" twE="0" dr="5"/>
          <f x="17.8" y="-69.6" cocos2d_x="16.8" cocos2d_y="-35.55" kX="-0.27" kY="-0.27" cX="1" cY="1" pX="1.2" pY="-34.05" z="1" dI="0" twE="0" dr="5"/>
          <f x="18.15" y="-69.6" cocos2d_x="17.05" cocos2d_y="-35.6" kX="0" kY="0" cX="1" cY="1" pX="1.1" pY="-34" z="1" dI="0" dr="40"/>
          <f x="18.15" y="-69.6" cocos2d_x="17.05" cocos2d_y="-35.6" kX="0" kY="0" cX="1" cY="1" pX="1.1" pY="-34" z="1" dI="0" twE="0" dr="5"/>
          <f x="16.5" y="-69.6" cocos2d_x="16.15" cocos2d_y="-35.6" kX="-1.3" kY="-1.3" cX="1" cY="1" pX="1.15" pY="-34" z="1" dI="0" twE="0" dr="4"/>
          <f x="16.15" y="-69.6" cocos2d_x="16.1" cocos2d_y="-35.55" kX="-1.73" kY="-1.73" cX="1" cY="1" pX="1.05" pY="-34" z="1" dI="0" dr="24"/>
          <f x="16.15" y="-69.6" cocos2d_x="16.1" cocos2d_y="-35.55" kX="-1.73" kY="-1.73" cX="1" cY="1" pX="1.05" pY="-34" z="1" dI="0" twE="0" dr="6"/>
          <f x="18.15" y="-69.6" cocos2d_x="17.05" cocos2d_y="-35.6" kX="0" kY="0" cX="1" cY="1" pX="1.1" pY="-34" z="1" dI="0" dr="12"/>
        </b>
        <b name="nh_tui1" sc="1" dl="0">
          <f x="-9.7" y="-72.1" cocos2d_x="-16.2" cocos2d_y="-39.9" kX="0" kY="0" cX="1" cY="1" pX="6.5" pY="-32.2" z="2" dI="0" dr="10"/>
          <f x="-9.7" y="-72.1" cocos2d_x="-16.2" cocos2d_y="-39.9" kX="0" kY="0" cX="1" cY="1" pX="6.5" pY="-32.2" z="2" dI="0" twE="0" dr="3"/>
          <f x="-9.7" y="-72.1" cocos2d_x="-15.5" cocos2d_y="-39.8" kX="-1.26" kY="-1.26" cX="1" cY="1" pX="6.55" pY="-32.15" z="2" dI="0" twE="0" dr="3"/>
          <f x="-9.7" y="-72.1" cocos2d_x="-15.25" cocos2d_y="-39.75" kX="-1.7" kY="-1.7" cX="1" cY="1" pX="6.5" pY="-32.15" z="2" dI="0" twE="0" dr="4"/>
          <f x="-18.5" y="-72.1" cocos2d_x="-26.5" cocos2d_y="-40.2" kX="2.7" kY="2.7" cX="1" cY="1" pX="6.45" pY="-32.25" z="2" dI="0" dr="30"/>
          <f x="-18.5" y="-72.1" cocos2d_x="-26.5" cocos2d_y="-40.2" kX="2.7" kY="2.7" cX="1" cY="1" pX="6.45" pY="-32.25" z="2" dI="0" twE="0" dr="5"/>
          <f x="-10.55" y="-72.1" cocos2d_x="-16.6" cocos2d_y="-39.8" kX="-0.81" kY="-0.81" cX="1" cY="1" pX="6.5" pY="-32.2" z="2" dI="0" twE="0" dr="5"/>
          <f x="-8.9" y="-72.1" cocos2d_x="-14.45" cocos2d_y="-39.75" kX="-1.7" kY="-1.7" cX="1" cY="1" pX="6.5" pY="-32.1" z="2" dI="0" dr="40"/>
          <f x="-8.9" y="-72.1" cocos2d_x="-14.45" cocos2d_y="-39.75" kX="-1.7" kY="-1.7" cX="1" cY="1" pX="6.5" pY="-32.1" z="2" dI="0" twE="0" dr="5"/>
          <f x="-11.95" y="-72.15" cocos2d_x="-18.3" cocos2d_y="-39.95" kX="-0.25" kY="-0.25" cX="1" cY="1" pX="6.45" pY="-32.15" z="2" dI="0" twE="0" dr="4"/>
          <f x="-12.55" y="-72.1" cocos2d_x="-19.05" cocos2d_y="-39.9" kX="0.03" kY="0.03" cX="1" cY="1" pX="6.45" pY="-32.2" z="2" dI="0" dr="24"/>
          <f x="-12.55" y="-72.1" cocos2d_x="-19.05" cocos2d_y="-39.9" kX="0.03" kY="0.03" cX="1" cY="1" pX="6.45" pY="-32.2" z="2" dI="0" twE="0" dr="6"/>
          <f x="-9.7" y="-72.1" cocos2d_x="-16.2" cocos2d_y="-39.9" kX="0" kY="0" cX="1" cY="1" pX="6.5" pY="-32.2" z="2" dI="0" dr="12"/>
        </b>
        <b name="nh_gebo3" sc="1" dl="0">
          <f x="-16.35" y="-144.5" cocos2d_x="-24.6" cocos2d_y="-112.55" kX="0" kY="0" cX="1" cY="1" pX="8.25" pY="-31.95" z="3" dI="0" dr="10"/>
          <f x="-16.35" y="-144.5" cocos2d_x="-24.6" cocos2d_y="-112.55" kX="0" kY="0" cX="1" cY="1" pX="8.25" pY="-31.95" z="3" dI="0" twE="0" dr="3"/>
          <f x="-13.95" y="-145" cocos2d_x="-23.35" cocos2d_y="-113.4" kX="2.05" kY="2.05" cX="1" cY="1" pX="8.25" pY="-31.9" z="3" dI="0" twE="0" dr="3"/>
          <f x="-13.15" y="-145.15" cocos2d_x="-23.05" cocos2d_y="-113.7" kX="2.95" kY="2.95" cX="1" cY="1" pX="8.25" pY="-31.9" z="3" dI="0" twE="0" dr="4"/>
          <f x="-25.2" y="-139.05" cocos2d_x="-39.55" cocos2d_y="-110" kX="11.32" kY="11.63" cX="1.01" cY="0.98" pX="8.25" pY="-32.1" z="3" dI="0" dr="30"/>
          <f x="-25.2" y="-139.05" cocos2d_x="-39.55" cocos2d_y="-110" kX="11.32" kY="11.63" cX="1.01" cY="0.98" pX="8.25" pY="-32.1" z="3" dI="0" twE="0" dr="5"/>
          <f x="-14.55" y="-144.3" cocos2d_x="-24.95" cocos2d_y="-112.95" kX="3.81" kY="4.01" cX="1" cY="1" pX="8.25" pY="-32.15" z="3" dI="0" twE="0" dr="5"/>
          <f x="-12.45" y="-145.3" cocos2d_x="-22.15" cocos2d_y="-113.7" kX="2.52" kY="2.52" cX="1" cY="1" pX="8.3" pY="-32" z="3" dI="0" dr="40"/>
          <f x="-12.45" y="-145.3" cocos2d_x="-22.15" cocos2d_y="-113.7" kX="2.52" kY="2.52" cX="1" cY="1" pX="8.3" pY="-32" z="3" dI="0" twE="0" dr="5"/>
          <f x="-19.1" y="-140.55" cocos2d_x="-28.6" cocos2d_y="-110.1" kX="2.25" kY="2.01" cX="1" cY="0.96" pX="8.25" pY="-32" z="3" dI="0" twE="0" dr="4"/>
          <f x="-20.45" y="-139.55" cocos2d_x="-29.95" cocos2d_y="-109.3" kX="2.22" kY="1.95" cX="1.01" cY="0.95" pX="8.3" pY="-32" z="3" dI="0" dr="24"/>
          <f x="-20.45" y="-139.55" cocos2d_x="-29.95" cocos2d_y="-109.3" kX="2.22" kY="1.95" cX="1.01" cY="0.95" pX="8.3" pY="-32" z="3" dI="0" twE="0" dr="6"/>
          <f x="-16.35" y="-144.5" cocos2d_x="-24.6" cocos2d_y="-112.55" kX="0" kY="0" cX="1" cY="1" pX="8.25" pY="-31.95" z="3" dI="0" dr="12"/>
        </b>
        <b name="nh_ku2" sc="1" dl="0">
          <f x="-8.85" y="-95.55" cocos2d_x="-11.5" cocos2d_y="-79.1" kX="0" kY="0" cX="1" cY="1" pX="2.65" pY="-16.45" z="4" dI="0" dr="10"/>
          <f x="-8.85" y="-95.55" cocos2d_x="-11.5" cocos2d_y="-79.1" kX="0" kY="0" cX="1" cY="1" pX="2.65" pY="-16.45" z="4" dI="0" twE="0" dr="3"/>
          <f x="-8.85" y="-95.55" cocos2d_x="-11" cocos2d_y="-79" kX="-1.77" kY="-1.77" cX="1" cY="1" pX="2.65" pY="-16.45" z="4" dI="0" twE="0" dr="3"/>
          <f x="-8.85" y="-95.55" cocos2d_x="-10.8" cocos2d_y="-79" kX="-2.45" kY="-2.45" cX="1" cY="1" pX="2.65" pY="-16.45" z="4" dI="0" twE="0" dr="4"/>
          <f x="-12.85" y="-95.55" cocos2d_x="-16.9" cocos2d_y="-79.4" kX="5" kY="5" cX="1" cY="1" pX="2.65" pY="-16.45" z="4" dI="0" dr="30"/>
          <f x="-12.85" y="-95.55" cocos2d_x="-16.9" cocos2d_y="-79.4" kX="5" kY="5" cX="1" cY="1" pX="2.65" pY="-16.45" z="4" dI="0" twE="0" dr="5"/>
          <f x="-9.15" y="-95.55" cocos2d_x="-11.45" cocos2d_y="-79.1" kX="-1.05" kY="-1.05" cX="1" cY="1" pX="2.6" pY="-16.4" z="4" dI="0" twE="0" dr="5"/>
          <f x="-8.45" y="-95.55" cocos2d_x="-10.4" cocos2d_y="-79" kX="-2.45" kY="-2.45" cX="1" cY="1" pX="2.65" pY="-16.4" z="4" dI="0" dr="40"/>
          <f x="-8.45" y="-95.55" cocos2d_x="-10.4" cocos2d_y="-79" kX="-2.45" kY="-2.45" cX="1" cY="1" pX="2.65" pY="-16.4" z="4" dI="0" twE="0" dr="5"/>
          <f x="-9.05" y="-94.85" cocos2d_x="-12.05" cocos2d_y="-78.5" kX="1.25" kY="1.25" cX="1" cY="1" pX="2.6" pY="-16.4" z="4" dI="0" twE="0" dr="4"/>
          <f x="-9.25" y="-94.75" cocos2d_x="-12.5" cocos2d_y="-78.4" kX="2.01" kY="2.01" cX="1" cY="1" pX="2.65" pY="-16.45" z="4" dI="0" dr="24"/>
          <f x="-9.25" y="-94.75" cocos2d_x="-12.5" cocos2d_y="-78.4" kX="2.01" kY="2.01" cX="1" cY="1" pX="2.65" pY="-16.45" z="4" dI="0" twE="0" dr="6"/>
          <f x="-8.85" y="-95.55" cocos2d_x="-11.5" cocos2d_y="-79.1" kX="0" kY="0" cX="1" cY="1" pX="2.65" pY="-16.45" z="4" dI="0" dr="12"/>
        </b>
        <b name="nh_ku1" sc="1" dl="0">
          <f x="14.6" y="-93.5" cocos2d_x="15.95" cocos2d_y="-77.05" kX="0" kY="0" cX="1" cY="1" pX="-1.35" pY="-16.45" z="5" dI="0" dr="10"/>
          <f x="14.6" y="-93.5" cocos2d_x="15.95" cocos2d_y="-77.05" kX="0" kY="0" cX="1" cY="1" pX="-1.35" pY="-16.45" z="5" dI="0" twE="0" dr="3"/>
          <f x="14.6" y="-93.5" cocos2d_x="15.95" cocos2d_y="-77.05" kX="0" kY="0" cX="1" cY="1" pX="-1.35" pY="-16.45" z="5" dI="0" twE="0" dr="3"/>
          <f x="14.6" y="-93.5" cocos2d_x="15.95" cocos2d_y="-77.05" kX="0" kY="0" cX="1" cY="1" pX="-1.35" pY="-16.45" z="5" dI="0" twE="0" dr="4"/>
          <f x="11" y="-93.5" cocos2d_x="12.85" cocos2d_y="-77.15" kX="-1.7" kY="-1.7" cX="1" cY="1" pX="-1.35" pY="-16.4" z="5" dI="0" dr="30"/>
          <f x="11" y="-93.5" cocos2d_x="12.85" cocos2d_y="-77.15" kX="-1.7" kY="-1.7" cX="1" cY="1" pX="-1.35" pY="-16.4" z="5" dI="0" twE="0" dr="5"/>
          <f x="14.35" y="-93.55" cocos2d_x="16.1" cocos2d_y="-77.2" kX="-1.31" kY="-1.31" cX="1" cY="1" pX="-1.35" pY="-16.35" z="5" dI="0" twE="0" dr="5"/>
          <f x="15" y="-93.5" cocos2d_x="16.75" cocos2d_y="-77.1" kX="-1.45" kY="-1.45" cX="1" cY="1" pX="-1.35" pY="-16.35" z="5" dI="0" dr="40"/>
          <f x="15" y="-93.5" cocos2d_x="16.75" cocos2d_y="-77.1" kX="-1.45" kY="-1.45" cX="1" cY="1" pX="-1.35" pY="-16.35" z="5" dI="0" twE="0" dr="5"/>
          <f x="14.35" y="-93.55" cocos2d_x="16.05" cocos2d_y="-77.1" kX="-1.3" kY="-1.3" cX="1" cY="1" pX="-1.35" pY="-16.45" z="5" dI="0" twE="0" dr="4"/>
          <f x="14.2" y="-93.5" cocos2d_x="15.95" cocos2d_y="-77.1" kX="-1.45" kY="-1.45" cX="1" cY="1" pX="-1.35" pY="-16.4" z="5" dI="0" dr="24"/>
          <f x="14.2" y="-93.5" cocos2d_x="15.95" cocos2d_y="-77.1" kX="-1.45" kY="-1.45" cX="1" cY="1" pX="-1.35" pY="-16.4" z="5" dI="0" twE="0" dr="6"/>
          <f x="14.6" y="-93.5" cocos2d_x="15.95" cocos2d_y="-77.05" kX="0" kY="0" cX="1" cY="1" pX="-1.35" pY="-16.45" z="5" dI="0" dr="12"/>
        </b>
        <b name="nh_gebo5" sc="1" dl="0">
          <f x="34.6" y="-144.85" cocos2d_x="36.2" cocos2d_y="-129.3" kX="0" kY="0" cX="1" cY="1" pX="-1.6" pY="-15.55" z="6" dI="0" dr="10"/>
          <f x="34.6" y="-144.85" cocos2d_x="36.2" cocos2d_y="-129.3" kX="0" kY="0" cX="1" cY="1" pX="-1.6" pY="-15.55" z="6" dI="0" twE="0" dr="3"/>
          <f x="36.95" y="-143.4" cocos2d_x="40.15" cocos2d_y="-128.1" kX="-5.77" kY="-5.77" cX="1" cY="1" pX="-1.65" pY="-15.55" z="6" dI="0" twE="0" dr="3"/>
          <f x="37.75" y="-142.9" cocos2d_x="41.45" cocos2d_y="-127.75" kX="-7.78" kY="-7.78" cX="1" cY="1" pX="-1.6" pY="-15.55" z="6" dI="0" twE="0" dr="4"/>
          <f x="25.8" y="-144.45" cocos2d_x="31.3" cocos2d_y="-130.2" kX="-15.1" kY="-14.79" cX="1.01" cY="0.98" pX="-1.6" pY="-15.6" z="6" dI="0" dr="30"/>
          <f x="25.8" y="-144.45" cocos2d_x="31.3" cocos2d_y="-130.2" kX="-15.1" kY="-14.79" cX="1.01" cY="0.98" pX="-1.6" pY="-15.6" z="6" dI="0" twE="0" dr="5"/>
          <f x="35.75" y="-143.2" cocos2d_x="40.5" cocos2d_y="-128.4" kX="-11.79" kY="-11.78" cX="1" cY="1" pX="-1.6" pY="-15.5" z="6" dI="0" twE="0" dr="5"/>
          <f x="37.65" y="-143" cocos2d_x="42.25" cocos2d_y="-128.05" kX="-11.24" kY="-11.24" cX="1" cY="1" pX="-1.6" pY="-15.55" z="6" dI="0" dr="40"/>
          <f x="37.65" y="-143" cocos2d_x="42.25" cocos2d_y="-128.05" kX="-11.24" kY="-11.24" cX="1" cY="1" pX="-1.6" pY="-15.55" z="6" dI="0" twE="0" dr="5"/>
          <f x="28.55" y="-142.65" cocos2d_x="33.45" cocos2d_y="-128.35" kX="-12.81" kY="-11.82" cX="1" cY="0.96" pX="-1.6" pY="-15.6" z="6" dI="0" twE="0" dr="4"/>
          <f x="26.7" y="-142.6" cocos2d_x="31.7" cocos2d_y="-128.55" kX="-13.29" kY="-12.14" cX="1" cY="0.96" pX="-1.6" pY="-15.45" z="6" dI="0" dr="24"/>
          <f x="26.7" y="-142.6" cocos2d_x="31.7" cocos2d_y="-128.55" kX="-13.29" kY="-12.14" cX="1" cY="0.96" pX="-1.6" pY="-15.45" z="6" dI="0" twE="0" dr="6"/>
          <f x="34.6" y="-144.85" cocos2d_x="36.2" cocos2d_y="-129.3" kX="0" kY="0" cX="1" cY="1" pX="-1.6" pY="-15.55" z="6" dI="0" dr="12"/>
        </b>
        <b name="nh_gebo4" sc="1" dl="0">
          <f x="40.65" y="-113.35" cocos2d_x="42.45" cocos2d_y="-93.55" kX="0" kY="0" cX="1" cY="1" pX="-1.8" pY="-19.8" z="7" dI="0" dr="10"/>
          <f x="40.65" y="-113.35" cocos2d_x="42.45" cocos2d_y="-93.55" kX="0" kY="0" cX="1" cY="1" pX="-1.8" pY="-19.8" z="7" dI="0" twE="0" dr="3"/>
          <f x="45.9" y="-113.2" cocos2d_x="47" cocos2d_y="-93.35" kX="2.05" kY="2.05" cX="1" cY="1" pX="-1.8" pY="-19.8" z="7" dI="0" twE="0" dr="3"/>
          <f x="47.65" y="-113.15" cocos2d_x="48.45" cocos2d_y="-93.25" kX="2.95" kY="2.95" cX="1" cY="1" pX="-1.85" pY="-19.8" z="7" dI="0" twE="0" dr="4"/>
          <f x="38.9" y="-116.45" cocos2d_x="38.55" cocos2d_y="-97" kX="6.57" kY="6.88" cX="1.01" cY="0.98" pX="-1.85" pY="-19.8" z="7" dI="0" dr="30"/>
          <f x="38.9" y="-116.45" cocos2d_x="38.55" cocos2d_y="-97" kX="6.57" kY="6.88" cX="1.01" cY="0.98" pX="-1.85" pY="-19.8" z="7" dI="0" twE="0" dr="5"/>
          <f x="47.55" y="-114.8" cocos2d_x="42" cocos2d_y="-95.75" kX="21.58" kY="21.78" cX="1" cY="0.99" pX="-1.85" pY="-19.85" z="7" dI="0" twE="0" dr="5"/>
          <f x="49.3" y="-114.45" cocos2d_x="42.65" cocos2d_y="-95.65" kX="24.74" kY="24.74" cX="1" cY="1" pX="-1.8" pY="-19.9" z="7" dI="0" dr="40"/>
          <f x="49.3" y="-114.45" cocos2d_x="42.65" cocos2d_y="-95.65" kX="24.74" kY="24.74" cX="1" cY="1" pX="-1.8" pY="-19.9" z="7" dI="0" twE="0" dr="5"/>
          <f x="40.55" y="-114.95" cocos2d_x="40.15" cocos2d_y="-95.65" kX="6.53" kY="4.55" cX="1" cY="0.97" pX="-1.8" pY="-19.85" z="7" dI="0" twE="0" dr="4"/>
          <f x="38.75" y="-115.05" cocos2d_x="39.55" cocos2d_y="-95.95" kX="2.98" kY="0.69" cX="1" cY="0.96" pX="-1.8" pY="-19.8" z="7" dI="0" dr="24"/>
          <f x="38.75" y="-115.05" cocos2d_x="39.55" cocos2d_y="-95.95" kX="2.98" kY="0.69" cX="1" cY="0.96" pX="-1.8" pY="-19.8" z="7" dI="0" twE="0" dr="6"/>
          <f x="40.65" y="-113.35" cocos2d_x="42.45" cocos2d_y="-93.55" kX="0" kY="0" cX="1" cY="1" pX="-1.8" pY="-19.8" z="7" dI="0" dr="12"/>
        </b>
        <b name="nh_gebo2" sc="1" dl="0">
          <f x="-10.6" y="-155.35" cocos2d_x="-16.15" cocos2d_y="-142.5" kX="0" kY="0" cX="1" cY="1" pX="5.55" pY="-12.85" z="8" dI="0" dr="10"/>
          <f x="-10.6" y="-155.35" cocos2d_x="-16.15" cocos2d_y="-142.5" kX="0" kY="0" cX="1" cY="1" pX="5.55" pY="-12.85" z="8" dI="0" twE="0" dr="3"/>
          <f x="-7.8" y="-155.65" cocos2d_x="-13.85" cocos2d_y="-143" kX="2.05" kY="2.05" cX="1" cY="1" pX="5.55" pY="-12.85" z="8" dI="0" twE="0" dr="3"/>
          <f x="-6.85" y="-155.75" cocos2d_x="-13.05" cocos2d_y="-143.15" kX="2.95" kY="2.95" cX="1" cY="1" pX="5.55" pY="-12.9" z="8" dI="0" twE="0" dr="4"/>
          <f x="-20.9" y="-150.45" cocos2d_x="-27.1" cocos2d_y="-138.15" kX="2.59" kY="2.9" cX="1.01" cY="0.98" pX="5.6" pY="-12.9" z="8" dI="0" dr="30"/>
          <f x="-20.9" y="-150.45" cocos2d_x="-27.1" cocos2d_y="-138.15" kX="2.59" kY="2.9" cX="1.01" cY="0.98" pX="5.6" pY="-12.9" z="8" dI="0" twE="0" dr="5"/>
          <f x="-9.35" y="-154.95" cocos2d_x="-14.3" cocos2d_y="-141.85" kX="-2.55" kY="-2.54" cX="1" cY="1" pX="5.5" pY="-12.9" z="8" dI="0" twE="0" dr="5"/>
          <f x="-6.95" y="-155.9" cocos2d_x="-11.65" cocos2d_y="-142.65" kX="-3.76" kY="-3.76" cX="1" cY="1" pX="5.55" pY="-12.9" z="8" dI="0" dr="40"/>
          <f x="-6.95" y="-155.9" cocos2d_x="-11.65" cocos2d_y="-142.65" kX="-3.76" kY="-3.76" cX="1" cY="1" pX="5.55" pY="-12.9" z="8" dI="0" twE="0" dr="5"/>
          <f x="-14.75" y="-151.25" cocos2d_x="-19.2" cocos2d_y="-138.4" kX="-5.29" kY="-5.02" cX="1" cY="0.96" pX="5.6" pY="-12.9" z="8" dI="0" twE="0" dr="4"/>
          <f x="-16.3" y="-150.35" cocos2d_x="-20.75" cocos2d_y="-137.55" kX="-5.72" kY="-5.32" cX="1.01" cY="0.95" pX="5.7" pY="-12.95" z="8" dI="0" dr="24"/>
          <f x="-16.3" y="-150.35" cocos2d_x="-20.75" cocos2d_y="-137.55" kX="-5.72" kY="-5.32" cX="1.01" cY="0.95" pX="5.7" pY="-12.95" z="8" dI="0" twE="0" dr="6"/>
          <f x="-10.6" y="-155.35" cocos2d_x="-16.15" cocos2d_y="-142.5" kX="0" kY="0" cX="1" cY="1" pX="5.55" pY="-12.85" z="8" dI="0" dr="12"/>
        </b>
        <b name="nh_shen" sc="1" dl="0">
          <f x="0.2" y="-90.85" cocos2d_x="2.5" cocos2d_y="-125.1" kX="0" kY="0" cX="1" cY="1" pX="-2.3" pY="34.25" z="9" dI="0" dr="10"/>
          <f x="0.2" y="-90.85" cocos2d_x="2.5" cocos2d_y="-125.1" kX="0" kY="0" cX="1" cY="1" pX="-2.3" pY="34.25" z="9" dI="0" twE="0" dr="3"/>
          <f x="0.5" y="-90.75" cocos2d_x="4.05" cocos2d_y="-124.9" kX="2.05" kY="2.05" cX="1" cY="1" pX="-2.35" pY="34.3" z="9" dI="0" twE="0" dr="3"/>
          <f x="0.6" y="-90.75" cocos2d_x="4.65" cocos2d_y="-124.85" kX="2.95" kY="2.95" cX="1" cY="1" pX="-2.25" pY="34.25" z="9" dI="0" twE="0" dr="4"/>
          <f x="-3.6" y="-88.35" cocos2d_x="-4.55" cocos2d_y="-121.95" kX="-5.63" kY="-5.32" cX="1.01" cY="0.98" pX="-2.3" pY="34.4" z="9" dI="0" dr="30"/>
          <f x="-3.6" y="-88.35" cocos2d_x="-4.55" cocos2d_y="-121.95" kX="-5.63" kY="-5.32" cX="1.01" cY="0.98" pX="-2.3" pY="34.4" z="9" dI="0" twE="0" dr="5"/>
          <f x="-0.25" y="-90.45" cocos2d_x="3" cocos2d_y="-124.65" kX="1.51" kY="1.52" cX="1" cY="1" pX="-2.35" pY="34.4" z="9" dI="0" twE="0" dr="5"/>
          <f x="0.5" y="-90.85" cocos2d_x="4.55" cocos2d_y="-124.95" kX="2.97" kY="2.97" cX="1" cY="1" pX="-2.3" pY="34.25" z="9" dI="0" dr="40"/>
          <f x="0.5" y="-90.85" cocos2d_x="4.55" cocos2d_y="-124.95" kX="2.97" kY="2.97" cX="1" cY="1" pX="-2.3" pY="34.25" z="9" dI="0" twE="0" dr="5"/>
          <f x="-0.2" y="-90.05" cocos2d_x="0.05" cocos2d_y="-123.1" kX="-3.5" kY="-3.76" cX="1" cY="0.96" pX="-2.25" pY="34.3" z="9" dI="0" twE="0" dr="4"/>
          <f x="-0.35" y="-89.9" cocos2d_x="-0.85" cocos2d_y="-122.7" kX="-4.81" kY="-5.12" cX="1.01" cY="0.95" pX="-2.2" pY="34.25" z="9" dI="0" dr="24"/>
          <f x="-0.35" y="-89.9" cocos2d_x="-0.85" cocos2d_y="-122.7" kX="-4.81" kY="-5.12" cX="1.01" cY="0.95" pX="-2.2" pY="34.25" z="9" dI="0" twE="0" dr="6"/>
          <f x="0.2" y="-90.85" cocos2d_x="2.5" cocos2d_y="-125.1" kX="0" kY="0" cX="1" cY="1" pX="-2.3" pY="34.25" z="9" dI="0" dr="12"/>
        </b>
        <b name="nh_gebo1" sc="1" dl="0">
          <f x="27.8" y="-154.95" cocos2d_x="32.75" cocos2d_y="-142.8" kX="0" kY="0" cX="1" cY="1" pX="-4.95" pY="-12.15" z="10" dI="0" dr="10"/>
          <f x="27.8" y="-154.95" cocos2d_x="32.75" cocos2d_y="-142.8" kX="0" kY="0" cX="1" cY="1" pX="-4.95" pY="-12.15" z="10" dI="0" twE="0" dr="3"/>
          <f x="30.55" y="-153.75" cocos2d_x="36.15" cocos2d_y="-141.85" kX="-3.05" kY="-3.05" cX="1" cY="1" pX="-4.95" pY="-12.15" z="10" dI="0" twE="0" dr="3"/>
          <f x="31.45" y="-153.35" cocos2d_x="37.3" cocos2d_y="-141.6" kX="-4.26" kY="-4.26" cX="1" cY="1" pX="-4.95" pY="-12.1" z="10" dI="0" twE="0" dr="4"/>
          <f x="18.05" y="-153.25" cocos2d_x="25.55" cocos2d_y="-142.75" kX="-12.84" kY="-12.53" cX="1.01" cY="0.98" pX="-4.95" pY="-12.2" z="10" dI="0" dr="30"/>
          <f x="18.05" y="-153.25" cocos2d_x="25.55" cocos2d_y="-142.75" kX="-12.84" kY="-12.53" cX="1.01" cY="0.98" pX="-4.95" pY="-12.2" z="10" dI="0" twE="0" dr="5"/>
          <f x="29.15" y="-153.35" cocos2d_x="35.65" cocos2d_y="-142" kX="-7.52" kY="-7.5" cX="1" cY="1" pX="-4.95" pY="-12.2" z="10" dI="0" twE="0" dr="5"/>
          <f x="31.35" y="-153.45" cocos2d_x="37.7" cocos2d_y="-141.9" kX="-6.5" kY="-6.5" cX="1" cY="1" pX="-4.95" pY="-12.15" z="10" dI="0" dr="40"/>
          <f x="31.35" y="-153.45" cocos2d_x="37.7" cocos2d_y="-141.9" kX="-6.5" kY="-6.5" cX="1" cY="1" pX="-4.95" pY="-12.15" z="10" dI="0" twE="0" dr="5"/>
          <f x="23.7" y="-153.35" cocos2d_x="29.95" cocos2d_y="-142.1" kX="-5.79" kY="-5.28" cX="1" cY="0.96" pX="-5.05" pY="-12.2" z="10" dI="0" twE="0" dr="4"/>
          <f x="22.2" y="-153.35" cocos2d_x="28.35" cocos2d_y="-142.1" kX="-5.8" kY="-5.12" cX="1.01" cY="0.96" pX="-4.95" pY="-12.35" z="10" dI="0" dr="24"/>
          <f x="22.2" y="-153.35" cocos2d_x="28.35" cocos2d_y="-142.1" kX="-5.8" kY="-5.12" cX="1.01" cY="0.96" pX="-4.95" pY="-12.35" z="10" dI="0" twE="0" dr="6"/>
          <f x="27.8" y="-154.95" cocos2d_x="32.75" cocos2d_y="-142.8" kX="0" kY="0" cX="1" cY="1" pX="-4.95" pY="-12.15" z="10" dI="0" dr="12"/>
        </b>
        <b name="nh_tou " sc="1" dl="0">
          <f x="1.95" y="-173.65" cocos2d_x="6.45" cocos2d_y="-234.9" kX="0" kY="0" cX="1" cY="1" pX="-4.5" pY="61.25" z="11" dI="0" dr="10"/>
          <f x="1.95" y="-173.65" cocos2d_x="6.45" cocos2d_y="-234.9" kX="0" kY="0" cX="1" cY="1" pX="-4.5" pY="61.25" z="11" dI="0" twE="0" dr="3"/>
          <f x="5.45" y="-173.4" cocos2d_x="12.15" cocos2d_y="-234.45" kX="2.05" kY="2.05" cX="1" cY="1" pX="-4.5" pY="61.25" z="11" dI="0" twE="0" dr="3"/>
          <f x="6.6" y="-173.35" cocos2d_x="14.25" cocos2d_y="-234.3" kX="2.95" kY="2.95" cX="1" cY="1" pX="-4.55" pY="61.3" z="11" dI="0" twE="0" dr="4"/>
          <f x="-8.15" y="-170" cocos2d_x="-8.7" cocos2d_y="-231.4" kX="-4.7" kY="-4.7" cX="1" cY="1" pX="-4.5" pY="61.2" z="11" dI="0" dr="30"/>
          <f x="-8.15" y="-170" cocos2d_x="-8.7" cocos2d_y="-231.4" kX="-4.7" kY="-4.7" cX="1" cY="1" pX="-4.5" pY="61.2" z="11" dI="0" twE="0" dr="5"/>
          <f x="4.35" y="-172.6" cocos2d_x="14.2" cocos2d_y="-233.2" kX="5.06" kY="5.06" cX="1" cY="1" pX="-4.45" pY="61.2" z="11" dI="0" twE="0" dr="5"/>
          <f x="6.85" y="-173.2" cocos2d_x="19" cocos2d_y="-233.4" kX="7.21" kY="7.21" cX="1" cY="1" pX="-4.5" pY="61.25" z="11" dI="0" dr="40"/>
          <f x="6.85" y="-173.2" cocos2d_x="19" cocos2d_y="-233.4" kX="7.21" kY="7.21" cX="1" cY="1" pX="-4.5" pY="61.25" z="11" dI="0" twE="0" dr="5"/>
          <f x="-1.5" y="-169.9" cocos2d_x="0.05" cocos2d_y="-231.25" kX="-2.76" kY="-2.76" cX="1" cY="1" pX="-4.5" pY="61.2" z="11" dI="0" twE="0" dr="4"/>
          <f x="-3.2" y="-169.2" cocos2d_x="-3.8" cocos2d_y="-230.6" kX="-4.77" kY="-4.77" cX="1" cY="1" pX="-4.5" pY="61.25" z="11" dI="0" dr="24"/>
          <f x="-3.2" y="-169.2" cocos2d_x="-3.8" cocos2d_y="-230.6" kX="-4.77" kY="-4.77" cX="1" cY="1" pX="-4.5" pY="61.25" z="11" dI="0" twE="0" dr="6"/>
          <f x="1.95" y="-173.65" cocos2d_x="6.45" cocos2d_y="-234.9" kX="0" kY="0" cX="1" cY="1" pX="-4.5" pY="61.25" z="11" dI="0" dr="12"/>
        </b>
        <b name="nh_zui" sc="1" dl="0">
          <f x="-4.9" y="-175.15" cocos2d_x="-4.9" cocos2d_y="-175.15" kX="0.13" kY="0.13" cX="1" cY="1" pX="0" pY="0" z="12" dI="0" dr="3"/>
          <f x="-4.9" y="-175.15" cocos2d_x="-4.9" cocos2d_y="-175.15" kX="0.13" kY="0.13" cX="1" cY="1" pX="0" pY="0" z="12" dI="1" dr="2"/>
          <f x="-4.9" y="-175.15" cocos2d_x="-4.9" cocos2d_y="-175.15" kX="0.13" kY="0.13" cX="1" cY="1" pX="0" pY="0" z="12" dI="2" dr="3"/>
          <f x="-4.9" y="-175.15" cocos2d_x="-4.9" cocos2d_y="-175.15" kX="0.13" kY="0.13" cX="1" cY="1" pX="0" pY="0" z="12" dI="3" dr="2"/>
          <f x="-4.9" y="-175.15" cocos2d_x="-4.9" cocos2d_y="-175.15" kX="0.13" kY="0.13" cX="1" cY="1" pX="0" pY="0" z="12" dI="4" twE="0" dr="2"/>
          <f x="-2.55" y="-175.15" cocos2d_x="-2.55" cocos2d_y="-175.15" kX="0.13" kY="0.13" cX="1" cY="1" pX="0" pY="0" z="12" dI="5" twE="0" dr="2"/>
          <f x="-0.75" y="-175.05" cocos2d_x="-0.75" cocos2d_y="-175.05" kX="1.68" kY="1.68" cX="1" cY="1" pX="0" pY="0" z="12" dI="0" twE="0" dr="3"/>
          <f x="-3.7" y="-174.15" cocos2d_x="-3.7" cocos2d_y="-174.15" kX="1.42" kY="1.42" cX="1" cY="1" pX="0" pY="0" z="12" dI="1" twE="0" dr="2"/>
          <f x="-11.35" y="-171.95" cocos2d_x="-11.35" cocos2d_y="-171.95" kX="-2.58" kY="-2.58" cX="1" cY="1" pX="0" pY="0" z="12" dI="2" dr="1"/>
          <f x="-15.1" y="-170.9" cocos2d_x="-15.1" cocos2d_y="-170.9" kX="-4.68" kY="-4.68" cX="1" cY="1" pX="0" pY="0" z="12" dI="1" dr="2"/>
          <f x="-15.1" y="-170.9" cocos2d_x="-15.1" cocos2d_y="-170.9" kX="-4.68" kY="-4.68" cX="1" cY="1" pX="0" pY="0" z="12" dI="2" dr="3"/>
          <f x="-15.1" y="-170.9" cocos2d_x="-15.1" cocos2d_y="-170.9" kX="-4.68" kY="-4.68" cX="1" cY="1" pX="0" pY="0" z="12" dI="3" dr="2"/>
          <f x="-15.1" y="-170.9" cocos2d_x="-15.1" cocos2d_y="-170.9" kX="-4.68" kY="-4.68" cX="1" cY="1" pX="0" pY="0" z="12" dI="4" dr="2"/>
          <f x="-15.1" y="-170.9" cocos2d_x="-15.1" cocos2d_y="-170.9" kX="-4.68" kY="-4.68" cX="1" cY="1" pX="0" pY="0" z="12" dI="5" dr="2"/>
          <f x="-15.1" y="-170.9" cocos2d_x="-15.1" cocos2d_y="-170.9" kX="-4.68" kY="-4.68" cX="1" cY="1" pX="0" pY="0" z="12" dI="0" dr="3"/>
          <f x="-15.1" y="-170.9" cocos2d_x="-15.1" cocos2d_y="-170.9" kX="-4.68" kY="-4.68" cX="1" cY="1" pX="0" pY="0" z="12" dI="1" dr="2"/>
          <f x="-15.1" y="-170.9" cocos2d_x="-15.1" cocos2d_y="-170.9" kX="-4.68" kY="-4.68" cX="1" cY="1" pX="0" pY="0" z="12" dI="2" dr="3"/>
          <f x="-15.1" y="-170.9" cocos2d_x="-15.1" cocos2d_y="-170.9" kX="-4.68" kY="-4.68" cX="1" cY="1" pX="0" pY="0" z="12" dI="3" dr="2"/>
          <f x="-15.1" y="-170.9" cocos2d_x="-15.1" cocos2d_y="-170.9" kX="-4.68" kY="-4.68" cX="1" cY="1" pX="0" pY="0" z="12" dI="4" dr="2"/>
          <f x="-15.1" y="-170.9" cocos2d_x="-15.1" cocos2d_y="-170.9" kX="-4.68" kY="-4.68" cX="1" cY="1" pX="0" pY="0" z="12" dI="5" dr="2"/>
          <f x="-15.1" y="-170.9" cocos2d_x="-15.1" cocos2d_y="-170.9" kX="-4.68" kY="-4.68" cX="1" cY="1" pX="0" pY="0" z="12" dI="0" dr="3"/>
          <f x="-15.1" y="-170.9" cocos2d_x="-15.1" cocos2d_y="-170.9" kX="-4.68" kY="-4.68" cX="1" cY="1" pX="0" pY="0" z="12" dI="1" dr="2"/>
          <f x="-15.25" y="-170.85" cocos2d_x="-15.25" cocos2d_y="-170.85" kX="-3.98" kY="-3.98" cX="1" cY="1" pX="0" pY="0" z="12" dI="2" twE="0" dr="3"/>
          <f x="-7.35" y="-173.25" cocos2d_x="-7.35" cocos2d_y="-173.25" kX="0.84" kY="0.84" cX="1" cY="1" pX="0" pY="0" z="12" dI="3" twE="0" dr="2"/>
          <f x="-2.25" y="-174.8" cocos2d_x="-2.25" cocos2d_y="-174.8" kX="4.85" kY="4.85" cX="1" cY="1" pX="0" pY="0" z="12" dI="4" twE="0" dr="2"/>
          <f x="-1.3" y="-175.15" cocos2d_x="-1.3" cocos2d_y="-175.15" kX="6.14" kY="6.14" cX="1" cY="1" pX="0" pY="0" z="12" dI="5" twE="0" dr="2"/>
          <f x="-0.35" y="-175.55" cocos2d_x="-0.35" cocos2d_y="-175.55" kX="7.19" kY="7.19" cX="1" cY="1" pX="0" pY="0" z="12" dI="0" dr="1"/>
          <f x="0.25" y="-175.55" cocos2d_x="0.25" cocos2d_y="-175.55" kX="7.19" kY="7.19" cX="1" cY="1" pX="0" pY="0" z="12" dI="0" dr="3"/>
          <f x="0.25" y="-175.5" cocos2d_x="0.25" cocos2d_y="-175.5" kX="7.21" kY="7.21" cX="1" cY="1" pX="0" pY="0" z="12" dI="1" dr="2"/>
          <f x="0.25" y="-175.5" cocos2d_x="0.25" cocos2d_y="-175.5" kX="7.21" kY="7.21" cX="1" cY="1" pX="0" pY="0" z="12" dI="2" dr="3"/>
          <f x="0.25" y="-175.5" cocos2d_x="0.25" cocos2d_y="-175.5" kX="7.21" kY="7.21" cX="1" cY="1" pX="0" pY="0" z="12" dI="3" dr="2"/>
          <f x="0.25" y="-175.5" cocos2d_x="0.25" cocos2d_y="-175.5" kX="7.21" kY="7.21" cX="1" cY="1" pX="0" pY="0" z="12" dI="4" dr="2"/>
          <f x="0.25" y="-175.5" cocos2d_x="0.25" cocos2d_y="-175.5" kX="7.21" kY="7.21" cX="1" cY="1" pX="0" pY="0" z="12" dI="5" dr="2"/>
          <f x="0.25" y="-175.5" cocos2d_x="0.25" cocos2d_y="-175.5" kX="7.21" kY="7.21" cX="1" cY="1" pX="0" pY="0" z="12" dI="0" dr="3"/>
          <f x="0.25" y="-175.5" cocos2d_x="0.25" cocos2d_y="-175.5" kX="7.21" kY="7.21" cX="1" cY="1" pX="0" pY="0" z="12" dI="1" dr="2"/>
          <f x="0.25" y="-175.5" cocos2d_x="0.25" cocos2d_y="-175.5" kX="7.21" kY="7.21" cX="1" cY="1" pX="0" pY="0" z="12" dI="2" dr="3"/>
          <f x="0.25" y="-175.5" cocos2d_x="0.25" cocos2d_y="-175.5" kX="7.21" kY="7.21" cX="1" cY="1" pX="0" pY="0" z="12" dI="3" dr="2"/>
          <f x="0.25" y="-175.5" cocos2d_x="0.25" cocos2d_y="-175.5" kX="7.21" kY="7.21" cX="1" cY="1" pX="0" pY="0" z="12" dI="4" dr="2"/>
          <f x="0.25" y="-175.5" cocos2d_x="0.25" cocos2d_y="-175.5" kX="7.21" kY="7.21" cX="1" cY="1" pX="0" pY="0" z="12" dI="5" dr="2"/>
          <f x="0.25" y="-175.5" cocos2d_x="0.25" cocos2d_y="-175.5" kX="7.21" kY="7.21" cX="1" cY="1" pX="0" pY="0" z="12" dI="0" dr="3"/>
          <f x="0.25" y="-175.5" cocos2d_x="0.25" cocos2d_y="-175.5" kX="7.21" kY="7.21" cX="1" cY="1" pX="0" pY="0" z="12" dI="1" dr="2"/>
          <f x="0.25" y="-175.5" cocos2d_x="0.25" cocos2d_y="-175.5" kX="7.21" kY="7.21" cX="1" cY="1" pX="0" pY="0" z="12" dI="2" dr="3"/>
          <f x="0.25" y="-175.5" cocos2d_x="0.25" cocos2d_y="-175.5" kX="7.21" kY="7.21" cX="1" cY="1" pX="0" pY="0" z="12" dI="3" dr="2"/>
          <f x="0.25" y="-175.5" cocos2d_x="0.25" cocos2d_y="-175.5" kX="7.21" kY="7.21" cX="1" cY="1" pX="0" pY="0" z="12" dI="4" dr="2"/>
          <f x="0.3" y="-175.5" cocos2d_x="0.3" cocos2d_y="-175.5" kX="7.85" kY="7.85" cX="1" cY="1" pX="0" pY="0" z="12" dI="5" dr="2"/>
          <f x="-3.35" y="-173.6" cocos2d_x="-3.35" cocos2d_y="-173.6" kX="3.38" kY="3.38" cX="1" cY="1" pX="0" pY="0" z="12" dI="0" dr="3"/>
          <f x="-8.45" y="-170.9" cocos2d_x="-8.45" cocos2d_y="-170.9" kX="-2.61" kY="-2.61" cX="1" cY="1" pX="0" pY="0" z="12" dI="1" dr="2"/>
          <f x="-9.25" y="-170.4" cocos2d_x="-9.25" cocos2d_y="-170.4" kX="-4.03" kY="-4.03" cX="1" cY="1" pX="0" pY="0" z="12" dI="2" dr="2"/>
          <f x="-10.3" y="-170.05" cocos2d_x="-10.3" cocos2d_y="-170.05" kX="-4.74" kY="-4.74" cX="1" cY="1" pX="0" pY="0" z="12" dI="1" dr="1"/>
          <f x="-10.2" y="-170.05" cocos2d_x="-10.2" cocos2d_y="-170.05" kX="-4.03" kY="-4.03" cX="1" cY="1" pX="0" pY="0" z="12" dI="2" dr="3"/>
          <f x="-10.1" y="-170.05" cocos2d_x="-10.1" cocos2d_y="-170.05" kX="-5.22" kY="-5.22" cX="1" cY="1" pX="0" pY="0" z="12" dI="3" dr="2"/>
          <f x="-10.1" y="-170.05" cocos2d_x="-10.1" cocos2d_y="-170.05" kX="-5.22" kY="-5.22" cX="1" cY="1" pX="0" pY="0" z="12" dI="4" dr="2"/>
          <f x="-10.1" y="-170.05" cocos2d_x="-10.1" cocos2d_y="-170.05" kX="-5.22" kY="-5.22" cX="1" cY="1" pX="0" pY="0" z="12" dI="5" dr="2"/>
          <f x="-10.1" y="-170.05" cocos2d_x="-10.1" cocos2d_y="-170.05" kX="-5.22" kY="-5.22" cX="1" cY="1" pX="0" pY="0" z="12" dI="0" dr="3"/>
          <f x="-10.1" y="-170.05" cocos2d_x="-10.1" cocos2d_y="-170.05" kX="-5.22" kY="-5.22" cX="1" cY="1" pX="0" pY="0" z="12" dI="1" dr="2"/>
          <f x="-10.1" y="-170.05" cocos2d_x="-10.1" cocos2d_y="-170.05" kX="-5.22" kY="-5.22" cX="1" cY="1" pX="0" pY="0" z="12" dI="2" dr="3"/>
          <f x="-10.1" y="-170.05" cocos2d_x="-10.1" cocos2d_y="-170.05" kX="-5.22" kY="-5.22" cX="1" cY="1" pX="0" pY="0" z="12" dI="3" dr="2"/>
          <f x="-10.1" y="-170.05" cocos2d_x="-10.1" cocos2d_y="-170.05" kX="-5.22" kY="-5.22" cX="1" cY="1" pX="0" pY="0" z="12" dI="4" dr="2"/>
          <f x="-10.1" y="-170.05" cocos2d_x="-10.1" cocos2d_y="-170.05" kX="-5.22" kY="-5.22" cX="1" cY="1" pX="0" pY="0" z="12" dI="5" dr="2"/>
          <f x="-10.3" y="-170" cocos2d_x="-10.3" cocos2d_y="-170" kX="-4.8" kY="-4.8" cX="1" cY="1" pX="0" pY="0" z="12" dI="0" twE="0" dr="2"/>
          <f x="-8.3" y="-171.75" cocos2d_x="-8.3" cocos2d_y="-171.75" kX="-3.08" kY="-3.08" cX="1" cY="1" pX="0" pY="0" z="12" dI="1" twE="0" dr="2"/>
          <f x="-4.9" y="-175.15" cocos2d_x="-4.9" cocos2d_y="-175.15" kX="0.13" kY="0.13" cX="1" cY="1" pX="0" pY="0" z="12" dI="2" dr="1"/>
          <f x="-5.6" y="-174.25" cocos2d_x="-5.6" cocos2d_y="-174.25" kX="-0.87" kY="-0.87" cX="1" cY="1" pX="0" pY="0" z="12" dI="2" dr="1"/>
          <f x="-4.9" y="-175.15" cocos2d_x="-4.9" cocos2d_y="-175.15" kX="0.13" kY="0.13" cX="1" cY="1" pX="0" pY="0" z="12" dI="5" dr="2"/>
          <f x="-4.9" y="-175.15" cocos2d_x="-4.9" cocos2d_y="-175.15" kX="0.13" kY="0.13" cX="1" cY="1" pX="0" pY="0" z="12" dI="0" dr="2"/>
          <f x="-4.9" y="-175.15" cocos2d_x="-4.9" cocos2d_y="-175.15" kX="0.13" kY="0.13" cX="1" cY="1" pX="0" pY="0" z="12" dI="1" dr="2"/>
          <f x="-4.9" y="-175.15" cocos2d_x="-4.9" cocos2d_y="-175.15" kX="0.13" kY="0.13" cX="1" cY="1" pX="0" pY="0" z="12" dI="2" dr="3"/>
          <f x="-4.9" y="-175.15" cocos2d_x="-4.9" cocos2d_y="-175.15" kX="0.13" kY="0.13" cX="1" cY="1" pX="0" pY="0" z="12" dI="3" dr="3"/>
        </b>
        <b name="nh_yan" sc="1" dl="0">
          <f x="-8.85" y="-206.7" cocos2d_x="-8.8" cocos2d_y="-206.65" kX="0" kY="0" cX="1" cY="1" pX="-0.05" pY="-0.05" z="13" dI="0" dr="10"/>
          <f x="-8.85" y="-206.7" cocos2d_x="-8.8" cocos2d_y="-206.65" kX="0" kY="0" cX="1" cY="1" pX="-0.05" pY="-0.05" z="13" dI="0" twE="0" dr="3"/>
          <f x="-4.1" y="-206.85" cocos2d_x="-4.05" cocos2d_y="-206.8" kX="2.05" kY="2.05" cX="1" cY="1" pX="-0.05" pY="-0.05" z="13" dI="0" twE="0" dr="3"/>
          <f x="-2.5" y="-206.9" cocos2d_x="-2.45" cocos2d_y="-206.85" kX="2.95" kY="2.95" cX="1" cY="1" pX="-0.05" pY="-0.05" z="13" dI="0" twE="0" dr="4"/>
          <f x="-21.6" y="-202.05" cocos2d_x="-21.55" cocos2d_y="-202" kX="-4.7" kY="-4.7" cX="1" cY="1" pX="-0.05" pY="-0.05" z="13" dI="0" dr="14"/>
          <f x="-21.6" y="-202.05" cocos2d_x="-21.55" cocos2d_y="-202" kX="-4.7" kY="-4.7" cX="1" cY="1" pX="-0.05" pY="-0.05" z="13" dI="1" dr="2"/>
          <f x="-21.6" y="-202.05" cocos2d_x="-21.55" cocos2d_y="-202" kX="-4.7" kY="-4.7" cX="1" cY="1" pX="-0.05" pY="-0.05" z="13" dI="3" dr="3"/>
          <f x="-21.6" y="-202.05" cocos2d_x="-21.55" cocos2d_y="-202" kX="-4.7" kY="-4.7" cX="1" cY="1" pX="-0.05" pY="-0.05" z="13" dI="1" dr="2"/>
          <f x="-21.6" y="-202.05" cocos2d_x="-21.55" cocos2d_y="-202" kX="-4.7" kY="-4.7" cX="1" cY="1" pX="-0.05" pY="-0.05" z="13" dI="0" dr="9"/>
          <f x="-21.6" y="-202.05" cocos2d_x="-21.55" cocos2d_y="-202" kX="-4.7" kY="-4.7" cX="1" cY="1" pX="-0.05" pY="-0.05" z="13" dI="0" twE="0" dr="5"/>
          <f x="-3.4" y="-206.4" cocos2d_x="-3.35" cocos2d_y="-206.35" kX="5.06" kY="5.06" cX="1" cY="1" pX="-0.05" pY="-0.05" z="13" dI="0" twE="0" dr="5"/>
          <f x="0.25" y="-207.3" cocos2d_x="0.3" cocos2d_y="-207.25" kX="7.21" kY="7.21" cX="1" cY="1" pX="-0.05" pY="-0.05" z="13" dI="0" dr="14"/>
          <f x="0.25" y="-207.3" cocos2d_x="0.3" cocos2d_y="-207.25" kX="7.21" kY="7.21" cX="1" cY="1" pX="-0.05" pY="-0.05" z="13" dI="1" dr="2"/>
          <f x="0.25" y="-207.3" cocos2d_x="0.3" cocos2d_y="-207.25" kX="7.21" kY="7.21" cX="1" cY="1" pX="-0.05" pY="-0.05" z="13" dI="3" dr="3"/>
          <f x="0.25" y="-207.3" cocos2d_x="0.3" cocos2d_y="-207.25" kX="7.21" kY="7.21" cX="1" cY="1" pX="-0.05" pY="-0.05" z="13" dI="1" dr="2"/>
          <f x="0.25" y="-207.3" cocos2d_x="0.3" cocos2d_y="-207.25" kX="7.21" kY="7.21" cX="1" cY="1" pX="-0.05" pY="-0.05" z="13" dI="0" dr="19"/>
          <f x="0.25" y="-207.3" cocos2d_x="0.3" cocos2d_y="-207.25" kX="7.21" kY="7.21" cX="1" cY="1" pX="-0.05" pY="-0.05" z="13" dI="0" twE="0" dr="5"/>
          <f x="-13.9" y="-202.25" cocos2d_x="-13.8" cocos2d_y="-202.2" kX="-2.76" kY="-2.76" cX="1" cY="1" pX="-0.1" pY="-0.05" z="13" dI="0" twE="0" dr="4"/>
          <f x="-16.75" y="-201.2" cocos2d_x="-16.7" cocos2d_y="-201.15" kX="-4.77" kY="-4.77" cX="1" cY="1" pX="0" pY="-0.05" z="13" dI="0" dr="13"/>
          <f x="-16.75" y="-201.2" cocos2d_x="-16.7" cocos2d_y="-201.15" kX="-4.77" kY="-4.77" cX="1" cY="1" pX="0" pY="-0.05" z="13" dI="1" dr="2"/>
          <f x="-16.75" y="-201.2" cocos2d_x="-16.7" cocos2d_y="-201.15" kX="-4.77" kY="-4.77" cX="1" cY="1" pX="0" pY="-0.05" z="13" dI="3" dr="3"/>
          <f x="-16.75" y="-201.2" cocos2d_x="-16.7" cocos2d_y="-201.15" kX="-4.77" kY="-4.77" cX="1" cY="1" pX="0" pY="-0.05" z="13" dI="1" dr="2"/>
          <f x="-16.75" y="-201.2" cocos2d_x="-16.7" cocos2d_y="-201.15" kX="-4.77" kY="-4.77" cX="1" cY="1" pX="0" pY="-0.05" z="13" dI="0" dr="4"/>
          <f x="-16.75" y="-201.2" cocos2d_x="-16.7" cocos2d_y="-201.15" kX="-4.77" kY="-4.77" cX="1" cY="1" pX="0" pY="-0.05" z="13" dI="0" twE="0" dr="6"/>
          <f x="-8.85" y="-206.7" cocos2d_x="-8.8" cocos2d_y="-206.65" kX="0" kY="0" cX="1" cY="1" pX="-0.05" pY="-0.05" z="13" dI="0" dr="12"/>
        </b>
      </mov>
    </animation>
  </animations>
  <TextureAtlas name="npc_g" width="256" height="512">
    <SubTexture name="nh_yan2" width="70" height="26" cocos2d_pX="34.15" cocos2d_pY="9.55" x="0" y="214"/>
    <SubTexture name="nh_yan3" width="70" height="26" cocos2d_pX="34.15" cocos2d_pY="9.55" x="0" y="242"/>
    <SubTexture name="nh_yan1" width="70" height="29" cocos2d_pX="34.65" cocos2d_pY="13.25" x="113" y="211"/>
    <SubTexture name="nh_yan" width="70" height="31" cocos2d_pX="34.75" cocos2d_pY="15.05" x="0" y="181"/>
    <SubTexture name="z6" width="10" height="12" cocos2d_pX="4.9" cocos2d_pY="2.35" x="238" y="0"/>
    <SubTexture name="z5" width="26" height="16" cocos2d_pX="12.35" cocos2d_pY="5.4" x="172" y="177"/>
    <SubTexture name="z4" width="23" height="10" cocos2d_pX="9.6" cocos2d_pY="3.3" x="172" y="195"/>
    <SubTexture name="z3" width="24" height="6" cocos2d_pX="9.75" cocos2d_pY="2.35" x="113" y="202"/>
    <SubTexture name="z2" width="22" height="10" cocos2d_pX="8.6" cocos2d_pY="3.75" x="140" y="199"/>
    <SubTexture name="z1" width="25" height="14" cocos2d_pX="11.45" cocos2d_pY="4.75" x="113" y="186"/>
    <SubTexture name="nh_tou " width="141" height="143" cocos2d_pX="69.7" cocos2d_pY="70.85" x="0" y="0"/>
    <SubTexture name="nh_gebo1" width="27" height="31" cocos2d_pX="12.6" cocos2d_pY="14.9" x="143" y="166"/>
    <SubTexture name="nh_shen" width="63" height="89" cocos2d_pX="31" cocos2d_pY="43.85" x="143" y="0"/>
    <SubTexture name="nh_gebo2" width="27" height="35" cocos2d_pX="12.85" cocos2d_pY="16.9" x="172" y="140"/>
    <SubTexture name="nh_gebo4" width="18" height="47" cocos2d_pX="8" cocos2d_pY="23.25" x="172" y="91"/>
    <SubTexture name="nh_gebo5" width="18" height="39" cocos2d_pX="8.3" cocos2d_pY="19.1" x="123" y="145"/>
    <SubTexture name="nh_ku1" width="43" height="45" cocos2d_pX="20.75" cocos2d_pY="21.9" x="201" y="165"/>
    <SubTexture name="nh_ku2" width="39" height="43" cocos2d_pX="18.65" cocos2d_pY="20.85" x="72" y="181"/>
    <SubTexture name="nh_gebo3" width="27" height="73" cocos2d_pX="12.8" cocos2d_pY="35.9" x="143" y="91"/>
    <SubTexture name="nh_tui1" width="28" height="79" cocos2d_pX="13.5" cocos2d_pY="39.15" x="208" y="84"/>
    <SubTexture name="nh_tui2" width="28" height="82" cocos2d_pX="13.4" cocos2d_pY="40.25" x="208" y="0"/>
    <SubTexture name="ying4" width="121" height="34" cocos2d_pX="0" cocos2d_pY="0" x="0" y="145"/>
  </TextureAtlas>
</skeleton>