<skeleton name="npc_i" frameRate="24" version="2.2">
  <armatures>
    <armature name="nan2">
      <b name="ying" x="5.3" y="-5.55" kX="0" kY="0" cX="0.7" cY="0.77" pX="60.55" pY="16.2" z="0">
        <d name="ying" pX="0" pY="0"/>
      </b>
      <b name="nan2_tui2" x="-3.8" y="-6.25" kX="0" kY="0" cX="1" cY="1" pX="1.1" pY="58.4" z="1">
        <d name="nan2_tui2" pX="25.9" pY="63.55"/>
      </b>
      <b name="nans_tui" x="17.1" y="-0.15" kX="0" kY="0" cX="1" cY="1" pX="1.4" pY="62.4" z="2">
        <d name="nans_tui" pX="20.95" pY="65.65"/>
        <d name="nan2_tui1" pX="20.95" pY="65.65"/>
      </b>
      <b name="nan2_gebo3" x="-26.2" y="-200.3" kX="0" kY="0" cX="1" cY="1" pX="0.55" pY="-23.15" z="3">
        <d name="nan2_gebo33" pX="15.9" pY="27.25"/>
        <d name="nan2_gebo4" pX="15.9" pY="27.25"/>
      </b>
      <b name="nan2_gebo4" x="-32.75" y="-149.95" kX="0" kY="0" cX="1" cY="1" pX="16.35" pY="23.5" z="4">
        <d name="nan2_gebo44" pX="18.65" pY="27.45"/>
        <d name="nan2_gebo3" pX="18.65" pY="27.45"/>
      </b>
      <b name="nan2_shen" x="-6.75" y="-115.55" kX="0" kY="0" cX="1" cY="1" pX="-11.55" pY="54.2" z="5">
        <d name="nan2_shen" pX="36.95" pY="57.65"/>
      </b>
      <b name="nan2_tou" x="-1.6" y="-216.4" kX="0" kY="0" cX="1" cY="1" pX="-1.6" pY="76.9" z="6">
        <d name="nan2_tou" pX="75.35" pY="81.1"/>
      </b>
      <b name="nan2_gebo2" x="39.6" y="-202.7" kX="0" kY="0" cX="1" cY="1" pX="-7.2" pY="-25.9" z="7">
        <d name="nan2_gebo2" pX="17.1" pY="26.7"/>
      </b>
      <b name="nan2_gebo" x="52.55" y="-163.75" kX="0" kY="0" cX="1" cY="1" pX="12.8" pY="-18.65" z="8">
        <d name="nan2_gebo" pX="24.1" pY="23.95"/>
      </b>
      <b name="nan2_sao" x="18.6" y="-140.35" kX="-42.86" kY="-42.86" cX="1" cY="1" pX="-0.05" pY="-0.05" z="9">
        <d name="nan2_sao" pX="42.2" pY="154"/>
      </b>
      <b name="nan2_shou2" x="30.1" y="-137.75" kX="0" kY="0" cX="1" cY="1" pX="11.05" pY="-6.3" z="10">
        <d name="nan2_shou2" pX="16.9" pY="16.05"/>
      </b>
      <b name="nan2_shou" x="-56.25" y="-193.3" kX="0" kY="0" cX="1" cY="1" pX="-2.05" pY="14.5" z="11">
        <d name="nan2_shou" pX="16.5" pY="18.45"/>
      </b>
      <b name="nan2_zui" x="-3.95" y="-230.6" kX="3.95" kY="3.95" cX="1.27" cY="1.27" pX="0" pY="0" z="12">
        <d name="z1" pX="13.4" pY="4.35"/>
        <d name="z2" pX="13.4" pY="5.1"/>
        <d name="z3" pX="15.15" pY="6.6"/>
        <d name="z4" pX="8.2" pY="2.1"/>
        <d name="z5" pX="14.55" pY="5.8"/>
        <d name="z6" pX="13.4" pY="5.1"/>
      </b>
      <b name="nan2_yan2" x="-9" y="-276.2" kX="0" kY="0" cX="1" cY="1" pX="-0.05" pY="0" z="13">
        <d name="nan2_yan12" pX="42.75" pY="18.6"/>
        <d name="nan2_yan13" pX="42.75" pY="17.4"/>
        <d name="nan2_yan14" pX="42.75" pY="17.4"/>
        <d name="nan2_yan15" pX="42.75" pY="17.4"/>
        <d name="nan2_yan" pX="42.75" pY="18.6"/>
        <d name="nan2_yan1" pX="42.75" pY="17.4"/>
        <d name="nan2_yan2" pX="42.75" pY="17.4"/>
        <d name="nan2_yan3" pX="42.75" pY="17.4"/>
      </b>
    </armature>
  </armatures>
  <animations>
    <animation name="nan2">
      <mov name="idle" dr="29" to="6" drTW="29" lp="1" twE="NaN">
        <b name="ying" sc="1" dl="0">
          <f x="5.3" y="-5.55" cocos2d_x="-36.85" cocos2d_y="-17.95" kX="0" kY="0" cX="0.7" cY="0.77" pX="60.55" pY="16.2" z="0" dI="0" twE="0" dr="14">
            <colorTransform a="0" r="0" g="0" b="0" aM="50" rM="100" gM="100" bM="100"/>
          </f>
          <f x="5.3" y="-5.55" cocos2d_x="-36.85" cocos2d_y="-17.95" kX="0" kY="0" cX="0.7" cY="0.77" pX="60.55" pY="16.2" z="0" dI="0" twE="0" dr="14">
            <colorTransform a="0" r="0" g="0" b="0" aM="50" rM="100" gM="100" bM="100"/>
          </f>
          <f x="5.3" y="-5.55" cocos2d_x="-36.85" cocos2d_y="-17.95" kX="0" kY="0" cX="0.7" cY="0.77" pX="60.55" pY="16.2" z="0" dI="0" dr="1">
            <colorTransform a="0" r="0" g="0" b="0" aM="50" rM="100" gM="100" bM="100"/>
          </f>
        </b>
        <b name="nan2_tui2" sc="1" dl="0">
          <f x="-3.8" y="-6.25" cocos2d_x="-4.9" cocos2d_y="-64.65" kX="0" kY="0" cX="1" cY="1" pX="1.1" pY="58.4" z="1" dI="0" twE="0" dr="12"/>
          <f x="-3.75" y="-6.5" cocos2d_x="-4" cocos2d_y="-65.8" kX="0.79" kY="0.26" cX="1" cY="1.02" pX="1.05" pY="58.4" z="1" dI="0" twE="0" dr="2"/>
          <f x="-3.75" y="-6.5" cocos2d_x="-3.85" cocos2d_y="-65.65" kX="1" kY="0.29" cX="1" cY="1.02" pX="1.15" pY="58.2" z="1" dI="0" twE="0" dr="12"/>
          <f x="-3.8" y="-6.25" cocos2d_x="-4.9" cocos2d_y="-64.5" kX="0.02" kY="0.01" cX="1" cY="1" pX="1.1" pY="58.2" z="1" dI="0" twE="0" dr="2"/>
          <f x="-3.8" y="-6.25" cocos2d_x="-4.9" cocos2d_y="-64.65" kX="0" kY="0" cX="1" cY="1" pX="1.1" pY="58.4" z="1" dI="0" dr="1"/>
        </b>
        <b name="nans_tui" sc="1" dl="0">
          <f x="17.1" y="-0.15" cocos2d_x="15.7" cocos2d_y="-62.55" kX="0" kY="0" cX="1" cY="1" pX="1.4" pY="62.4" z="2" dI="0" twE="0" dr="12"/>
          <f x="17.05" y="-0.2" cocos2d_x="15.95" cocos2d_y="-63.3" kX="0.28" kY="0.28" cX="1" cY="1.01" pX="1.4" pY="62.45" z="2" dI="0" twE="0" dr="2"/>
          <f x="17.05" y="-0.2" cocos2d_x="16.1" cocos2d_y="-63.3" kX="0.39" kY="0.39" cX="1" cY="1.01" pX="1.4" pY="62.4" z="2" dI="0" twE="0" dr="12"/>
          <f x="17.05" y="-0.15" cocos2d_x="15.7" cocos2d_y="-62.6" kX="0.01" kY="0.01" cX="1" cY="1" pX="1.35" pY="62.4" z="2" dI="0" twE="0" dr="2"/>
          <f x="17.1" y="-0.15" cocos2d_x="15.7" cocos2d_y="-62.55" kX="0" kY="0" cX="1" cY="1" pX="1.4" pY="62.4" z="2" dI="0" dr="1"/>
        </b>
        <b name="nan2_gebo3" sc="1" dl="0">
          <f x="-26.2" y="-200.3" cocos2d_x="-26.75" cocos2d_y="-177.15" kX="0" kY="0" cX="1" cY="1" pX="0.55" pY="-23.15" z="3" dI="0" twE="0" dr="12"/>
          <f x="-23.9" y="-205.1" cocos2d_x="-25" cocos2d_y="-181.45" kX="1.27" kY="1.27" cX="0.99" cY="1.02" pX="0.6" pY="-23.1" z="3" dI="0" twE="0" dr="2"/>
          <f x="-23.75" y="-205.45" cocos2d_x="-24.85" cocos2d_y="-181.7" kX="1.45" kY="1.45" cX="0.99" cY="1.03" pX="0.5" pY="-23.15" z="3" dI="0" twE="0" dr="12"/>
          <f x="-26" y="-200.6" cocos2d_x="-26.5" cocos2d_y="-177.45" kX="0.03" kY="0.03" cX="1" cY="1" pX="0.5" pY="-23.1" z="3" dI="0" twE="0" dr="2"/>
          <f x="-26.2" y="-200.3" cocos2d_x="-26.75" cocos2d_y="-177.15" kX="0" kY="0" cX="1" cY="1" pX="0.55" pY="-23.15" z="3" dI="0" dr="1"/>
        </b>
        <b name="nan2_gebo4" sc="1" dl="0">
          <f x="-32.75" y="-149.95" cocos2d_x="-49.1" cocos2d_y="-173.45" kX="0" kY="0" cX="1" cY="1" pX="16.35" pY="23.5" z="4" dI="0" twE="0" dr="12"/>
          <f x="-31.6" y="-153.65" cocos2d_x="-47.15" cocos2d_y="-178.05" kX="1.27" kY="1.27" cX="0.99" cY="1.02" pX="16.3" pY="23.5" z="4" dI="0" twE="0" dr="2"/>
          <f x="-31.5" y="-153.95" cocos2d_x="-47" cocos2d_y="-178.5" kX="1.45" kY="1.45" cX="0.99" cY="1.03" pX="16.4" pY="23.5" z="4" dI="0" twE="0" dr="12"/>
          <f x="-32.65" y="-150.25" cocos2d_x="-49" cocos2d_y="-173.8" kX="0.03" kY="0.03" cX="1" cY="1" pX="16.4" pY="23.55" z="4" dI="0" twE="0" dr="2"/>
          <f x="-32.75" y="-149.95" cocos2d_x="-49.1" cocos2d_y="-173.45" kX="0" kY="0" cX="1" cY="1" pX="16.35" pY="23.5" z="4" dI="0" dr="1"/>
        </b>
        <b name="nan2_shen" sc="1" dl="0">
          <f x="-6.75" y="-115.55" cocos2d_x="4.8" cocos2d_y="-169.75" kX="0" kY="0" cX="1" cY="1" pX="-11.55" pY="54.2" z="5" dI="0" twE="0" dr="12"/>
          <f x="-6.75" y="-117.85" cocos2d_x="5.85" cocos2d_y="-173.1" kX="1.27" kY="1.27" cX="0.99" cY="1.02" pX="-11.55" pY="54.25" z="5" dI="0" twE="0" dr="2"/>
          <f x="-6.8" y="-118" cocos2d_x="6" cocos2d_y="-173.3" kX="1.45" kY="1.45" cX="0.99" cY="1.03" pX="-11.55" pY="54.2" z="5" dI="0" twE="0" dr="12"/>
          <f x="-6.7" y="-115.75" cocos2d_x="4.85" cocos2d_y="-170.05" kX="0.03" kY="0.03" cX="1" cY="1" pX="-11.5" pY="54.2" z="5" dI="0" twE="0" dr="2"/>
          <f x="-6.75" y="-115.55" cocos2d_x="4.8" cocos2d_y="-169.75" kX="0" kY="0" cX="1" cY="1" pX="-11.55" pY="54.2" z="5" dI="0" dr="1"/>
        </b>
        <b name="nan2_tou" sc="1" dl="0">
          <f x="-1.6" y="-216.4" cocos2d_x="0" cocos2d_y="-293.3" kX="0" kY="0" cX="1" cY="1" pX="-1.6" pY="76.9" z="6" dI="0" twE="0" dr="12"/>
          <f x="1.3" y="-220.45" cocos2d_x="7.3" cocos2d_y="-297.1" kX="3.28" kY="3.28" cX="1" cY="1" pX="-1.65" pY="76.85" z="6" dI="0" twE="0" dr="2"/>
          <f x="1.5" y="-220.75" cocos2d_x="8" cocos2d_y="-297.4" kX="3.64" kY="3.64" cX="1" cY="1" pX="-1.6" pY="76.9" z="6" dI="0" twE="0" dr="12"/>
          <f x="-1.4" y="-216.75" cocos2d_x="0.6" cocos2d_y="-293.65" kX="0.25" kY="0.25" cX="1" cY="1" pX="-1.65" pY="76.9" z="6" dI="0" twE="0" dr="2"/>
          <f x="-1.6" y="-216.4" cocos2d_x="0" cocos2d_y="-293.3" kX="0" kY="0" cX="1" cY="1" pX="-1.6" pY="76.9" z="6" dI="0" dr="1"/>
        </b>
        <b name="nan2_gebo2" sc="1" dl="0">
          <f x="39.6" y="-202.7" cocos2d_x="46.8" cocos2d_y="-176.8" kX="0" kY="0" cX="1" cY="1" pX="-7.2" pY="-25.9" z="7" dI="0" twE="0" dr="12"/>
          <f x="41" y="-206.05" cocos2d_x="47.5" cocos2d_y="-179.35" kX="1.27" kY="1.27" cX="0.99" cY="1.02" pX="-7.2" pY="-25.9" z="7" dI="0" twE="0" dr="2"/>
          <f x="41.15" y="-206.25" cocos2d_x="47.5" cocos2d_y="-179.55" kX="1.45" kY="1.45" cX="0.99" cY="1.03" pX="-7.15" pY="-25.85" z="7" dI="0" twE="0" dr="12"/>
          <f x="39.7" y="-202.95" cocos2d_x="46.85" cocos2d_y="-177.05" kX="0.03" kY="0.03" cX="1" cY="1" pX="-7.15" pY="-25.85" z="7" dI="0" twE="0" dr="2"/>
          <f x="39.6" y="-202.7" cocos2d_x="46.8" cocos2d_y="-176.8" kX="0" kY="0" cX="1" cY="1" pX="-7.2" pY="-25.9" z="7" dI="0" dr="1"/>
        </b>
        <b name="nan2_gebo" sc="1" dl="0">
          <f x="52.55" y="-163.75" cocos2d_x="39.75" cocos2d_y="-145.1" kX="0" kY="0" cX="1" cY="1" pX="12.8" pY="-18.65" z="8" dI="0" twE="0" dr="12"/>
          <f x="52.85" y="-165.8" cocos2d_x="41.2" cocos2d_y="-146.15" kX="-2.77" kY="-2.77" cX="0.99" cY="1.02" pX="12.75" pY="-18.65" z="8" dI="0" twE="0" dr="2"/>
          <f x="52.85" y="-166" cocos2d_x="41.3" cocos2d_y="-146.25" kX="-3.06" kY="-3.07" cX="0.99" cY="1.03" pX="12.8" pY="-18.6" z="8" dI="0" twE="0" dr="12"/>
          <f x="52.65" y="-163.95" cocos2d_x="39.9" cocos2d_y="-145.25" kX="-0.05" kY="-0.06" cX="1" cY="1" pX="12.75" pY="-18.65" z="8" dI="0" twE="0" dr="2"/>
          <f x="52.55" y="-163.75" cocos2d_x="39.75" cocos2d_y="-145.1" kX="0" kY="0" cX="1" cY="1" pX="12.8" pY="-18.65" z="8" dI="0" dr="1"/>
        </b>
        <b name="nan2_sao" sc="1" dl="0">
          <f x="18.6" y="-140.35" cocos2d_x="18.65" cocos2d_y="-140.4" kX="-42.86" kY="-42.86" cX="1" cY="1" pX="-0.05" pY="-0.05" z="9" dI="0" twE="0" dr="12"/>
          <f x="19.65" y="-141.8" cocos2d_x="19.7" cocos2d_y="-141.85" kX="-40.85" kY="-40.85" cX="1" cY="1" pX="-0.1" pY="-0.05" z="9" dI="0" twE="0" dr="2"/>
          <f x="19.75" y="-141.85" cocos2d_x="19.8" cocos2d_y="-141.9" kX="-40.68" kY="-40.68" cX="1" cY="1" pX="-0.05" pY="-0.05" z="9" dI="0" twE="0" dr="12"/>
          <f x="18.7" y="-140.45" cocos2d_x="18.75" cocos2d_y="-140.5" kX="-42.64" kY="-42.64" cX="1" cY="1" pX="0" pY="0.05" z="9" dI="0" twE="0" dr="2"/>
          <f x="18.6" y="-140.35" cocos2d_x="18.65" cocos2d_y="-140.4" kX="-42.86" kY="-42.86" cX="1" cY="1" pX="-0.05" pY="-0.05" z="9" dI="0" dr="1"/>
        </b>
        <b name="nan2_shou2" sc="1" dl="0">
          <f x="30.1" y="-137.75" cocos2d_x="19.05" cocos2d_y="-131.45" kX="0" kY="0" cX="1" cY="1" pX="11.05" pY="-6.3" z="10" dI="0" twE="0" dr="12"/>
          <f x="31.45" y="-136.85" cocos2d_x="20.8" cocos2d_y="-130" kX="-2.28" kY="-2.28" cX="0.99" cY="1.02" pX="11" pY="-6.3" z="10" dI="0" twE="0" dr="2"/>
          <f x="31.55" y="-136.8" cocos2d_x="20.95" cocos2d_y="-129.95" kX="-2.54" kY="-2.54" cX="0.99" cY="1.03" pX="11.05" pY="-6.2" z="10" dI="0" twE="0" dr="12"/>
          <f x="30.2" y="-137.75" cocos2d_x="19.15" cocos2d_y="-131.5" kX="-0.05" kY="-0.05" cX="1" cY="1" pX="11.1" pY="-6.25" z="10" dI="0" twE="0" dr="2"/>
          <f x="30.1" y="-137.75" cocos2d_x="19.05" cocos2d_y="-131.45" kX="0" kY="0" cX="1" cY="1" pX="11.05" pY="-6.3" z="10" dI="0" dr="1"/>
        </b>
        <b name="nan2_shou" sc="1" dl="0">
          <f x="-56.25" y="-193.3" cocos2d_x="-54.2" cocos2d_y="-207.8" kX="0" kY="0" cX="1" cY="1" pX="-2.05" pY="14.5" z="11" dI="0" twE="0" dr="12"/>
          <f x="-53.7" y="-198.6" cocos2d_x="-50.8" cocos2d_y="-213.3" kX="3.54" kY="3.54" cX="0.99" cY="1.02" pX="-2" pY="14.5" z="11" dI="0" twE="0" dr="2"/>
          <f x="-53.55" y="-199" cocos2d_x="-50.45" cocos2d_y="-213.65" kX="3.94" kY="3.94" cX="0.99" cY="1.03" pX="-2.15" pY="14.45" z="11" dI="0" twE="0" dr="12"/>
          <f x="-56.05" y="-193.75" cocos2d_x="-53.9" cocos2d_y="-208.2" kX="0.26" kY="0.26" cX="1" cY="1" pX="-2.05" pY="14.4" z="11" dI="0" twE="0" dr="2"/>
          <f x="-56.25" y="-193.3" cocos2d_x="-54.2" cocos2d_y="-207.8" kX="0" kY="0" cX="1" cY="1" pX="-2.05" pY="14.5" z="11" dI="0" dr="1"/>
        </b>
        <b name="nan2_zui" sc="1" dl="0">
          <f x="-3.95" y="-230.6" cocos2d_x="-3.95" cocos2d_y="-230.6" kX="3.95" kY="3.95" cX="1.27" cY="1.27" pX="0" pY="0" z="12" dI="0" twE="0" dr="12"/>
          <f x="-0.25" y="-234.8" cocos2d_x="-0.25" cocos2d_y="-234.8" kX="7.48" kY="7.48" cX="1.27" cY="1.27" pX="0" pY="0" z="12" dI="0" twE="0" dr="2"/>
          <f x="0.1" y="-235.15" cocos2d_x="0.1" cocos2d_y="-235.15" kX="7.26" kY="7.26" cX="1.27" cY="1.27" pX="0" pY="0" z="12" dI="0" twE="0" dr="12"/>
          <f x="-3.65" y="-230.9" cocos2d_x="-3.65" cocos2d_y="-230.9" kX="4.05" kY="4.05" cX="1.27" cY="1.27" pX="0" pY="0" z="12" dI="0" twE="0" dr="2"/>
          <f x="-3.95" y="-230.6" cocos2d_x="-3.95" cocos2d_y="-230.6" kX="3.95" kY="3.95" cX="1.27" cY="1.27" pX="0" pY="0" z="12" dI="0" dr="1"/>
        </b>
        <b name="nan2_yan2" sc="1" dl="0">
          <f x="-9" y="-276.2" cocos2d_x="-8.95" cocos2d_y="-276.2" kX="0" kY="0" cX="1" cY="1" pX="-0.05" pY="0" z="13" dI="0" twE="0" dr="6"/>
          <f x="-5.75" y="-278.4" cocos2d_x="-5.7" cocos2d_y="-278.4" kX="1.53" kY="1.53" cX="1" cY="1" pX="-0.05" pY="0" z="13" dI="1" twE="0" dr="1"/>
          <f x="-5.15" y="-278.75" cocos2d_x="-5.1" cocos2d_y="-278.75" kX="1.77" kY="1.77" cX="1" cY="1" pX="-0.05" pY="0" z="13" dI="2" twE="0" dr="2"/>
          <f x="-4.1" y="-279.5" cocos2d_x="-4.05" cocos2d_y="-279.5" kX="2.28" kY="2.28" cX="1" cY="1" pX="-0.05" pY="0" z="13" dI="3" twE="0" dr="3"/>
          <f x="-2.55" y="-280.65" cocos2d_x="-2.5" cocos2d_y="-280.65" kX="3.28" kY="3.28" cX="1" cY="1" pX="-0.05" pY="0" z="13" dI="2" twE="0" dr="2"/>
          <f x="-2.05" y="-281" cocos2d_x="-2" cocos2d_y="-280.95" kX="3.64" kY="3.64" cX="1" cY="1" pX="-0.05" pY="-0.05" z="13" dI="1" twE="0" dr="1"/>
          <f x="-2.6" y="-280.7" cocos2d_x="-2.55" cocos2d_y="-280.65" kX="3.28" kY="3.28" cX="1" cY="1" pX="-0.05" pY="-0.05" z="13" dI="0" twE="0" dr="11"/>
          <f x="-8.5" y="-276.6" cocos2d_x="-8.45" cocos2d_y="-276.55" kX="0.25" kY="0.25" cX="1" cY="1" pX="-0.05" pY="-0.05" z="13" dI="0" twE="0" dr="2"/>
          <f x="-9" y="-276.2" cocos2d_x="-8.95" cocos2d_y="-276.2" kX="0" kY="0" cX="1" cY="1" pX="-0.05" pY="0" z="13" dI="0" dr="1"/>
        </b>
      </mov>
      <mov name="shuo" dr="150" to="6" drTW="150" lp="0" twE="NaN">
        <b name="ying" sc="1" dl="0">
          <f x="5.3" y="-5.55" cocos2d_x="-36.85" cocos2d_y="-17.95" kX="0" kY="0" cX="0.7" cY="0.77" pX="60.55" pY="16.2" z="0" dI="0" dr="150">
            <colorTransform a="0" r="0" g="0" b="0" aM="50" rM="100" gM="100" bM="100"/>
          </f>
        </b>
        <b name="nan2_tui2" sc="1" dl="0">
          <f x="-3.8" y="-6.25" cocos2d_x="-4.9" cocos2d_y="-64.65" kX="0" kY="0" cX="1" cY="1" pX="1.1" pY="58.4" z="1" dI="0" dr="6"/>
          <f x="-3.8" y="-6.25" cocos2d_x="-4.9" cocos2d_y="-64.65" kX="0" kY="0" cX="1" cY="1" pX="1.1" pY="58.4" z="1" dI="0" twE="0" dr="5"/>
          <f x="-3.8" y="-6" cocos2d_x="-4.9" cocos2d_y="-62.8" kX="0" kY="0" cX="1" cY="0.97" pX="1.1" pY="58.45" z="1" dI="0" twE="0" dr="4"/>
          <f x="-3.8" y="-6" cocos2d_x="-4.9" cocos2d_y="-62.8" kX="0" kY="0" cX="1" cY="0.97" pX="1.1" pY="58.45" z="1" dI="0" dr="16"/>
          <f x="-3.8" y="-6" cocos2d_x="-4.9" cocos2d_y="-62.8" kX="0" kY="0" cX="1" cY="0.97" pX="1.1" pY="58.45" z="1" dI="0" twE="0" dr="4"/>
          <f x="-3.8" y="-5.9" cocos2d_x="-4.9" cocos2d_y="-61.6" kX="0" kY="0" cX="1" cY="0.95" pX="1.1" pY="58.35" z="1" dI="0" twE="0" dr="2"/>
          <f x="-3.8" y="-5.9" cocos2d_x="-4.9" cocos2d_y="-61.6" kX="0" kY="0" cX="1" cY="0.95" pX="1.1" pY="58.35" z="1" dI="0" twE="0" dr="5"/>
          <f x="-3.75" y="-6.25" cocos2d_x="-4.3" cocos2d_y="-64.65" kX="0.57" kY="0" cX="1" cY="1" pX="1.15" pY="58.4" z="1" dI="0" twE="0" dr="5"/>
          <f x="-3.75" y="-6.25" cocos2d_x="-4.3" cocos2d_y="-64.65" kX="0.57" kY="0" cX="1" cY="1" pX="1.15" pY="58.4" z="1" dI="0" dr="18"/>
          <f x="-3.75" y="-6.25" cocos2d_x="-4.3" cocos2d_y="-64.65" kX="0.57" kY="0" cX="1" cY="1" pX="1.15" pY="58.4" z="1" dI="0" twE="0" dr="5"/>
          <f x="-3.85" y="-6.25" cocos2d_x="-4.9" cocos2d_y="-64.65" kX="0.04" kY="0" cX="1" cY="1" pX="1.1" pY="58.4" z="1" dI="0" twE="0" dr="6"/>
          <f x="-3.75" y="-6.25" cocos2d_x="-4.3" cocos2d_y="-64.65" kX="0.57" kY="0" cX="1" cY="1" pX="1.15" pY="58.4" z="1" dI="0" twE="0" dr="5"/>
          <f x="-3.85" y="-6.25" cocos2d_x="-4.9" cocos2d_y="-64.65" kX="0.04" kY="0" cX="1" cY="1" pX="1.1" pY="58.4" z="1" dI="0" twE="0" dr="6"/>
          <f x="-3.75" y="-6.25" cocos2d_x="-4.3" cocos2d_y="-64.65" kX="0.57" kY="0" cX="1" cY="1" pX="1.15" pY="58.4" z="1" dI="0" twE="0" dr="5"/>
          <f x="-3.85" y="-6.25" cocos2d_x="-4.9" cocos2d_y="-64.65" kX="0.04" kY="0" cX="1" cY="1" pX="1.1" pY="58.4" z="1" dI="0" dr="32"/>
          <f x="-3.85" y="-6.25" cocos2d_x="-4.9" cocos2d_y="-64.65" kX="0.04" kY="0" cX="1" cY="1" pX="1.1" pY="58.4" z="1" dI="0" twE="0" dr="4"/>
          <f x="-3.85" y="-6.25" cocos2d_x="-4.9" cocos2d_y="-64.65" kX="0.04" kY="0" cX="1" cY="1" pX="1.1" pY="58.4" z="1" dI="0" dr="2"/>
          <f x="-3.85" y="-6.25" cocos2d_x="-4.9" cocos2d_y="-64.65" kX="0.04" kY="0" cX="1" cY="1" pX="1.1" pY="58.4" z="1" dI="0" twE="0" dr="4"/>
          <f x="-3.8" y="-6.25" cocos2d_x="-4.9" cocos2d_y="-64.65" kX="0" kY="0" cX="1" cY="1" pX="1.1" pY="58.4" z="1" dI="0" dr="16"/>
        </b>
        <b name="nans_tui" sc="1" dl="0">
          <f x="17.1" y="-0.15" cocos2d_x="15.7" cocos2d_y="-62.55" kX="0" kY="0" cX="1" cY="1" pX="1.4" pY="62.4" z="2" dI="1" dr="6"/>
          <f x="17.1" y="-0.15" cocos2d_x="15.7" cocos2d_y="-62.55" kX="0" kY="0" cX="1" cY="1" pX="1.4" pY="62.4" z="2" dI="1" twE="0" dr="5"/>
          <f x="17.1" y="-0.05" cocos2d_x="15.7" cocos2d_y="-60.75" kX="0" kY="0" cX="1" cY="0.97" pX="1.4" pY="62.45" z="2" dI="1" twE="0" dr="4"/>
          <f x="17.1" y="-0.05" cocos2d_x="15.7" cocos2d_y="-60.75" kX="0" kY="0" cX="1" cY="0.97" pX="1.4" pY="62.45" z="2" dI="1" dr="16"/>
          <f x="17.1" y="-0.05" cocos2d_x="15.7" cocos2d_y="-60.75" kX="0" kY="0" cX="1" cY="0.97" pX="1.4" pY="62.45" z="2" dI="1" twE="0" dr="4"/>
          <f x="17.1" y="0" cocos2d_x="15.7" cocos2d_y="-59.55" kX="0" kY="0" cX="1" cY="0.95" pX="1.4" pY="62.4" z="2" dI="1" twE="0" dr="2"/>
          <f x="17.1" y="0" cocos2d_x="15.7" cocos2d_y="-59.55" kX="0" kY="0" cX="1" cY="0.95" pX="1.4" pY="62.4" z="2" dI="1" twE="0" dr="5"/>
          <f x="17.15" y="-0.15" cocos2d_x="16.85" cocos2d_y="-62.55" kX="1.06" kY="0" cX="1" cY="1" pX="1.45" pY="62.4" z="2" dI="1" twE="0" dr="5"/>
          <f x="17.15" y="-0.15" cocos2d_x="16.85" cocos2d_y="-62.55" kX="1.06" kY="0" cX="1" cY="1" pX="1.45" pY="62.4" z="2" dI="1" dr="18"/>
          <f x="17.15" y="-0.15" cocos2d_x="16.85" cocos2d_y="-62.55" kX="1.06" kY="0" cX="1" cY="1" pX="1.45" pY="62.4" z="2" dI="1" twE="0" dr="5"/>
          <f x="17.15" y="-0.15" cocos2d_x="16.25" cocos2d_y="-62.55" kX="0.53" kY="0" cX="1" cY="1" pX="1.5" pY="62.4" z="2" dI="1" twE="0" dr="6"/>
          <f x="17.15" y="-0.15" cocos2d_x="16.85" cocos2d_y="-62.55" kX="1.06" kY="0" cX="1" cY="1" pX="1.45" pY="62.4" z="2" dI="1" twE="0" dr="5"/>
          <f x="17.15" y="-0.15" cocos2d_x="16.25" cocos2d_y="-62.55" kX="0.53" kY="0" cX="1" cY="1" pX="1.5" pY="62.4" z="2" dI="1" twE="0" dr="6"/>
          <f x="17.15" y="-0.15" cocos2d_x="16.85" cocos2d_y="-62.55" kX="1.06" kY="0" cX="1" cY="1" pX="1.45" pY="62.4" z="2" dI="1" twE="0" dr="5"/>
          <f x="17.15" y="-0.15" cocos2d_x="16.25" cocos2d_y="-62.55" kX="0.53" kY="0" cX="1" cY="1" pX="1.5" pY="62.4" z="2" dI="1" dr="32"/>
          <f x="17.15" y="-0.15" cocos2d_x="16.25" cocos2d_y="-62.55" kX="0.53" kY="0" cX="1" cY="1" pX="1.5" pY="62.4" z="2" dI="1" twE="0" dr="4"/>
          <f x="17.15" y="-0.15" cocos2d_x="16.25" cocos2d_y="-62.55" kX="0.53" kY="0" cX="1" cY="1" pX="1.5" pY="62.4" z="2" dI="1" dr="2"/>
          <f x="17.15" y="-0.15" cocos2d_x="16.25" cocos2d_y="-62.55" kX="0.53" kY="0" cX="1" cY="1" pX="1.5" pY="62.4" z="2" dI="1" twE="0" dr="4"/>
          <f x="17.1" y="-0.15" cocos2d_x="15.7" cocos2d_y="-62.55" kX="0" kY="0" cX="1" cY="1" pX="1.4" pY="62.4" z="2" dI="1" dr="16"/>
        </b>
        <b name="nan2_gebo3" sc="1" dl="0">
          <f x="-26.2" y="-200.3" cocos2d_x="-26.75" cocos2d_y="-177.15" kX="0" kY="0" cX="1" cY="1" pX="0.55" pY="-23.15" z="3" dI="1" dr="6"/>
          <f x="-26.2" y="-200.3" cocos2d_x="-26.75" cocos2d_y="-177.15" kX="0" kY="0" cX="1" cY="1" pX="0.55" pY="-23.15" z="3" dI="1" twE="0" dr="5"/>
          <f x="-34.9" y="-191.75" cocos2d_x="-32.85" cocos2d_y="-168.7" kX="-6.42" kY="-6.42" cX="1" cY="1" pX="0.55" pY="-23.15" z="3" dI="1" twE="0" dr="4"/>
          <f x="-32.35" y="-194.65" cocos2d_x="-31" cocos2d_y="-171.55" kX="-4.68" kY="-4.68" cX="1" cY="1" pX="0.55" pY="-23.1" z="3" dI="1" dr="16"/>
          <f x="-32.35" y="-194.65" cocos2d_x="-31" cocos2d_y="-171.55" kX="-4.68" kY="-4.68" cX="1" cY="1" pX="0.55" pY="-23.1" z="3" dI="1" twE="0" dr="4"/>
          <f x="-32.35" y="-191.35" cocos2d_x="-31" cocos2d_y="-168.55" kX="-4.74" kY="-4.63" cX="1" cY="0.99" pX="0.55" pY="-23.05" z="3" dI="1" twE="0" dr="2"/>
          <f x="-32.35" y="-191.35" cocos2d_x="-31" cocos2d_y="-168.55" kX="-4.74" kY="-4.63" cX="1" cY="0.99" pX="0.55" pY="-23.05" z="3" dI="1" twE="0" dr="5"/>
          <f x="-19.2" y="-201.85" cocos2d_x="-27.5" cocos2d_y="-180.2" kX="19.56" kY="17.84" cX="1" cY="1" pX="0.55" pY="-23.15" z="3" dI="1" twE="0" dr="5"/>
          <f x="-20.65" y="-202" cocos2d_x="-28.55" cocos2d_y="-180.1" kX="18.3" kY="16.58" cX="1" cY="1" pX="0.6" pY="-23.25" z="3" dI="1" dr="18"/>
          <f x="-20.65" y="-202" cocos2d_x="-28.55" cocos2d_y="-180.1" kX="18.3" kY="16.58" cX="1" cY="1" pX="0.6" pY="-23.25" z="3" dI="1" twE="0" dr="5"/>
          <f x="-24.05" y="-201.05" cocos2d_x="-33.95" cocos2d_y="-180.05" kX="23.79" kY="22.07" cX="1" cY="1" pX="0.6" pY="-23.15" z="3" dI="1" twE="0" dr="6"/>
          <f x="-20.65" y="-202" cocos2d_x="-28.55" cocos2d_y="-180.1" kX="18.3" kY="16.58" cX="1" cY="1" pX="0.6" pY="-23.25" z="3" dI="1" twE="0" dr="5"/>
          <f x="-24.05" y="-201.05" cocos2d_x="-33.95" cocos2d_y="-180.05" kX="23.79" kY="22.07" cX="1" cY="1" pX="0.6" pY="-23.15" z="3" dI="1" twE="0" dr="6"/>
          <f x="-20.65" y="-202" cocos2d_x="-28.55" cocos2d_y="-180.1" kX="18.3" kY="16.58" cX="1" cY="1" pX="0.6" pY="-23.25" z="3" dI="1" twE="0" dr="5"/>
          <f x="-24.05" y="-201.05" cocos2d_x="-33.95" cocos2d_y="-180.05" kX="23.79" kY="22.07" cX="1" cY="1" pX="0.6" pY="-23.15" z="3" dI="1" dr="32"/>
          <f x="-24.05" y="-201.05" cocos2d_x="-33.95" cocos2d_y="-180.05" kX="23.79" kY="22.07" cX="1" cY="1" pX="0.6" pY="-23.15" z="3" dI="1" twE="0" dr="4"/>
          <f x="-21.9" y="-201.6" cocos2d_x="-33.15" cocos2d_y="-181.3" kX="27.52" kY="25.79" cX="1" cY="1" pX="0.55" pY="-23.15" z="3" dI="1" dr="2"/>
          <f x="-21.9" y="-201.6" cocos2d_x="-33.15" cocos2d_y="-181.3" kX="27.52" kY="25.79" cX="1" cY="1" pX="0.55" pY="-23.15" z="3" dI="1" twE="0" dr="4"/>
          <f x="-26.2" y="-200.3" cocos2d_x="-26.75" cocos2d_y="-177.15" kX="0" kY="0" cX="1" cY="1" pX="0.55" pY="-23.15" z="3" dI="1" dr="16"/>
        </b>
        <b name="nan2_gebo4" sc="1" dl="0">
          <f x="-32.75" y="-149.95" cocos2d_x="-49.1" cocos2d_y="-173.45" kX="0" kY="0" cX="1" cY="1" pX="16.35" pY="23.5" z="4" dI="1" dr="6"/>
          <f x="-32.75" y="-149.95" cocos2d_x="-49.1" cocos2d_y="-173.45" kX="0" kY="0" cX="1" cY="1" pX="16.35" pY="23.5" z="4" dI="1" twE="0" dr="5"/>
          <f x="-35.8" y="-141" cocos2d_x="-53.15" cocos2d_y="-163.9" kX="-2.45" kY="-2.45" cX="1" cY="1" pX="16.4" pY="23.6" z="4" dI="1" twE="0" dr="4"/>
          <f x="-34.8" y="-143.9" cocos2d_x="-51.4" cocos2d_y="-167.35" kX="-0.72" kY="-0.72" cX="1" cY="1" pX="16.3" pY="23.65" z="4" dI="1" dr="16"/>
          <f x="-34.8" y="-143.9" cocos2d_x="-51.4" cocos2d_y="-167.35" kX="-0.72" kY="-0.72" cX="1" cY="1" pX="16.3" pY="23.65" z="4" dI="1" twE="0" dr="4"/>
          <f x="-34.8" y="-141.25" cocos2d_x="-51.4" cocos2d_y="-164.4" kX="-0.73" kY="-0.71" cX="1" cY="0.99" pX="16.3" pY="23.6" z="4" dI="1" twE="0" dr="2"/>
          <f x="-34.8" y="-141.25" cocos2d_x="-51.4" cocos2d_y="-164.4" kX="-0.73" kY="-0.71" cX="1" cY="0.99" pX="16.3" pY="23.6" z="4" dI="1" twE="0" dr="5"/>
          <f x="-33.65" y="-154.6" cocos2d_x="-56.1" cocos2d_y="-172.55" kX="-16.48" kY="-16.48" cX="1" cY="1" pX="16.45" pY="23.55" z="4" dI="1" twE="0" dr="5"/>
          <f x="-34.2" y="-153.8" cocos2d_x="-56.95" cocos2d_y="-171.2" kX="-17.74" kY="-17.74" cX="1" cY="1" pX="16.35" pY="23.5" z="4" dI="1" dr="18"/>
          <f x="-34.2" y="-153.8" cocos2d_x="-56.95" cocos2d_y="-171.2" kX="-17.74" kY="-17.74" cX="1" cY="1" pX="16.35" pY="23.5" z="4" dI="1" twE="0" dr="5"/>
          <f x="-42.85" y="-154.45" cocos2d_x="-59.2" cocos2d_y="-177.95" kX="0.19" kY="0.19" cX="1" cY="1" pX="16.45" pY="23.45" z="4" dI="1" twE="0" dr="6"/>
          <f x="-34.2" y="-153.8" cocos2d_x="-56.95" cocos2d_y="-171.2" kX="-17.74" kY="-17.74" cX="1" cY="1" pX="16.35" pY="23.5" z="4" dI="1" twE="0" dr="5"/>
          <f x="-42.85" y="-154.45" cocos2d_x="-59.2" cocos2d_y="-177.95" kX="0.19" kY="0.19" cX="1" cY="1" pX="16.45" pY="23.45" z="4" dI="1" twE="0" dr="6"/>
          <f x="-34.2" y="-153.8" cocos2d_x="-56.95" cocos2d_y="-171.2" kX="-17.74" kY="-17.74" cX="1" cY="1" pX="16.35" pY="23.5" z="4" dI="1" twE="0" dr="5"/>
          <f x="-42.85" y="-154.45" cocos2d_x="-59.2" cocos2d_y="-177.95" kX="0.19" kY="0.19" cX="1" cY="1" pX="16.45" pY="23.45" z="4" dI="1" dr="32"/>
          <f x="-42.85" y="-154.45" cocos2d_x="-59.2" cocos2d_y="-177.95" kX="0.19" kY="0.19" cX="1" cY="1" pX="16.45" pY="23.45" z="4" dI="1" twE="0" dr="4"/>
          <f x="-42.4" y="-157.95" cocos2d_x="-58.1" cocos2d_y="-181.95" kX="1.67" kY="1.67" cX="1" cY="1" pX="16.4" pY="23.55" z="4" dI="1" dr="2"/>
          <f x="-42.4" y="-157.95" cocos2d_x="-58.1" cocos2d_y="-181.95" kX="1.67" kY="1.67" cX="1" cY="1" pX="16.4" pY="23.55" z="4" dI="1" twE="0" dr="4"/>
          <f x="-32.75" y="-149.95" cocos2d_x="-49.1" cocos2d_y="-173.45" kX="0" kY="0" cX="1" cY="1" pX="16.35" pY="23.5" z="4" dI="1" dr="16"/>
        </b>
        <b name="nan2_shen" sc="1" dl="0">
          <f x="-6.75" y="-115.55" cocos2d_x="4.8" cocos2d_y="-169.75" kX="0" kY="0" cX="1" cY="1" pX="-11.55" pY="54.2" z="5" dI="0" dr="6"/>
          <f x="-6.75" y="-115.55" cocos2d_x="4.8" cocos2d_y="-169.75" kX="0" kY="0" cX="1" cY="1" pX="-11.55" pY="54.2" z="5" dI="0" twE="0" dr="5"/>
          <f x="-6.2" y="-109.8" cocos2d_x="-0.75" cocos2d_y="-164.9" kX="-6.42" kY="-6.42" cX="1" cY="1" pX="-11.6" pY="54.15" z="5" dI="0" twE="0" dr="4"/>
          <f x="-6.1" y="-111.9" cocos2d_x="1" cocos2d_y="-166.8" kX="-4.68" kY="-4.68" cX="1" cY="1" pX="-11.55" pY="54.1" z="5" dI="0" dr="16"/>
          <f x="-6.1" y="-111.9" cocos2d_x="1" cocos2d_y="-166.8" kX="-4.68" kY="-4.68" cX="1" cY="1" pX="-11.55" pY="54.1" z="5" dI="0" twE="0" dr="4"/>
          <f x="-6.05" y="-109.5" cocos2d_x="1" cocos2d_y="-163.85" kX="-4.74" kY="-4.63" cX="1" cY="0.99" pX="-11.55" pY="54.2" z="5" dI="0" twE="0" dr="2"/>
          <f x="-6.05" y="-109.5" cocos2d_x="1" cocos2d_y="-163.85" kX="-4.74" kY="-4.63" cX="1" cY="0.99" pX="-11.55" pY="54.2" z="5" dI="0" twE="0" dr="5"/>
          <f x="-5.95" y="-116.1" cocos2d_x="9.5" cocos2d_y="-169.3" kX="4.16" kY="4.16" cX="1" cY="1" pX="-11.5" pY="54.2" z="5" dI="0" twE="0" dr="5"/>
          <f x="-6.1" y="-116" cocos2d_x="8.55" cocos2d_y="-169.4" kX="3.21" kY="3.21" cX="1" cY="1" pX="-11.65" pY="54.2" z="5" dI="0" dr="18"/>
          <f x="-6.1" y="-116" cocos2d_x="8.55" cocos2d_y="-169.4" kX="3.21" kY="3.21" cX="1" cY="1" pX="-11.65" pY="54.2" z="5" dI="0" twE="0" dr="5"/>
          <f x="-7.1" y="-115.6" cocos2d_x="5.85" cocos2d_y="-169.5" kX="1.48" kY="1.48" cX="1" cY="1" pX="-11.6" pY="54.25" z="5" dI="0" twE="0" dr="6"/>
          <f x="-6.1" y="-116" cocos2d_x="8.55" cocos2d_y="-169.4" kX="3.21" kY="3.21" cX="1" cY="1" pX="-11.65" pY="54.2" z="5" dI="0" twE="0" dr="5"/>
          <f x="-7.1" y="-115.6" cocos2d_x="5.85" cocos2d_y="-169.5" kX="1.48" kY="1.48" cX="1" cY="1" pX="-11.6" pY="54.25" z="5" dI="0" twE="0" dr="6"/>
          <f x="-6.1" y="-116" cocos2d_x="8.55" cocos2d_y="-169.4" kX="3.21" kY="3.21" cX="1" cY="1" pX="-11.65" pY="54.2" z="5" dI="0" twE="0" dr="5"/>
          <f x="-7.1" y="-115.6" cocos2d_x="5.85" cocos2d_y="-169.5" kX="1.48" kY="1.48" cX="1" cY="1" pX="-11.6" pY="54.25" z="5" dI="0" dr="32"/>
          <f x="-7.1" y="-115.6" cocos2d_x="5.85" cocos2d_y="-169.5" kX="1.48" kY="1.48" cX="1" cY="1" pX="-11.6" pY="54.25" z="5" dI="0" twE="0" dr="4"/>
          <f x="-7.2" y="-115.8" cocos2d_x="7.2" cocos2d_y="-169.3" kX="2.96" kY="2.96" cX="1" cY="1" pX="-11.65" pY="54.1" z="5" dI="0" dr="2"/>
          <f x="-7.2" y="-115.8" cocos2d_x="7.2" cocos2d_y="-169.3" kX="2.96" kY="2.96" cX="1" cY="1" pX="-11.65" pY="54.1" z="5" dI="0" twE="0" dr="4"/>
          <f x="-6.75" y="-115.55" cocos2d_x="4.8" cocos2d_y="-169.75" kX="0" kY="0" cX="1" cY="1" pX="-11.55" pY="54.2" z="5" dI="0" dr="16"/>
        </b>
        <b name="nan2_tou" sc="1" dl="0">
          <f x="-1.6" y="-216.4" cocos2d_x="0" cocos2d_y="-293.3" kX="0" kY="0" cX="1" cY="1" pX="-1.6" pY="76.9" z="6" dI="0" dr="6"/>
          <f x="-1.6" y="-216.4" cocos2d_x="0" cocos2d_y="-293.3" kX="0" kY="0" cX="1" cY="1" pX="-1.6" pY="76.9" z="6" dI="0" twE="0" dr="5"/>
          <f x="-12.3" y="-210.45" cocos2d_x="-21.6" cocos2d_y="-286.8" kX="-8.15" kY="-8.15" cX="1" cY="1" pX="-1.6" pY="76.9" z="6" dI="0" twE="0" dr="4"/>
          <f x="-9.15" y="-212.65" cocos2d_x="-16.15" cocos2d_y="-289.25" kX="-6.42" kY="-6.42" cX="1" cY="1" pX="-1.65" pY="76.95" z="6" dI="0" dr="16"/>
          <f x="-9.15" y="-212.65" cocos2d_x="-16.15" cocos2d_y="-289.25" kX="-6.42" kY="-6.42" cX="1" cY="1" pX="-1.65" pY="76.95" z="6" dI="0" twE="0" dr="4"/>
          <f x="-9.05" y="-209.8" cocos2d_x="-19.05" cocos2d_y="-286" kX="-8.66" kY="-8.66" cX="1" cY="1" pX="-1.6" pY="76.85" z="6" dI="0" twE="0" dr="2"/>
          <f x="-9.05" y="-209.8" cocos2d_x="-19.05" cocos2d_y="-286" kX="-8.66" kY="-8.66" cX="1" cY="1" pX="-1.6" pY="76.85" z="6" dI="0" twE="0" dr="5"/>
          <f x="6.3" y="-216.3" cocos2d_x="18.35" cocos2d_y="-292.25" kX="7.8" kY="7.8" cX="1" cY="1" pX="-1.65" pY="76.9" z="6" dI="0" twE="0" dr="5"/>
          <f x="4.65" y="-216.35" cocos2d_x="13.9" cocos2d_y="-292.7" kX="5.66" kY="5.66" cX="1" cY="1" pX="-1.65" pY="76.85" z="6" dI="0" dr="18"/>
          <f x="4.65" y="-216.35" cocos2d_x="13.9" cocos2d_y="-292.7" kX="5.66" kY="5.66" cX="1" cY="1" pX="-1.65" pY="76.85" z="6" dI="0" twE="0" dr="5"/>
          <f x="0.55" y="-216.2" cocos2d_x="4.2" cocos2d_y="-293.05" kX="1.46" kY="1.46" cX="1" cY="1" pX="-1.7" pY="76.9" z="6" dI="0" twE="0" dr="6"/>
          <f x="4.65" y="-216.35" cocos2d_x="13.9" cocos2d_y="-292.7" kX="5.66" kY="5.66" cX="1" cY="1" pX="-1.65" pY="76.85" z="6" dI="0" twE="0" dr="5"/>
          <f x="0.55" y="-216.2" cocos2d_x="4.2" cocos2d_y="-293.05" kX="1.46" kY="1.46" cX="1" cY="1" pX="-1.7" pY="76.9" z="6" dI="0" twE="0" dr="6"/>
          <f x="4.65" y="-216.35" cocos2d_x="13.9" cocos2d_y="-292.7" kX="5.66" kY="5.66" cX="1" cY="1" pX="-1.65" pY="76.85" z="6" dI="0" twE="0" dr="5"/>
          <f x="0.55" y="-216.2" cocos2d_x="4.2" cocos2d_y="-293.05" kX="1.46" kY="1.46" cX="1" cY="1" pX="-1.7" pY="76.9" z="6" dI="0" dr="32"/>
          <f x="0.55" y="-216.2" cocos2d_x="4.2" cocos2d_y="-293.05" kX="1.46" kY="1.46" cX="1" cY="1" pX="-1.7" pY="76.9" z="6" dI="0" twE="0" dr="4"/>
          <f x="2.8" y="-216.05" cocos2d_x="13.95" cocos2d_y="-292.1" kX="7.1" kY="7.1" cX="1" cY="1" pX="-1.65" pY="76.8" z="6" dI="0" dr="2"/>
          <f x="2.8" y="-216.05" cocos2d_x="13.95" cocos2d_y="-292.1" kX="7.1" kY="7.1" cX="1" cY="1" pX="-1.65" pY="76.8" z="6" dI="0" twE="0" dr="4"/>
          <f x="-1.6" y="-216.4" cocos2d_x="0" cocos2d_y="-293.3" kX="0" kY="0" cX="1" cY="1" pX="-1.6" pY="76.9" z="6" dI="0" dr="16"/>
        </b>
        <b name="nan2_gebo2" sc="1" dl="0">
          <f x="39.6" y="-202.7" cocos2d_x="46.8" cocos2d_y="-176.8" kX="0" kY="0" cX="1" cY="1" pX="-7.2" pY="-25.9" z="7" dI="0" dr="6"/>
          <f x="39.6" y="-202.7" cocos2d_x="46.8" cocos2d_y="-176.8" kX="0" kY="0" cX="1" cY="1" pX="-7.2" pY="-25.9" z="7" dI="0" twE="0" dr="5"/>
          <f x="30.05" y="-201.6" cocos2d_x="42.25" cocos2d_y="-177.5" kX="-11.38" kY="-11.38" cX="1" cY="1" pX="-7.2" pY="-26.05" z="7" dI="0" twE="0" dr="4"/>
          <f x="32.9" y="-202.5" cocos2d_x="44.35" cocos2d_y="-178.1" kX="-9.65" kY="-9.65" cX="1" cY="1" pX="-7.15" pY="-26" z="7" dI="0" dr="16"/>
          <f x="32.9" y="-202.5" cocos2d_x="44.35" cocos2d_y="-178.1" kX="-9.65" kY="-9.65" cX="1" cY="1" pX="-7.15" pY="-26" z="7" dI="0" twE="0" dr="4"/>
          <f x="32.9" y="-199.15" cocos2d_x="44.35" cocos2d_y="-175" kX="-9.76" kY="-9.54" cX="1" cY="0.99" pX="-7.15" pY="-26.05" z="7" dI="0" twE="0" dr="2"/>
          <f x="32.9" y="-199.15" cocos2d_x="44.35" cocos2d_y="-175" kX="-9.76" kY="-9.54" cX="1" cY="0.99" pX="-7.15" pY="-26.05" z="7" dI="0" twE="0" dr="5"/>
          <f x="47.25" y="-199.6" cocos2d_x="47.2" cocos2d_y="-172.75" kX="15.68" kY="15.68" cX="1" cY="1" pX="-7.2" pY="-25.85" z="7" dI="0" twE="0" dr="5"/>
          <f x="45.75" y="-199.9" cocos2d_x="46.3" cocos2d_y="-173.05" kX="14.42" kY="14.42" cX="1" cY="1" pX="-7.2" pY="-25.85" z="7" dI="0" dr="18"/>
          <f x="45.75" y="-199.9" cocos2d_x="46.3" cocos2d_y="-173.05" kX="14.42" kY="14.42" cX="1" cY="1" pX="-7.2" pY="-25.85" z="7" dI="0" twE="0" dr="5"/>
          <f x="42.15" y="-201.1" cocos2d_x="45.95" cocos2d_y="-174.5" kX="7.47" kY="7.47" cX="1" cY="1" pX="-7.2" pY="-25.9" z="7" dI="0" twE="0" dr="6"/>
          <f x="45.75" y="-199.9" cocos2d_x="46.3" cocos2d_y="-173.05" kX="14.42" kY="14.42" cX="1" cY="1" pX="-7.2" pY="-25.85" z="7" dI="0" twE="0" dr="5"/>
          <f x="42.15" y="-201.1" cocos2d_x="45.95" cocos2d_y="-174.5" kX="7.47" kY="7.47" cX="1" cY="1" pX="-7.2" pY="-25.9" z="7" dI="0" twE="0" dr="6"/>
          <f x="45.75" y="-199.9" cocos2d_x="46.3" cocos2d_y="-173.05" kX="14.42" kY="14.42" cX="1" cY="1" pX="-7.2" pY="-25.85" z="7" dI="0" twE="0" dr="5"/>
          <f x="42.15" y="-201.1" cocos2d_x="45.95" cocos2d_y="-174.5" kX="7.47" kY="7.47" cX="1" cY="1" pX="-7.2" pY="-25.9" z="7" dI="0" dr="32"/>
          <f x="42.15" y="-201.1" cocos2d_x="45.95" cocos2d_y="-174.5" kX="7.47" kY="7.47" cX="1" cY="1" pX="-7.2" pY="-25.9" z="7" dI="0" twE="0" dr="4"/>
          <f x="44.3" y="-199.95" cocos2d_x="46.75" cocos2d_y="-173.2" kX="10.41" kY="10.41" cX="1" cY="1" pX="-7.25" pY="-25.85" z="7" dI="0" dr="2"/>
          <f x="44.3" y="-199.95" cocos2d_x="46.75" cocos2d_y="-173.2" kX="10.41" kY="10.41" cX="1" cY="1" pX="-7.25" pY="-25.85" z="7" dI="0" twE="0" dr="4"/>
          <f x="39.6" y="-202.7" cocos2d_x="46.8" cocos2d_y="-176.8" kX="0" kY="0" cX="1" cY="1" pX="-7.2" pY="-25.9" z="7" dI="0" dr="16"/>
        </b>
        <b name="nan2_gebo" sc="1" dl="0">
          <f x="52.55" y="-163.75" cocos2d_x="39.75" cocos2d_y="-145.1" kX="0" kY="0" cX="1" cY="1" pX="12.8" pY="-18.65" z="8" dI="0" dr="6"/>
          <f x="52.55" y="-163.75" cocos2d_x="39.75" cocos2d_y="-145.1" kX="0" kY="0" cX="1" cY="1" pX="12.8" pY="-18.65" z="8" dI="0" twE="0" dr="5"/>
          <f x="50.75" y="-166.9" cocos2d_x="41.3" cocos2d_y="-146.9" kX="-9.43" kY="-7.1" cX="0.98" cY="1" pX="12.9" pY="-18.65" z="8" dI="0" twE="0" dr="4"/>
          <f x="52.5" y="-167.25" cocos2d_x="42.5" cocos2d_y="-147.55" kX="-7.7" kY="-5.37" cX="0.98" cY="1" pX="12.85" pY="-18.75" z="8" dI="0" dr="16"/>
          <f x="52.5" y="-167.25" cocos2d_x="42.5" cocos2d_y="-147.55" kX="-7.7" kY="-5.37" cX="0.98" cY="1" pX="12.85" pY="-18.75" z="8" dI="0" twE="0" dr="4"/>
          <f x="52.5" y="-164.3" cocos2d_x="42.5" cocos2d_y="-144.8" kX="-7.79" kY="-5.31" cX="0.98" cY="0.99" pX="12.85" pY="-18.75" z="8" dI="0" twE="0" dr="2"/>
          <f x="52.5" y="-164.3" cocos2d_x="42.5" cocos2d_y="-144.8" kX="-7.79" kY="-5.31" cX="0.98" cY="0.99" pX="12.85" pY="-18.75" z="8" dI="0" twE="0" dr="5"/>
          <f x="49.25" y="-158.25" cocos2d_x="32.3" cocos2d_y="-143.3" kX="14.16" kY="14.16" cX="1" cY="1" pX="12.8" pY="-18.65" z="8" dI="0" twE="0" dr="5"/>
          <f x="48.65" y="-158.55" cocos2d_x="32.05" cocos2d_y="-143.35" kX="12.9" kY="12.9" cX="1" cY="1" pX="12.75" pY="-18.5" z="8" dI="0" dr="18"/>
          <f x="48.65" y="-158.55" cocos2d_x="32.05" cocos2d_y="-143.35" kX="12.9" kY="12.9" cX="1" cY="1" pX="12.75" pY="-18.5" z="8" dI="0" twE="0" dr="5"/>
          <f x="50.6" y="-162.15" cocos2d_x="32.7" cocos2d_y="-148.35" kX="17.85" kY="17.85" cX="1" cY="1" pX="12.8" pY="-18.6" z="8" dI="0" twE="0" dr="6"/>
          <f x="48.65" y="-158.55" cocos2d_x="32.05" cocos2d_y="-143.35" kX="12.9" kY="12.9" cX="1" cY="1" pX="12.75" pY="-18.5" z="8" dI="0" twE="0" dr="5"/>
          <f x="50.6" y="-162.15" cocos2d_x="32.7" cocos2d_y="-148.35" kX="17.85" kY="17.85" cX="1" cY="1" pX="12.8" pY="-18.6" z="8" dI="0" twE="0" dr="6"/>
          <f x="48.65" y="-158.55" cocos2d_x="32.05" cocos2d_y="-143.35" kX="12.9" kY="12.9" cX="1" cY="1" pX="12.75" pY="-18.5" z="8" dI="0" twE="0" dr="5"/>
          <f x="50.6" y="-162.15" cocos2d_x="32.7" cocos2d_y="-148.35" kX="17.85" kY="17.85" cX="1" cY="1" pX="12.8" pY="-18.6" z="8" dI="0" dr="32"/>
          <f x="50.6" y="-162.15" cocos2d_x="32.7" cocos2d_y="-148.35" kX="17.85" kY="17.85" cX="1" cY="1" pX="12.8" pY="-18.6" z="8" dI="0" twE="0" dr="4"/>
          <f x="50.75" y="-160.8" cocos2d_x="32.5" cocos2d_y="-147.45" kX="19.34" kY="19.34" cX="1" cY="1" pX="12.8" pY="-18.65" z="8" dI="0" dr="2"/>
          <f x="50.75" y="-160.8" cocos2d_x="32.5" cocos2d_y="-147.45" kX="19.34" kY="19.34" cX="1" cY="1" pX="12.8" pY="-18.65" z="8" dI="0" twE="0" dr="4"/>
          <f x="52.55" y="-163.75" cocos2d_x="39.75" cocos2d_y="-145.1" kX="0" kY="0" cX="1" cY="1" pX="12.8" pY="-18.65" z="8" dI="0" dr="16"/>
        </b>
        <b name="nan2_sao" sc="1" dl="0">
          <f x="18.6" y="-140.35" cocos2d_x="18.65" cocos2d_y="-140.4" kX="-42.86" kY="-42.86" cX="1" cY="1" pX="-0.05" pY="-0.05" z="9" dI="0" dr="6"/>
          <f x="18.6" y="-140.35" cocos2d_x="18.65" cocos2d_y="-140.4" kX="-42.86" kY="-42.86" cX="1" cY="1" pX="-0.05" pY="-0.05" z="9" dI="0" twE="0" dr="5"/>
          <f x="18.6" y="-139.7" cocos2d_x="18.65" cocos2d_y="-139.75" kX="-49.28" kY="-49.28" cX="1" cY="1" pX="-0.05" pY="-0.05" z="9" dI="0" twE="0" dr="4"/>
          <f x="19.6" y="-141" cocos2d_x="19.65" cocos2d_y="-141.05" kX="-47.54" kY="-47.54" cX="1" cY="1" pX="0" pY="-0.05" z="9" dI="0" dr="16"/>
          <f x="19.6" y="-141" cocos2d_x="19.65" cocos2d_y="-141.05" kX="-47.54" kY="-47.54" cX="1" cY="1" pX="0" pY="-0.05" z="9" dI="0" twE="0" dr="4"/>
          <f x="19.6" y="-138.3" cocos2d_x="19.65" cocos2d_y="-138.35" kX="-47.86" kY="-47.22" cX="0.99" cY="0.99" pX="-0.05" pY="0" z="9" dI="0" twE="0" dr="2"/>
          <f x="19.6" y="-138.3" cocos2d_x="19.65" cocos2d_y="-138.35" kX="-47.86" kY="-47.22" cX="0.99" cY="0.99" pX="-0.05" pY="0" z="9" dI="0" twE="0" dr="5"/>
          <f x="5.05" y="-142.6" cocos2d_x="5.1" cocos2d_y="-142.65" kX="-45.32" kY="-45.32" cX="1" cY="1" pX="-0.1" pY="0" z="9" dI="0" twE="0" dr="5"/>
          <f x="4.8" y="-142.65" cocos2d_x="4.85" cocos2d_y="-142.7" kX="-46.59" kY="-46.59" cX="1" cY="1" pX="-0.05" pY="0" z="9" dI="0" dr="18"/>
          <f x="4.8" y="-142.65" cocos2d_x="4.85" cocos2d_y="-142.7" kX="-46.59" kY="-46.59" cX="1" cY="1" pX="-0.05" pY="0" z="9" dI="0" twE="0" dr="5"/>
          <f x="10.2" y="-149.75" cocos2d_x="10.25" cocos2d_y="-149.8" kX="-45.83" kY="-45.83" cX="1" cY="1" pX="-0.1" pY="0" z="9" dI="0" twE="0" dr="6"/>
          <f x="4.8" y="-142.65" cocos2d_x="4.85" cocos2d_y="-142.7" kX="-46.59" kY="-46.59" cX="1" cY="1" pX="-0.05" pY="0" z="9" dI="0" twE="0" dr="5"/>
          <f x="10.2" y="-149.75" cocos2d_x="10.25" cocos2d_y="-149.8" kX="-45.83" kY="-45.83" cX="1" cY="1" pX="-0.1" pY="0" z="9" dI="0" twE="0" dr="6"/>
          <f x="4.8" y="-142.65" cocos2d_x="4.85" cocos2d_y="-142.7" kX="-46.59" kY="-46.59" cX="1" cY="1" pX="-0.05" pY="0" z="9" dI="0" twE="0" dr="5"/>
          <f x="10.2" y="-149.75" cocos2d_x="10.25" cocos2d_y="-149.8" kX="-45.83" kY="-45.83" cX="1" cY="1" pX="-0.1" pY="0" z="9" dI="0" dr="32"/>
          <f x="10.2" y="-149.75" cocos2d_x="10.25" cocos2d_y="-149.8" kX="-45.83" kY="-45.83" cX="1" cY="1" pX="-0.1" pY="0" z="9" dI="0" twE="0" dr="4"/>
          <f x="10.55" y="-151.45" cocos2d_x="10.6" cocos2d_y="-151.5" kX="-44.35" kY="-44.35" cX="1" cY="1" pX="-0.1" pY="0" z="9" dI="0" dr="2"/>
          <f x="10.55" y="-151.45" cocos2d_x="10.6" cocos2d_y="-151.5" kX="-44.35" kY="-44.35" cX="1" cY="1" pX="-0.1" pY="0" z="9" dI="0" twE="0" dr="4"/>
          <f x="18.6" y="-140.35" cocos2d_x="18.65" cocos2d_y="-140.4" kX="-42.86" kY="-42.86" cX="1" cY="1" pX="-0.05" pY="-0.05" z="9" dI="0" dr="16"/>
        </b>
        <b name="nan2_shou2" sc="1" dl="0">
          <f x="30.1" y="-137.75" cocos2d_x="19.05" cocos2d_y="-131.45" kX="0" kY="0" cX="1" cY="1" pX="11.05" pY="-6.3" z="10" dI="0" dr="6"/>
          <f x="30.1" y="-137.75" cocos2d_x="19.05" cocos2d_y="-131.45" kX="0" kY="0" cX="1" cY="1" pX="11.05" pY="-6.3" z="10" dI="0" twE="0" dr="5"/>
          <f x="30.3" y="-138.4" cocos2d_x="20.05" cocos2d_y="-130.85" kX="-6.42" kY="-6.42" cX="1" cY="1" pX="11" pY="-6.35" z="10" dI="0" twE="0" dr="4"/>
          <f x="31.25" y="-139.35" cocos2d_x="20.75" cocos2d_y="-132.15" kX="-4.68" kY="-4.68" cX="1" cY="1" pX="11.05" pY="-6.35" z="10" dI="0" dr="16"/>
          <f x="31.25" y="-139.35" cocos2d_x="20.75" cocos2d_y="-132.15" kX="-4.68" kY="-4.68" cX="1" cY="1" pX="11.05" pY="-6.35" z="10" dI="0" twE="0" dr="4"/>
          <f x="31.25" y="-136.7" cocos2d_x="20.75" cocos2d_y="-129.55" kX="-4.74" kY="-4.63" cX="1" cY="0.99" pX="11.05" pY="-6.35" z="10" dI="0" twE="0" dr="2"/>
          <f x="31.25" y="-136.7" cocos2d_x="20.75" cocos2d_y="-129.55" kX="-4.74" kY="-4.63" cX="1" cY="0.99" pX="11.05" pY="-6.35" z="10" dI="0" twE="0" dr="5"/>
          <f x="16.6" y="-140.5" cocos2d_x="5.9" cocos2d_y="-133.75" kX="-2.46" kY="-2.46" cX="1" cY="1" pX="11" pY="-6.25" z="10" dI="0" twE="0" dr="5"/>
          <f x="16.45" y="-140.8" cocos2d_x="5.85" cocos2d_y="-133.8" kX="-3.73" kY="-3.73" cX="1" cY="1" pX="11" pY="-6.35" z="10" dI="0" dr="18"/>
          <f x="16.45" y="-140.8" cocos2d_x="5.85" cocos2d_y="-133.8" kX="-3.73" kY="-3.73" cX="1" cY="1" pX="11" pY="-6.35" z="10" dI="0" twE="0" dr="5"/>
          <f x="21.9" y="-148.25" cocos2d_x="11.55" cocos2d_y="-140.95" kX="-5.46" kY="-5.46" cX="1" cY="1" pX="11" pY="-6.3" z="10" dI="0" twE="0" dr="6"/>
          <f x="16.45" y="-140.8" cocos2d_x="5.85" cocos2d_y="-133.8" kX="-3.73" kY="-3.73" cX="1" cY="1" pX="11" pY="-6.35" z="10" dI="0" twE="0" dr="5"/>
          <f x="21.9" y="-148.25" cocos2d_x="11.55" cocos2d_y="-140.95" kX="-5.46" kY="-5.46" cX="1" cY="1" pX="11" pY="-6.3" z="10" dI="0" twE="0" dr="6"/>
          <f x="16.45" y="-140.8" cocos2d_x="5.85" cocos2d_y="-133.8" kX="-3.73" kY="-3.73" cX="1" cY="1" pX="11" pY="-6.35" z="10" dI="0" twE="0" dr="5"/>
          <f x="21.9" y="-148.25" cocos2d_x="11.55" cocos2d_y="-140.95" kX="-5.46" kY="-5.46" cX="1" cY="1" pX="11" pY="-6.3" z="10" dI="0" dr="32"/>
          <f x="21.9" y="-148.25" cocos2d_x="11.55" cocos2d_y="-140.95" kX="-5.46" kY="-5.46" cX="1" cY="1" pX="11" pY="-6.3" z="10" dI="0" twE="0" dr="4"/>
          <f x="22.2" y="-149.65" cocos2d_x="11.65" cocos2d_y="-142.6" kX="-3.98" kY="-3.98" cX="1" cY="1" pX="11.05" pY="-6.3" z="10" dI="0" dr="2"/>
          <f x="22.2" y="-149.65" cocos2d_x="11.65" cocos2d_y="-142.6" kX="-3.98" kY="-3.98" cX="1" cY="1" pX="11.05" pY="-6.3" z="10" dI="0" twE="0" dr="4"/>
          <f x="30.1" y="-137.75" cocos2d_x="19.05" cocos2d_y="-131.45" kX="0" kY="0" cX="1" cY="1" pX="11.05" pY="-6.3" z="10" dI="0" dr="16"/>
        </b>
        <b name="nan2_shou" sc="1" dl="0">
          <f x="-56.25" y="-193.3" cocos2d_x="-54.2" cocos2d_y="-207.8" kX="0" kY="0" cX="1" cY="1" pX="-2.05" pY="14.5" z="11" dI="0" dr="6"/>
          <f x="-56.25" y="-193.3" cocos2d_x="-54.2" cocos2d_y="-207.8" kX="0" kY="0" cX="1" cY="1" pX="-2.05" pY="14.5" z="11" dI="0" twE="0" dr="5"/>
          <f x="-61.7" y="-183.95" cocos2d_x="-61.3" cocos2d_y="-198.55" kX="-6.42" kY="-6.42" cX="1" cY="1" pX="-2.05" pY="14.45" z="11" dI="0" twE="0" dr="4"/>
          <f x="-59.35" y="-187.65" cocos2d_x="-58.5" cocos2d_y="-202.25" kX="-4.68" kY="-4.68" cX="1" cY="1" pX="-2" pY="14.5" z="11" dI="0" dr="16"/>
          <f x="-59.35" y="-187.65" cocos2d_x="-58.5" cocos2d_y="-202.25" kX="-4.68" kY="-4.68" cX="1" cY="1" pX="-2" pY="14.5" z="11" dI="0" twE="0" dr="4"/>
          <f x="-59.35" y="-184.45" cocos2d_x="-58.5" cocos2d_y="-198.9" kX="-4.74" kY="-4.63" cX="1" cY="0.99" pX="-2.05" pY="14.55" z="11" dI="0" twE="0" dr="2"/>
          <f x="-59.35" y="-184.45" cocos2d_x="-58.5" cocos2d_y="-198.9" kX="-4.74" kY="-4.63" cX="1" cY="0.99" pX="-2.05" pY="14.55" z="11" dI="0" twE="0" dr="5"/>
          <f x="-71.95" y="-192.3" cocos2d_x="-70.65" cocos2d_y="-206.9" kX="-2.46" kY="-2.46" cX="1" cY="1" pX="-1.95" pY="14.55" z="11" dI="0" twE="0" dr="5"/>
          <f x="-73.25" y="-190.6" cocos2d_x="-72.25" cocos2d_y="-205.2" kX="-3.73" kY="-3.73" cX="1" cY="1" pX="-1.95" pY="14.5" z="11" dI="0" dr="18"/>
          <f x="-73.25" y="-190.6" cocos2d_x="-72.25" cocos2d_y="-205.2" kX="-3.73" kY="-3.73" cX="1" cY="1" pX="-1.95" pY="14.5" z="11" dI="0" twE="0" dr="5"/>
          <f x="-67.15" y="-198.75" cocos2d_x="-66" cocos2d_y="-213.3" kX="-2.97" kY="-2.97" cX="1" cY="1" pX="-1.9" pY="14.4" z="11" dI="0" twE="0" dr="6"/>
          <f x="-73.25" y="-190.6" cocos2d_x="-72.25" cocos2d_y="-205.2" kX="-3.73" kY="-3.73" cX="1" cY="1" pX="-1.95" pY="14.5" z="11" dI="0" twE="0" dr="5"/>
          <f x="-67.15" y="-198.75" cocos2d_x="-66" cocos2d_y="-213.3" kX="-2.97" kY="-2.97" cX="1" cY="1" pX="-1.9" pY="14.4" z="11" dI="0" twE="0" dr="6"/>
          <f x="-73.25" y="-190.6" cocos2d_x="-72.25" cocos2d_y="-205.2" kX="-3.73" kY="-3.73" cX="1" cY="1" pX="-1.95" pY="14.5" z="11" dI="0" twE="0" dr="5"/>
          <f x="-67.15" y="-198.75" cocos2d_x="-66" cocos2d_y="-213.3" kX="-2.97" kY="-2.97" cX="1" cY="1" pX="-1.9" pY="14.4" z="11" dI="0" dr="32"/>
          <f x="-67.15" y="-198.75" cocos2d_x="-66" cocos2d_y="-213.3" kX="-2.97" kY="-2.97" cX="1" cY="1" pX="-1.9" pY="14.4" z="11" dI="0" twE="0" dr="4"/>
          <f x="-65.5" y="-202.45" cocos2d_x="-63.95" cocos2d_y="-216.95" kX="-1.49" kY="-1.49" cX="1" cY="1" pX="-1.95" pY="14.45" z="11" dI="0" dr="2"/>
          <f x="-65.5" y="-202.45" cocos2d_x="-63.95" cocos2d_y="-216.95" kX="-1.49" kY="-1.49" cX="1" cY="1" pX="-1.95" pY="14.45" z="11" dI="0" twE="0" dr="4"/>
          <f x="-56.25" y="-193.3" cocos2d_x="-54.2" cocos2d_y="-207.8" kX="0" kY="0" cX="1" cY="1" pX="-2.05" pY="14.5" z="11" dI="0" dr="16"/>
        </b>
        <b name="nan2_zui" sc="1" dl="0">
          <f x="-3.95" y="-230.6" cocos2d_x="-3.95" cocos2d_y="-230.6" kX="3.95" kY="3.95" cX="1.27" cY="1.27" pX="0" pY="0" z="12" dI="0" dr="6"/>
          <f x="-3.95" y="-230.6" cocos2d_x="-3.95" cocos2d_y="-230.6" kX="3.95" kY="3.95" cX="1.27" cY="1.27" pX="0" pY="0" z="12" dI="0" twE="0" dr="3"/>
          <f x="-11.5" y="-226.85" cocos2d_x="-11.5" cocos2d_y="-226.85" kX="-0.75" kY="-0.75" cX="1.27" cY="1.27" pX="0" pY="0" z="12" dI="1" twE="0" dr="2"/>
          <f x="-16.6" y="-224.15" cocos2d_x="-16.6" cocos2d_y="-224.15" kX="-4.39" kY="-4.39" cX="1.27" cY="1.27" pX="0" pY="0" z="12" dI="0" twE="0" dr="3"/>
          <f x="-14.05" y="-225.85" cocos2d_x="-14.05" cocos2d_y="-225.85" kX="-2.87" kY="-2.87" cX="1.27" cY="1.27" pX="0" pY="0" z="12" dI="1" dr="1"/>
          <f x="-13" y="-226.55" cocos2d_x="-13" cocos2d_y="-226.55" kX="-2.87" kY="-2.87" cX="1.27" cY="1.27" pX="0" pY="0" z="12" dI="0" dr="3"/>
          <f x="-13" y="-226.55" cocos2d_x="-13" cocos2d_y="-226.55" kX="-2.87" kY="-2.87" cX="1.27" cY="1.27" pX="0" pY="0" z="12" dI="1" dr="2"/>
          <f x="-13" y="-226.55" cocos2d_x="-13" cocos2d_y="-226.55" kX="-2.87" kY="-2.87" cX="1.27" cY="1.27" pX="0" pY="0" z="12" dI="2" dr="3"/>
          <f x="-13" y="-226.55" cocos2d_x="-13" cocos2d_y="-226.55" kX="-2.87" kY="-2.87" cX="1.27" cY="1.27" pX="0" pY="0" z="12" dI="3" dr="2"/>
          <f x="-13" y="-226.55" cocos2d_x="-13" cocos2d_y="-226.55" kX="-2.87" kY="-2.87" cX="1.27" cY="1.27" pX="0" pY="0" z="12" dI="4" dr="3"/>
          <f x="-13" y="-226.55" cocos2d_x="-13" cocos2d_y="-226.55" kX="-2.87" kY="-2.87" cX="1.27" cY="1.27" pX="0" pY="0" z="12" dI="5" dr="2"/>
          <f x="-13" y="-226.55" cocos2d_x="-13" cocos2d_y="-226.55" kX="-2.87" kY="-2.87" cX="1.27" cY="1.27" pX="0" pY="0" z="12" dI="0" dr="1"/>
          <f x="-13" y="-226.55" cocos2d_x="-13" cocos2d_y="-226.55" kX="-2.87" kY="-2.87" cX="1.27" cY="1.27" pX="0" pY="0" z="12" dI="0" twE="0" dr="3"/>
          <f x="-13.3" y="-224.35" cocos2d_x="-13.3" cocos2d_y="-224.35" kX="-3.91" kY="-3.91" cX="1.27" cY="1.27" pX="0" pY="0" z="12" dI="1" dr="1"/>
          <f x="-13.7" y="-223.45" cocos2d_x="-13.7" cocos2d_y="-223.45" kX="-4.65" kY="-4.65" cX="1.27" cY="1.27" pX="0" pY="0" z="12" dI="0" twE="0" dr="3"/>
          <f x="-9.65" y="-224.95" cocos2d_x="-9.65" cocos2d_y="-224.95" kX="-1.04" kY="-1.04" cX="1.27" cY="1.27" pX="0" pY="0" z="12" dI="0" twE="0" dr="2"/>
          <f x="-1.85" y="-227.75" cocos2d_x="-1.85" cocos2d_y="-227.75" kX="5.05" kY="5.05" cX="1.27" cY="1.27" pX="0" pY="0" z="12" dI="1" twE="0" dr="2"/>
          <f x="5.7" y="-230.55" cocos2d_x="5.7" cocos2d_y="-230.55" kX="11.65" kY="11.65" cX="1.27" cY="1.27" pX="0" pY="0" z="12" dI="0" twE="0" dr="3"/>
          <f x="4.4" y="-230.6" cocos2d_x="4.4" cocos2d_y="-230.6" kX="10.63" kY="10.63" cX="1.27" cY="1.27" pX="0" pY="0" z="12" dI="1" twE="0" dr="2"/>
          <f x="3.8" y="-230.7" cocos2d_x="3.8" cocos2d_y="-230.7" kX="9.12" kY="9.12" cX="1.27" cY="1.27" pX="0" pY="0" z="12" dI="0" dr="3"/>
          <f x="3.8" y="-230.7" cocos2d_x="3.8" cocos2d_y="-230.7" kX="9.12" kY="9.12" cX="1.27" cY="1.27" pX="0" pY="0" z="12" dI="1" dr="2"/>
          <f x="3.8" y="-230.7" cocos2d_x="3.8" cocos2d_y="-230.7" kX="9.12" kY="9.12" cX="1.27" cY="1.27" pX="0" pY="0" z="12" dI="2" dr="3"/>
          <f x="3.8" y="-230.7" cocos2d_x="3.8" cocos2d_y="-230.7" kX="9.12" kY="9.12" cX="1.27" cY="1.27" pX="0" pY="0" z="12" dI="3" dr="2"/>
          <f x="3.8" y="-230.7" cocos2d_x="3.8" cocos2d_y="-230.7" kX="9.12" kY="9.12" cX="1.27" cY="1.27" pX="0" pY="0" z="12" dI="4" dr="3"/>
          <f x="3.8" y="-230.7" cocos2d_x="3.8" cocos2d_y="-230.7" kX="9.12" kY="9.12" cX="1.27" cY="1.27" pX="0" pY="0" z="12" dI="5" dr="2"/>
          <f x="3.8" y="-230.7" cocos2d_x="3.8" cocos2d_y="-230.7" kX="9.12" kY="9.12" cX="1.27" cY="1.27" pX="0" pY="0" z="12" dI="0" dr="3"/>
          <f x="3.8" y="-230.7" cocos2d_x="3.8" cocos2d_y="-230.7" kX="9.12" kY="9.12" cX="1.27" cY="1.27" pX="0" pY="0" z="12" dI="0" twE="0" dr="3"/>
          <f x="0.65" y="-230.5" cocos2d_x="0.65" cocos2d_y="-230.5" kX="7.37" kY="7.37" cX="1.27" cY="1.27" pX="0" pY="0" z="12" dI="1" twE="0" dr="2"/>
          <f x="-1.45" y="-230.4" cocos2d_x="-1.45" cocos2d_y="-230.4" kX="5.6" kY="5.6" cX="1.27" cY="1.27" pX="0" pY="0" z="12" dI="0" twE="0" dr="3"/>
          <f x="1" y="-230.55" cocos2d_x="1" cocos2d_y="-230.55" kX="7.67" kY="7.67" cX="1.27" cY="1.27" pX="0" pY="0" z="12" dI="1" twE="0" dr="2"/>
          <f x="2.6" y="-230.65" cocos2d_x="2.6" cocos2d_y="-230.65" kX="8.81" kY="8.81" cX="1.27" cY="1.27" pX="0" pY="0" z="12" dI="2" dr="1"/>
          <f x="3.7" y="-230.7" cocos2d_x="3.7" cocos2d_y="-230.7" kX="9.67" kY="9.67" cX="1.27" cY="1.27" pX="0" pY="0" z="12" dI="0" twE="0" dr="3"/>
          <f x="0.65" y="-230.5" cocos2d_x="0.65" cocos2d_y="-230.5" kX="7.22" kY="7.22" cX="1.27" cY="1.27" pX="0" pY="0" z="12" dI="1" twE="0" dr="4"/>
          <f x="0.15" y="-230.45" cocos2d_x="0.15" cocos2d_y="-230.45" kX="6.62" kY="6.62" cX="1.27" cY="1.27" pX="0" pY="0" z="12" dI="0" dr="1"/>
          <f x="1" y="-230.5" cocos2d_x="1" cocos2d_y="-230.5" kX="7.66" kY="7.66" cX="1.27" cY="1.27" pX="0" pY="0" z="12" dI="1" twE="0" dr="2"/>
          <f x="2.65" y="-230.65" cocos2d_x="2.65" cocos2d_y="-230.65" kX="8.86" kY="8.86" cX="1.27" cY="1.27" pX="0" pY="0" z="12" dI="2" dr="1"/>
          <f x="3.75" y="-230.8" cocos2d_x="3.75" cocos2d_y="-230.8" kX="9.81" kY="9.81" cX="1.27" cY="1.27" pX="0" pY="0" z="12" dI="0" twE="0" dr="3"/>
          <f x="0.75" y="-230.6" cocos2d_x="0.75" cocos2d_y="-230.6" kX="7.04" kY="7.04" cX="1.27" cY="1.27" pX="0" pY="0" z="12" dI="1" twE="0" dr="2"/>
          <f x="-1.45" y="-230.45" cocos2d_x="-1.45" cocos2d_y="-230.45" kX="5.56" kY="5.56" cX="1.27" cY="1.27" pX="0" pY="0" z="12" dI="0" dr="3"/>
          <f x="-1.5" y="-230.4" cocos2d_x="-1.5" cocos2d_y="-230.4" kX="5.42" kY="5.42" cX="1.27" cY="1.27" pX="0" pY="0" z="12" dI="1" dr="2"/>
          <f x="-1.5" y="-230.4" cocos2d_x="-1.5" cocos2d_y="-230.4" kX="5.42" kY="5.42" cX="1.27" cY="1.27" pX="0" pY="0" z="12" dI="2" dr="3"/>
          <f x="-1.3" y="-230.4" cocos2d_x="-1.3" cocos2d_y="-230.4" kX="5.42" kY="5.42" cX="1.27" cY="1.27" pX="0" pY="0" z="12" dI="3" dr="2"/>
          <f x="-1.5" y="-230.4" cocos2d_x="-1.5" cocos2d_y="-230.4" kX="5.42" kY="5.42" cX="1.27" cY="1.27" pX="0" pY="0" z="12" dI="4" dr="3"/>
          <f x="-1.5" y="-230.4" cocos2d_x="-1.5" cocos2d_y="-230.4" kX="5.42" kY="5.42" cX="1.27" cY="1.27" pX="0" pY="0" z="12" dI="1" dr="2"/>
          <f x="-1.45" y="-230.45" cocos2d_x="-1.45" cocos2d_y="-230.45" kX="5.56" kY="5.56" cX="1.27" cY="1.27" pX="0" pY="0" z="12" dI="0" dr="3"/>
          <f x="-1.5" y="-230.4" cocos2d_x="-1.5" cocos2d_y="-230.4" kX="5.42" kY="5.42" cX="1.27" cY="1.27" pX="0" pY="0" z="12" dI="1" dr="2"/>
          <f x="-1.5" y="-230.4" cocos2d_x="-1.5" cocos2d_y="-230.4" kX="5.42" kY="5.42" cX="1.27" cY="1.27" pX="0" pY="0" z="12" dI="2" dr="3"/>
          <f x="-1.3" y="-230.4" cocos2d_x="-1.3" cocos2d_y="-230.4" kX="5.42" kY="5.42" cX="1.27" cY="1.27" pX="0" pY="0" z="12" dI="3" dr="2"/>
          <f x="-1.5" y="-230.4" cocos2d_x="-1.5" cocos2d_y="-230.4" kX="5.42" kY="5.42" cX="1.27" cY="1.27" pX="0" pY="0" z="12" dI="4" dr="3"/>
          <f x="-1.5" y="-230.4" cocos2d_x="-1.5" cocos2d_y="-230.4" kX="5.42" kY="5.42" cX="1.27" cY="1.27" pX="0" pY="0" z="12" dI="1" dr="2"/>
          <f x="-1.45" y="-230.45" cocos2d_x="-1.45" cocos2d_y="-230.45" kX="5.56" kY="5.56" cX="1.27" cY="1.27" pX="0" pY="0" z="12" dI="0" dr="2"/>
          <f x="-1.45" y="-230.45" cocos2d_x="-1.45" cocos2d_y="-230.45" kX="5.56" kY="5.56" cX="1.27" cY="1.27" pX="0" pY="0" z="12" dI="0" twE="0" dr="3"/>
          <f x="1.25" y="-230.4" cocos2d_x="1.25" cocos2d_y="-230.4" kX="9.37" kY="9.37" cX="1.27" cY="1.27" pX="0" pY="0" z="12" dI="1" dr="1"/>
          <f x="2.45" y="-230.4" cocos2d_x="2.45" cocos2d_y="-230.4" kX="10.6" kY="10.6" cX="1.27" cY="1.27" pX="0" pY="0" z="12" dI="0" dr="2"/>
          <f x="2.45" y="-230.4" cocos2d_x="2.45" cocos2d_y="-230.4" kX="10.6" kY="10.6" cX="1.27" cY="1.27" pX="0" pY="0" z="12" dI="0" twE="0" dr="3"/>
          <f x="-2.55" y="-230.65" cocos2d_x="-2.55" cocos2d_y="-230.65" kX="5.68" kY="5.68" cX="1.27" cY="1.27" pX="0" pY="0" z="12" dI="1" dr="1"/>
          <f x="-4" y="-230.65" cocos2d_x="-4" cocos2d_y="-230.65" kX="3.72" kY="3.72" cX="1.27" cY="1.27" pX="0" pY="0" z="12" dI="0" dr="3"/>
          <f x="-4" y="-230.65" cocos2d_x="-4" cocos2d_y="-230.65" kX="3.72" kY="3.72" cX="1.27" cY="1.27" pX="0" pY="0" z="12" dI="1" dr="2"/>
          <f x="-4" y="-230.65" cocos2d_x="-4" cocos2d_y="-230.65" kX="3.72" kY="3.72" cX="1.27" cY="1.27" pX="0" pY="0" z="12" dI="2" dr="3"/>
          <f x="-4" y="-230.65" cocos2d_x="-4" cocos2d_y="-230.65" kX="3.72" kY="3.72" cX="1.27" cY="1.27" pX="0" pY="0" z="12" dI="3" dr="2"/>
          <f x="-4" y="-230.65" cocos2d_x="-4" cocos2d_y="-230.65" kX="3.72" kY="3.72" cX="1.27" cY="1.27" pX="0" pY="0" z="12" dI="4" dr="3"/>
          <f x="-4" y="-230.65" cocos2d_x="-4" cocos2d_y="-230.65" kX="3.72" kY="3.72" cX="1.27" cY="1.27" pX="0" pY="0" z="12" dI="5" dr="2"/>
          <f x="-4" y="-230.65" cocos2d_x="-4" cocos2d_y="-230.65" kX="3.72" kY="3.72" cX="1.27" cY="1.27" pX="0" pY="0" z="12" dI="0" dr="1"/>
        </b>
        <b name="nan2_yan2" sc="1" dl="0">
          <f x="-9" y="-276.2" cocos2d_x="-8.95" cocos2d_y="-276.2" kX="0" kY="0" cX="1" cY="1" pX="-0.05" pY="0" z="13" dI="4" dr="6"/>
          <f x="-9" y="-276.2" cocos2d_x="-8.95" cocos2d_y="-276.2" kX="0" kY="0" cX="1" cY="1" pX="-0.05" pY="0" z="13" dI="4" twE="0" dr="5"/>
          <f x="-28.15" y="-268.6" cocos2d_x="-28.1" cocos2d_y="-268.6" kX="-8.15" kY="-8.15" cX="1" cY="1" pX="-0.05" pY="0" z="13" dI="4" twE="0" dr="4"/>
          <f x="-23.25" y="-271.25" cocos2d_x="-23.2" cocos2d_y="-271.25" kX="-6.42" kY="-6.42" cX="1" cY="1" pX="-0.05" pY="0" z="13" dI="4" dr="12"/>
          <f x="-23.25" y="-271.25" cocos2d_x="-23.2" cocos2d_y="-271.25" kX="-6.42" kY="-6.42" cX="1" cY="1" pX="-0.05" pY="0" z="13" dI="5" dr="1"/>
          <f x="-23.25" y="-271.25" cocos2d_x="-23.2" cocos2d_y="-271.25" kX="-6.42" kY="-6.42" cX="1" cY="1" pX="-0.05" pY="0" z="13" dI="6" dr="2"/>
          <f x="-23.25" y="-271.25" cocos2d_x="-23.2" cocos2d_y="-271.25" kX="-6.42" kY="-6.42" cX="1" cY="1" pX="-0.05" pY="0" z="13" dI="7" dr="1"/>
          <f x="-23.25" y="-271.25" cocos2d_x="-23.2" cocos2d_y="-271.25" kX="-6.42" kY="-6.42" cX="1" cY="1" pX="-0.05" pY="0" z="13" dI="7" twE="0" dr="1"/>
          <f x="-23.8" y="-270.4" cocos2d_x="-23.75" cocos2d_y="-270.4" kX="-6.81" kY="-6.81" cX="1" cY="1" pX="-0.05" pY="0" z="13" dI="6" twE="0" dr="2"/>
          <f x="-24.9" y="-268.65" cocos2d_x="-24.85" cocos2d_y="-268.65" kX="-8.01" kY="-8.01" cX="1" cY="1" pX="-0.05" pY="0" z="13" dI="5" twE="0" dr="1"/>
          <f x="-25.45" y="-267.8" cocos2d_x="-25.4" cocos2d_y="-267.8" kX="-8.66" kY="-8.66" cX="1" cY="1" pX="-0.05" pY="-0.05" z="13" dI="4" twE="0" dr="2"/>
          <f x="-25.45" y="-267.8" cocos2d_x="-25.4" cocos2d_y="-267.8" kX="-8.66" kY="-8.66" cX="1" cY="1" pX="-0.05" pY="-0.05" z="13" dI="4" twE="0" dr="5"/>
          <f x="7.1" y="-276.55" cocos2d_x="7.15" cocos2d_y="-276.55" kX="7.8" kY="7.8" cX="1" cY="1" pX="-0.05" pY="0" z="13" dI="4" twE="0" dr="5"/>
          <f x="3.2" y="-276.55" cocos2d_x="3.25" cocos2d_y="-276.55" kX="5.66" kY="5.66" cX="1" cY="1" pX="-0.05" pY="0" z="13" dI="4" dr="18"/>
          <f x="3.2" y="-276.55" cocos2d_x="3.25" cocos2d_y="-276.55" kX="5.66" kY="5.66" cX="1" cY="1" pX="-0.05" pY="0" z="13" dI="4" twE="0" dr="5"/>
          <f x="-5.3" y="-276.15" cocos2d_x="-5.25" cocos2d_y="-276.15" kX="1.46" kY="1.46" cX="1" cY="1" pX="-0.05" pY="0" z="13" dI="4" twE="0" dr="6"/>
          <f x="3.2" y="-276.55" cocos2d_x="3.25" cocos2d_y="-276.55" kX="5.66" kY="5.66" cX="1" cY="1" pX="-0.05" pY="0" z="13" dI="4" twE="0" dr="5"/>
          <f x="-5.3" y="-276.15" cocos2d_x="-5.25" cocos2d_y="-276.15" kX="1.46" kY="1.46" cX="1" cY="1" pX="-0.05" pY="0" z="13" dI="4" twE="0" dr="6"/>
          <f x="3.2" y="-276.55" cocos2d_x="3.25" cocos2d_y="-276.55" kX="5.66" kY="5.66" cX="1" cY="1" pX="-0.05" pY="0" z="13" dI="4" twE="0" dr="5"/>
          <f x="-5.3" y="-276.15" cocos2d_x="-5.25" cocos2d_y="-276.15" kX="1.46" kY="1.46" cX="1" cY="1" pX="-0.05" pY="0" z="13" dI="4" dr="3"/>
          <f x="-5.3" y="-276.15" cocos2d_x="-5.25" cocos2d_y="-276.15" kX="1.46" kY="1.46" cX="1" cY="1" pX="-0.05" pY="0" z="13" dI="5" dr="2"/>
          <f x="-5.3" y="-276.15" cocos2d_x="-5.25" cocos2d_y="-276.15" kX="1.46" kY="1.46" cX="1" cY="1" pX="-0.05" pY="0" z="13" dI="6" dr="1"/>
          <f x="-5.3" y="-276.15" cocos2d_x="-5.25" cocos2d_y="-276.15" kX="1.46" kY="1.46" cX="1" cY="1" pX="-0.05" pY="0" z="13" dI="7" dr="2"/>
          <f x="-5.3" y="-276.15" cocos2d_x="-5.25" cocos2d_y="-276.15" kX="1.46" kY="1.46" cX="1" cY="1" pX="-0.05" pY="0" z="13" dI="6" dr="2"/>
          <f x="-5.3" y="-276.15" cocos2d_x="-5.25" cocos2d_y="-276.15" kX="1.46" kY="1.46" cX="1" cY="1" pX="-0.05" pY="0" z="13" dI="5" dr="2"/>
          <f x="-5.3" y="-276.15" cocos2d_x="-5.25" cocos2d_y="-276.15" kX="1.46" kY="1.46" cX="1" cY="1" pX="-0.05" pY="0" z="13" dI="4" dr="20"/>
          <f x="-5.3" y="-276.15" cocos2d_x="-5.25" cocos2d_y="-276.15" kX="1.46" kY="1.46" cX="1" cY="1" pX="-0.05" pY="0" z="13" dI="4" twE="0" dr="4"/>
          <f x="2.85" y="-276.2" cocos2d_x="2.9" cocos2d_y="-276.2" kX="7.1" kY="7.1" cX="1" cY="1" pX="-0.05" pY="0" z="13" dI="4" dr="2"/>
          <f x="2.85" y="-276.2" cocos2d_x="2.9" cocos2d_y="-276.2" kX="7.1" kY="7.1" cX="1" cY="1" pX="-0.05" pY="0" z="13" dI="4" twE="0" dr="4"/>
          <f x="-9" y="-276.2" cocos2d_x="-8.95" cocos2d_y="-276.2" kX="0" kY="0" cX="1" cY="1" pX="-0.05" pY="0" z="13" dI="4" dr="16"/>
        </b>
      </mov>
    </animation>
  </animations>
  <TextureAtlas name="npc_i" width="512" height="512">
    <SubTexture name="nan2_yan3" width="86" height="36" cocos2d_pX="42.75" cocos2d_pY="17.4" x="298" y="213"/>
    <SubTexture name="nan2_yan2" width="86" height="36" cocos2d_pX="42.75" cocos2d_pY="17.4" x="87" y="200"/>
    <SubTexture name="nan2_yan1" width="86" height="36" cocos2d_pX="42.75" cocos2d_pY="17.4" x="175" y="216"/>
    <SubTexture name="nan2_yan" width="86" height="38" cocos2d_pX="42.75" cocos2d_pY="18.6" x="210" y="176"/>
    <SubTexture name="nan2_yan15" width="86" height="36" cocos2d_pX="42.75" cocos2d_pY="17.4" x="263" y="251"/>
    <SubTexture name="nan2_yan14" width="86" height="36" cocos2d_pX="42.75" cocos2d_pY="17.4" x="386" y="213"/>
    <SubTexture name="nan2_yan13" width="86" height="36" cocos2d_pX="42.75" cocos2d_pY="17.4" x="87" y="238"/>
    <SubTexture name="nan2_yan12" width="86" height="38" cocos2d_pX="42.75" cocos2d_pY="18.6" x="345" y="173"/>
    <SubTexture name="z6" width="25" height="10" cocos2d_pX="12.9" cocos2d_pY="4.6" x="447" y="165"/>
    <SubTexture name="z5" width="26" height="15" cocos2d_pX="14.05" cocos2d_pY="5.6" x="380" y="153"/>
    <SubTexture name="z4" width="10" height="11" cocos2d_pX="7.7" cocos2d_pY="1.6" x="500" y="51"/>
    <SubTexture name="z3" width="29" height="17" cocos2d_pX="14.65" cocos2d_pY="6.1" x="380" y="134"/>
    <SubTexture name="z2" width="25" height="10" cocos2d_pX="12.9" cocos2d_pY="4.6" x="210" y="164"/>
    <SubTexture name="z1" width="26" height="7" cocos2d_pX="12.9" cocos2d_pY="3.85" x="474" y="165"/>
    <SubTexture name="nan2_shou" width="33" height="37" cocos2d_pX="16" cocos2d_pY="17.95" x="345" y="134"/>
    <SubTexture name="nan2_shou2" width="34" height="33" cocos2d_pX="16.4" cocos2d_pY="15.55" x="411" y="134"/>
    <SubTexture name="nan2_sao" width="85" height="309" cocos2d_pX="41.7" cocos2d_pY="153.5" x="0" y="0"/>
    <SubTexture name="nan2_gebo" width="49" height="49" cocos2d_pX="23.6" cocos2d_pY="23.95" x="458" y="0"/>
    <SubTexture name="nan2_gebo2" width="35" height="53" cocos2d_pX="16.6" cocos2d_pY="26.2" x="240" y="118"/>
    <SubTexture name="nan2_tou" width="151" height="162" cocos2d_pX="74.85" cocos2d_pY="80.6" x="87" y="0"/>
    <SubTexture name="nan2_shen" width="74" height="116" cocos2d_pX="36.45" cocos2d_pY="57.65" x="240" y="0"/>
    <SubTexture name="nan2_gebo3" width="40" height="55" cocos2d_pX="18.15" cocos2d_pY="26.95" x="458" y="108"/>
    <SubTexture name="nan2_gebo44" width="40" height="55" cocos2d_pX="18.15" cocos2d_pY="26.95" x="458" y="51"/>
    <SubTexture name="nan2_gebo4" width="32" height="55" cocos2d_pX="15.4" cocos2d_pY="26.75" x="277" y="118"/>
    <SubTexture name="nan2_gebo33" width="32" height="55" cocos2d_pX="15.4" cocos2d_pY="26.75" x="311" y="130"/>
    <SubTexture name="nan2_tui1" width="42" height="132" cocos2d_pX="20.45" cocos2d_pY="65.15" x="414" y="0"/>
    <SubTexture name="nans_tui" width="42" height="132" cocos2d_pX="20.45" cocos2d_pY="65.15" x="370" y="0"/>
    <SubTexture name="nan2_tui2" width="52" height="128" cocos2d_pX="25.4" cocos2d_pY="63.05" x="316" y="0"/>
    <SubTexture name="ying" width="121" height="34" cocos2d_pX="0" cocos2d_pY="0" x="87" y="164"/>
  </TextureAtlas>
</skeleton>