<skeleton name="npc_d" frameRate="24" version="2.2">
  <armatures>
    <armature name="nan1">
      <b name="ying2" x="6.05" y="-11.05" kX="0" kY="0" cX="0.72" cY="0.69" pX="61.05" pY="17.05" z="0">
        <d name="ying2" pX="0" pY="0"/>
      </b>
      <b name="nan1_tui" x="4.5" y="-119.6" kX="0" kY="0" cX="1" cY="1" pX="0" pY="-43.6" z="1">
        <d name="nan1_tui" pX="34.5" pY="71.65"/>
      </b>
      <b name="nan1_gebo4" x="60.35" y="-168.15" kX="0" kY="0" cX="1" cY="1" pX="16.1" pY="-6.25" z="2">
        <d name="nan1_gebo4" pX="23.1" pY="15.4"/>
      </b>
      <b name="nan1_gebo3" x="-22.05" y="-206.55" kX="0" kY="0" cX="1" cY="1" pX="12.4" pY="-22" z="3">
        <d name="nan1_gebo3" pX="11.8" pY="28.4"/>
      </b>
      <b name="nan1_gebo2" x="40" y="-206.3" kX="0" kY="0" cX="1" cY="1" pX="-11.1" pY="-16.9" z="4">
        <d name="nan1_gebo2" pX="16.05" pY="25.05"/>
      </b>
      <b name="nan1_shen" x="3.35" y="-122.1" kX="0" kY="0" cX="1" cY="1" pX="4" pY="55.2" z="5">
        <d name="nan1_shen" pX="43.05" pY="67.5"/>
      </b>
      <b name="nan1_gebo" x="-34.7" y="-162.65" kX="0" kY="0" cX="1" cY="1" pX="-29.65" pY="-14.8" z="6">
        <d name="nan1_gebo" pX="36.2" pY="25.1"/>
      </b>
      <b name="nan1_tou" x="0.6" y="-239.2" kX="0" kY="0" cX="1" cY="1" pX="-6.4" pY="77.55" z="7">
        <d name="nan1_tou" pX="72.6" pY="85.85"/>
      </b>
      <b name="nan1_yan" x="-5.65" y="-305.3" kX="0" kY="0" cX="1" cY="1" pX="-0.05" pY="0" z="8">
        <d name="nan1_yan" pX="43.4" pY="24.15"/>
        <d name="nan1_yan2" pX="43.4" pY="22.55"/>
        <d name="nan1_yan3" pX="43.4" pY="20.55"/>
        <d name="nan1_yan4" pX="43.4" pY="17.75"/>
        <d name="nan1_yan1" pX="43.4" pY="24.15"/>
      </b>
      <b name="nan1_zui" x="-3.45" y="-244.65" kX="0" kY="0" cX="1" cY="1" pX="-0.95" pY="-1.3" z="9">
        <d name="z5" pX="17" pY="9.95"/>
        <d name="z6" pX="15.85" pY="6.6"/>
        <d name="z1" pX="13.65" pY="5.7"/>
        <d name="z2" pX="12.9" pY="7.4"/>
        <d name="z3" pX="14.95" pY="8.6"/>
        <d name="z4" pX="8.45" pY="7.1"/>
      </b>
    </armature>
  </armatures>
  <animations>
    <animation name="nan1">
      <mov name="idle" dr="30" to="6" drTW="30" lp="1" twE="NaN">
        <b name="ying2" sc="1" dl="0">
          <f x="6.05" y="-11.05" cocos2d_x="-37.7" cocos2d_y="-22.8" kX="0" kY="0" cX="0.72" cY="0.69" pX="61.05" pY="17.05" z="0" dI="0" dr="29">
            <colorTransform a="0" r="0" g="0" b="0" aM="50" rM="100" gM="100" bM="100"/>
          </f>
          <f x="6.05" y="-11.05" cocos2d_x="-37.7" cocos2d_y="-22.8" kX="0" kY="0" cX="0.72" cY="0.69" pX="61.05" pY="17.05" z="0" dI="0" dr="1">
            <colorTransform a="0" r="0" g="0" b="0" aM="50" rM="100" gM="100" bM="100"/>
          </f>
        </b>
        <b name="nan1_tui" sc="1" dl="0">
          <f x="4.5" y="-119.6" cocos2d_x="4.5" cocos2d_y="-76" kX="0" kY="0" cX="1" cY="1" pX="0" pY="-43.6" z="1" dI="0" twE="0" dr="12"/>
          <f x="4.5" y="-122.65" cocos2d_x="4.5" cocos2d_y="-77.9" kX="0" kY="0" cX="0.99" cY="1.03" pX="0" pY="-43.6" z="1" dI="0" twE="0" dr="2"/>
          <f x="4.5" y="-122.95" cocos2d_x="4.5" cocos2d_y="-77.95" kX="0.02" kY="0" cX="0.99" cY="1.03" pX="0" pY="-43.75" z="1" dI="0" twE="0" dr="13"/>
          <f x="4.5" y="-119.8" cocos2d_x="4.5" cocos2d_y="-76" kX="0" kY="0" cX="1" cY="1" pX="0" pY="-43.7" z="1" dI="0" twE="0" dr="2"/>
          <f x="4.5" y="-119.6" cocos2d_x="4.5" cocos2d_y="-76" kX="0" kY="0" cX="1" cY="1" pX="0" pY="-43.6" z="1" dI="0" dr="1"/>
        </b>
        <b name="nan1_gebo4" sc="1" dl="0">
          <f x="60.35" y="-168.15" cocos2d_x="44.25" cocos2d_y="-161.9" kX="0" kY="0" cX="1" cY="1" pX="16.1" pY="-6.25" z="2" dI="0" twE="0" dr="12"/>
          <f x="58.9" y="-170.05" cocos2d_x="43.15" cocos2d_y="-162.2" kX="-5.76" kY="-5.76" cX="1.02" cY="1" pX="16.15" pY="-6.2" z="2" dI="0" twE="0" dr="2"/>
          <f x="58.7" y="-170.2" cocos2d_x="43" cocos2d_y="-162.25" kX="-6.33" kY="-6.33" cX="1.02" cY="1" pX="16.15" pY="-6.2" z="2" dI="0" twE="0" dr="13"/>
          <f x="60.3" y="-168.3" cocos2d_x="44.1" cocos2d_y="-162.05" kX="-0.3" kY="-0.3" cX="1" cY="1" pX="16.2" pY="-6.2" z="2" dI="0" twE="0" dr="2"/>
          <f x="60.35" y="-168.15" cocos2d_x="44.25" cocos2d_y="-161.9" kX="0" kY="0" cX="1" cY="1" pX="16.1" pY="-6.25" z="2" dI="0" dr="1"/>
        </b>
        <b name="nan1_gebo3" sc="1" dl="0">
          <f x="-22.05" y="-206.55" cocos2d_x="-34.45" cocos2d_y="-184.55" kX="0" kY="0" cX="1" cY="1" pX="12.4" pY="-22" z="3" dI="0" twE="0" dr="12"/>
          <f x="-22.9" y="-210.2" cocos2d_x="-34.9" cocos2d_y="-187.85" kX="-1.77" kY="-1.77" cX="1.02" cY="1" pX="12.45" pY="-22.05" z="3" dI="0" twE="0" dr="2"/>
          <f x="-23.05" y="-210.55" cocos2d_x="-34.95" cocos2d_y="-188.15" kX="-2.02" kY="-2.01" cX="1.02" cY="1" pX="12.45" pY="-22" z="3" dI="0" twE="0" dr="13"/>
          <f x="-22.15" y="-206.85" cocos2d_x="-34.55" cocos2d_y="-184.75" kX="-0.04" kY="-0.04" cX="1" cY="1" pX="12.45" pY="-22.1" z="3" dI="0" twE="0" dr="2"/>
          <f x="-22.05" y="-206.55" cocos2d_x="-34.45" cocos2d_y="-184.55" kX="0" kY="0" cX="1" cY="1" pX="12.4" pY="-22" z="3" dI="0" dr="1"/>
        </b>
        <b name="nan1_gebo2" sc="1" dl="0">
          <f x="40" y="-206.3" cocos2d_x="51.1" cocos2d_y="-189.4" kX="0" kY="0" cX="1" cY="1" pX="-11.1" pY="-16.9" z="4" dI="0" twE="0" dr="12"/>
          <f x="39" y="-208.3" cocos2d_x="50.2" cocos2d_y="-191.35" kX="0.54" kY="0.54" cX="1.02" cY="1" pX="-11.1" pY="-16.9" z="4" dI="0" twE="0" dr="2"/>
          <f x="38.9" y="-208.5" cocos2d_x="50" cocos2d_y="-191.5" kX="0.71" kY="0.71" cX="1.02" cY="1" pX="-11.05" pY="-16.95" z="4" dI="0" twE="0" dr="13"/>
          <f x="39.9" y="-206.45" cocos2d_x="51" cocos2d_y="-189.45" kX="0.01" kY="0.01" cX="1" cY="1" pX="-11.05" pY="-17" z="4" dI="0" twE="0" dr="2"/>
          <f x="40" y="-206.3" cocos2d_x="51.1" cocos2d_y="-189.4" kX="0" kY="0" cX="1" cY="1" pX="-11.1" pY="-16.9" z="4" dI="0" dr="1"/>
        </b>
        <b name="nan1_shen" sc="1" dl="0">
          <f x="3.35" y="-122.1" cocos2d_x="-0.65" cocos2d_y="-177.3" kX="0" kY="0" cX="1" cY="1" pX="4" pY="55.2" z="5" dI="0" twE="0" dr="12"/>
          <f x="2" y="-125.7" cocos2d_x="-1.55" cocos2d_y="-180.75" kX="0.54" kY="0.54" cX="1.02" cY="1" pX="3.95" pY="55.2" z="5" dI="0" twE="0" dr="2"/>
          <f x="1.85" y="-126.05" cocos2d_x="-1.5" cocos2d_y="-181.1" kX="0.71" kY="0.71" cX="1.02" cY="1" pX="3.95" pY="55.25" z="5" dI="0" twE="0" dr="13"/>
          <f x="3.25" y="-122.4" cocos2d_x="-0.7" cocos2d_y="-177.6" kX="0.01" kY="0.01" cX="1" cY="1" pX="3.95" pY="55.2" z="5" dI="0" twE="0" dr="2"/>
          <f x="3.35" y="-122.1" cocos2d_x="-0.65" cocos2d_y="-177.3" kX="0" kY="0" cX="1" cY="1" pX="4" pY="55.2" z="5" dI="0" dr="1"/>
        </b>
        <b name="nan1_gebo" sc="1" dl="0">
          <f x="-34.7" y="-162.65" cocos2d_x="-5.05" cocos2d_y="-147.85" kX="0" kY="0" cX="1" cY="1" pX="-29.65" pY="-14.8" z="6" dI="0" twE="0" dr="12"/>
          <f x="-35.45" y="-166.6" cocos2d_x="-4.95" cocos2d_y="-152.4" kX="-1.04" kY="-1.03" cX="1.02" cY="1" pX="-29.65" pY="-14.8" z="6" dI="0" twE="0" dr="2"/>
          <f x="-35.5" y="-166.95" cocos2d_x="-4.9" cocos2d_y="-152.9" kX="-1.24" kY="-1.24" cX="1.02" cY="1" pX="-29.65" pY="-14.75" z="6" dI="0" twE="0" dr="13"/>
          <f x="-34.8" y="-162.95" cocos2d_x="-5.1" cocos2d_y="-148.2" kX="-0.02" kY="-0.02" cX="1" cY="1" pX="-29.65" pY="-14.75" z="6" dI="0" twE="0" dr="2"/>
          <f x="-34.7" y="-162.65" cocos2d_x="-5.05" cocos2d_y="-147.85" kX="0" kY="0" cX="1" cY="1" pX="-29.65" pY="-14.8" z="6" dI="0" dr="1"/>
        </b>
        <b name="nan1_tou" sc="1" dl="0">
          <f x="0.6" y="-239.2" cocos2d_x="7" cocos2d_y="-316.75" kX="0" kY="0" cX="1" cY="1" pX="-6.4" pY="77.55" z="7" dI="0" twE="0" dr="12"/>
          <f x="0.75" y="-242.55" cocos2d_x="9.95" cocos2d_y="-319.8" kX="2.05" kY="2.05" cX="1" cY="1" pX="-6.45" pY="77.5" z="7" dI="0" twE="0" dr="2"/>
          <f x="0.75" y="-242.85" cocos2d_x="10.4" cocos2d_y="-320" kX="2.41" kY="2.41" cX="1" cY="1" pX="-6.4" pY="77.45" z="7" dI="0" twE="0" dr="13"/>
          <f x="0.55" y="-239.45" cocos2d_x="7.05" cocos2d_y="-316.95" kX="0.04" kY="0.04" cX="1" cY="1" pX="-6.45" pY="77.5" z="7" dI="0" twE="0" dr="2"/>
          <f x="0.6" y="-239.2" cocos2d_x="7" cocos2d_y="-316.75" kX="0" kY="0" cX="1" cY="1" pX="-6.4" pY="77.55" z="7" dI="0" dr="1"/>
        </b>
        <b name="nan1_yan" sc="1" dl="0">
          <f x="-5.65" y="-305.3" cocos2d_x="-5.6" cocos2d_y="-305.3" kX="0" kY="0" cX="1" cY="1" pX="-0.05" pY="0" z="8" dI="0" twE="0" dr="12"/>
          <f x="-2.95" y="-308.8" cocos2d_x="-2.9" cocos2d_y="-308.8" kX="2.05" kY="2.05" cX="1" cY="1" pX="-0.05" pY="0" z="8" dI="0" twE="0" dr="2"/>
          <f x="-2.7" y="-309.1" cocos2d_x="-2.65" cocos2d_y="-309.1" kX="2.41" kY="2.41" cX="1" cY="1" pX="-0.05" pY="0" z="8" dI="0" twE="0" dr="1"/>
          <f x="-2.85" y="-308.9" cocos2d_x="-2.8" cocos2d_y="-308.9" kX="2.06" kY="2.06" cX="1" cY="1" pX="-0.05" pY="0" z="8" dI="1" twE="0" dr="1"/>
          <f x="-3" y="-308.55" cocos2d_x="-2.95" cocos2d_y="-308.55" kX="1.78" kY="1.78" cX="1" cY="1" pX="-0.05" pY="0" z="8" dI="2" twE="0" dr="2"/>
          <f x="-3.45" y="-308" cocos2d_x="-3.4" cocos2d_y="-308" kX="1.3" kY="1.3" cX="1" cY="1" pX="-0.05" pY="0" z="8" dI="3" twE="0" dr="3"/>
          <f x="-4.05" y="-307.15" cocos2d_x="-4" cocos2d_y="-307.15" kX="0.78" kY="0.78" cX="1" cY="1" pX="-0.05" pY="0" z="8" dI="2" twE="0" dr="1"/>
          <f x="-4.3" y="-306.9" cocos2d_x="-4.25" cocos2d_y="-306.9" kX="0.54" kY="0.54" cX="1" cY="1" pX="-0.05" pY="0" z="8" dI="1" twE="0" dr="2"/>
          <f x="-4.75" y="-306.35" cocos2d_x="-4.7" cocos2d_y="-306.35" kX="0.27" kY="0.27" cX="1" cY="1" pX="-0.05" pY="0" z="8" dI="0" twE="0" dr="3"/>
          <f x="-5.45" y="-305.55" cocos2d_x="-5.4" cocos2d_y="-305.55" kX="0.04" kY="0.04" cX="1" cY="1" pX="-0.05" pY="0" z="8" dI="0" twE="0" dr="2"/>
          <f x="-5.65" y="-305.3" cocos2d_x="-5.6" cocos2d_y="-305.3" kX="0" kY="0" cX="1" cY="1" pX="-0.05" pY="0" z="8" dI="0" dr="1"/>
        </b>
        <b name="nan1_zui" sc="1" dl="0">
          <f x="-3.45" y="-244.65" cocos2d_x="-2.5" cocos2d_y="-243.35" kX="0" kY="0" cX="1" cY="1" pX="-0.95" pY="-1.3" z="9" dI="0" twE="0" dr="12"/>
          <f x="-3.05" y="-248.2" cocos2d_x="-2.15" cocos2d_y="-246.95" kX="2.01" kY="2.01" cX="1" cY="1" pX="-0.9" pY="-1.25" z="9" dI="0" twE="0" dr="2"/>
          <f x="-3" y="-248.45" cocos2d_x="-2.1" cocos2d_y="-247.1" kX="2.21" kY="2.21" cX="1" cY="1" pX="-0.95" pY="-1.35" z="9" dI="0" twE="0" dr="13"/>
          <f x="-3.4" y="-244.9" cocos2d_x="-2.45" cocos2d_y="-243.55" kX="0.04" kY="0.04" cX="1" cY="1" pX="-0.95" pY="-1.35" z="9" dI="0" twE="0" dr="2"/>
          <f x="-3.45" y="-244.65" cocos2d_x="-2.5" cocos2d_y="-243.35" kX="0" kY="0" cX="1" cY="1" pX="-0.95" pY="-1.3" z="9" dI="0" dr="1"/>
        </b>
      </mov>
      <mov name="shou" dr="170" to="6" drTW="170" lp="0" twE="NaN">
        <b name="ying2" sc="1" dl="0">
          <f x="6.05" y="-11.05" cocos2d_x="-37.7" cocos2d_y="-22.8" kX="0" kY="0" cX="0.72" cY="0.69" pX="61.05" pY="17.05" z="0" dI="0" dr="170">
            <colorTransform a="0" r="0" g="0" b="0" aM="50" rM="100" gM="100" bM="100"/>
          </f>
        </b>
        <b name="nan1_tui" sc="1" dl="0">
          <f x="4.5" y="-119.6" cocos2d_x="4.5" cocos2d_y="-76" kX="0" kY="0" cX="1" cY="1" pX="0" pY="-43.6" z="1" dI="0" twE="0" dr="5"/>
          <f x="4.5" y="-119.6" cocos2d_x="4.5" cocos2d_y="-76" kX="0" kY="0" cX="1" cY="1" pX="0" pY="-43.6" z="1" dI="0" twE="0" dr="3"/>
          <f x="4.5" y="-119.6" cocos2d_x="4.5" cocos2d_y="-76" kX="0" kY="0" cX="1" cY="1" pX="0" pY="-43.6" z="1" dI="0" dr="37"/>
          <f x="4.5" y="-119.6" cocos2d_x="4.5" cocos2d_y="-76" kX="0" kY="0" cX="1" cY="1" pX="0" pY="-43.6" z="1" dI="0" dr="5"/>
          <f x="4.5" y="-119.6" cocos2d_x="4.5" cocos2d_y="-76" kX="0" kY="0" cX="1" cY="1" pX="0" pY="-43.6" z="1" dI="0" dr="1"/>
          <f x="4.5" y="-119.6" cocos2d_x="4.5" cocos2d_y="-76" kX="0" kY="0" cX="1" cY="1" pX="0" pY="-43.6" z="1" dI="0" dr="5"/>
          <f x="4.5" y="-119.6" cocos2d_x="4.5" cocos2d_y="-76" kX="0" kY="0" cX="1" cY="1" pX="0" pY="-43.6" z="1" dI="0" dr="37"/>
          <f x="4.5" y="-119.6" cocos2d_x="4.5" cocos2d_y="-76" kX="0" kY="0" cX="1" cY="1" pX="0" pY="-43.6" z="1" dI="0" twE="0" dr="6"/>
          <f x="4.5" y="-119.6" cocos2d_x="4.5" cocos2d_y="-76" kX="0" kY="0" cX="1" cY="1" pX="0" pY="-43.6" z="1" dI="0" twE="0" dr="4"/>
          <f x="4.5" y="-119.6" cocos2d_x="4.5" cocos2d_y="-76" kX="0" kY="0" cX="1" cY="1" pX="0" pY="-43.6" z="1" dI="0" dr="26"/>
          <f x="4.5" y="-119.6" cocos2d_x="4.5" cocos2d_y="-76" kX="0" kY="0" cX="1" cY="1" pX="0" pY="-43.6" z="1" dI="0" twE="0" dr="9"/>
          <f x="4.5" y="-119.6" cocos2d_x="4.5" cocos2d_y="-76" kX="0" kY="0" cX="1" cY="1" pX="0" pY="-43.6" z="1" dI="0" dr="32"/>
        </b>
        <b name="nan1_gebo4" sc="1" dl="0">
          <f x="60.35" y="-168.15" cocos2d_x="44.25" cocos2d_y="-161.9" kX="0" kY="0" cX="1" cY="1" pX="16.1" pY="-6.25" z="2" dI="0" twE="0" dr="5"/>
          <f x="59.3" y="-174" cocos2d_x="44.4" cocos2d_y="-165.2" kX="-9.52" kY="-9.52" cX="1" cY="1" pX="16.15" pY="-6.25" z="2" dI="0" twE="0" dr="3"/>
          <f x="59.15" y="-174.85" cocos2d_x="44.5" cocos2d_y="-165.7" kX="-10.91" kY="-10.91" cX="1" cY="1" pX="16.15" pY="-6.2" z="2" dI="0" dr="37"/>
          <f x="59.15" y="-174.85" cocos2d_x="44.5" cocos2d_y="-165.7" kX="-10.91" kY="-10.91" cX="1" cY="1" pX="16.15" pY="-6.2" z="2" dI="0" twE="0" dr="5"/>
          <f x="57.65" y="-176.3" cocos2d_x="43.2" cocos2d_y="-166.75" kX="-12.39" kY="-12.39" cX="1" cY="1" pX="16.15" pY="-6.25" z="2" dI="0" dr="1"/>
          <f x="57.65" y="-176.3" cocos2d_x="43.2" cocos2d_y="-166.75" kX="-12.39" kY="-12.39" cX="1" cY="1" pX="16.15" pY="-6.25" z="2" dI="0" twE="0" dr="5"/>
          <f x="57.3" y="-162.95" cocos2d_x="43.4" cocos2d_y="-152.55" kX="-15.68" kY="-15.68" cX="1" cY="1" pX="16.2" pY="-6.3" z="2" dI="0" dr="37"/>
          <f x="57.3" y="-162.95" cocos2d_x="43.4" cocos2d_y="-152.55" kX="-15.68" kY="-15.68" cX="1" cY="1" pX="16.2" pY="-6.3" z="2" dI="0" twE="0" dr="6"/>
          <f x="55.55" y="-163.7" cocos2d_x="42" cocos2d_y="-153" kX="-19.31" kY="-17.79" cX="1.01" cY="0.97" pX="16.15" pY="-6.2" z="2" dI="0" twE="0" dr="4"/>
          <f x="55.35" y="-163.85" cocos2d_x="41.75" cocos2d_y="-153" kX="-20.04" kY="-18.2" cX="1.02" cY="0.96" pX="16.25" pY="-6.3" z="2" dI="0" dr="26"/>
          <f x="55.35" y="-163.85" cocos2d_x="41.75" cocos2d_y="-153" kX="-20.04" kY="-18.2" cX="1.02" cY="0.96" pX="16.25" pY="-6.3" z="2" dI="0" twE="0" dr="9"/>
          <f x="60.35" y="-168.15" cocos2d_x="44.25" cocos2d_y="-161.9" kX="0" kY="0" cX="1" cY="1" pX="16.1" pY="-6.25" z="2" dI="0" dr="32"/>
        </b>
        <b name="nan1_gebo3" sc="1" dl="0">
          <f x="-22.05" y="-206.55" cocos2d_x="-34.45" cocos2d_y="-184.55" kX="0" kY="0" cX="1" cY="1" pX="12.4" pY="-22" z="3" dI="0" twE="0" dr="5"/>
          <f x="-28.9" y="-204" cocos2d_x="-43.4" cocos2d_y="-183.4" kX="5.8" kY="5.8" cX="1" cY="1" pX="12.4" pY="-22" z="3" dI="0" twE="0" dr="3"/>
          <f x="-29.9" y="-203.65" cocos2d_x="-44.75" cocos2d_y="-183.35" kX="6.79" kY="6.79" cX="1" cY="1" pX="12.35" pY="-21.9" z="3" dI="0" dr="37"/>
          <f x="-29.9" y="-203.65" cocos2d_x="-44.75" cocos2d_y="-183.35" kX="6.79" kY="6.79" cX="1" cY="1" pX="12.35" pY="-21.9" z="3" dI="0" twE="0" dr="5"/>
          <f x="-32.15" y="-202.8" cocos2d_x="-46.5" cocos2d_y="-182.1" kX="5.31" kY="5.31" cX="1" cY="1" pX="12.4" pY="-22" z="3" dI="0" dr="1"/>
          <f x="-32.15" y="-202.8" cocos2d_x="-46.5" cocos2d_y="-182.1" kX="5.31" kY="5.31" cX="1" cY="1" pX="12.4" pY="-22" z="3" dI="0" twE="0" dr="5"/>
          <f x="-18.35" y="-206.9" cocos2d_x="-32.05" cocos2d_y="-185.75" kX="3.52" kY="3.52" cX="1" cY="1" pX="12.4" pY="-21.9" z="3" dI="0" dr="37"/>
          <f x="-18.35" y="-206.9" cocos2d_x="-32.05" cocos2d_y="-185.75" kX="3.52" kY="3.52" cX="1" cY="1" pX="12.4" pY="-21.9" z="3" dI="0" twE="0" dr="6"/>
          <f x="-23.4" y="-202.15" cocos2d_x="-36.3" cocos2d_y="-181" kX="0.76" kY="0.29" cX="1.02" cY="0.97" pX="12.4" pY="-22" z="3" dI="0" twE="0" dr="4"/>
          <f x="-24.25" y="-201.35" cocos2d_x="-37.05" cocos2d_y="-180.2" kX="0.33" kY="-0.1" cX="1.02" cY="0.96" pX="12.4" pY="-22" z="3" dI="0" dr="26"/>
          <f x="-24.25" y="-201.35" cocos2d_x="-37.05" cocos2d_y="-180.2" kX="0.33" kY="-0.1" cX="1.02" cY="0.96" pX="12.4" pY="-22" z="3" dI="0" twE="0" dr="9"/>
          <f x="-22.05" y="-206.55" cocos2d_x="-34.45" cocos2d_y="-184.55" kX="0" kY="0" cX="1" cY="1" pX="12.4" pY="-22" z="3" dI="0" dr="32"/>
        </b>
        <b name="nan1_gebo2" sc="1" dl="0">
          <f x="40" y="-206.3" cocos2d_x="51.1" cocos2d_y="-189.4" kX="0" kY="0" cX="1" cY="1" pX="-11.1" pY="-16.9" z="4" dI="0" twE="0" dr="5"/>
          <f x="32.9" y="-209.2" cocos2d_x="46.4" cocos2d_y="-194.2" kX="-8.79" kY="-8.79" cX="1" cY="1" pX="-11.05" pY="-16.9" z="4" dI="0" twE="0" dr="3"/>
          <f x="31.9" y="-209.6" cocos2d_x="45.85" cocos2d_y="-194.9" kX="-10.16" kY="-10.16" cX="1" cY="1" pX="-11.15" pY="-16.9" z="4" dI="0" dr="37"/>
          <f x="31.9" y="-209.6" cocos2d_x="45.85" cocos2d_y="-194.9" kX="-10.16" kY="-10.16" cX="1" cY="1" pX="-11.15" pY="-16.9" z="4" dI="0" twE="0" dr="5"/>
          <f x="29.5" y="-210.35" cocos2d_x="43.8" cocos2d_y="-196" kX="-11.65" kY="-11.65" cX="1" cY="1" pX="-11.1" pY="-16.95" z="4" dI="0" dr="1"/>
          <f x="29.5" y="-210.35" cocos2d_x="43.8" cocos2d_y="-196" kX="-11.65" kY="-11.65" cX="1" cY="1" pX="-11.1" pY="-16.95" z="4" dI="0" twE="0" dr="5"/>
          <f x="43.7" y="-204.35" cocos2d_x="52.05" cocos2d_y="-185.95" kX="8.79" kY="8.79" cX="1" cY="1" pX="-11.05" pY="-16.95" z="4" dI="0" dr="37"/>
          <f x="43.7" y="-204.35" cocos2d_x="52.05" cocos2d_y="-185.95" kX="8.79" kY="8.79" cX="1" cY="1" pX="-11.05" pY="-16.95" z="4" dI="0" twE="0" dr="6"/>
          <f x="39.75" y="-202.95" cocos2d_x="49.1" cocos2d_y="-185.65" kX="6.27" kY="5.29" cX="1.02" cY="0.97" pX="-11.05" pY="-16.95" z="4" dI="0" twE="0" dr="4"/>
          <f x="39.1" y="-202.65" cocos2d_x="48.6" cocos2d_y="-185.5" kX="5.93" kY="4.86" cX="1.02" cY="0.96" pX="-11.05" pY="-16.95" z="4" dI="0" dr="26"/>
          <f x="39.1" y="-202.65" cocos2d_x="48.6" cocos2d_y="-185.5" kX="5.93" kY="4.86" cX="1.02" cY="0.96" pX="-11.05" pY="-16.95" z="4" dI="0" twE="0" dr="9"/>
          <f x="40" y="-206.3" cocos2d_x="51.1" cocos2d_y="-189.4" kX="0" kY="0" cX="1" cY="1" pX="-11.1" pY="-16.9" z="4" dI="0" dr="32"/>
        </b>
        <b name="nan1_shen" sc="1" dl="0">
          <f x="3.35" y="-122.1" cocos2d_x="-0.65" cocos2d_y="-177.3" kX="0" kY="0" cX="1" cY="1" pX="4" pY="55.2" z="5" dI="0" twE="0" dr="5"/>
          <f x="3.75" y="-122.2" cocos2d_x="-4.8" cocos2d_y="-176.85" kX="-4.81" kY="-4.81" cX="1" cY="1" pX="3.95" pY="55.15" z="5" dI="0" twE="0" dr="3"/>
          <f x="3.8" y="-122.2" cocos2d_x="-5.65" cocos2d_y="-176.7" kX="-5.71" kY="-5.71" cX="1" cY="1" pX="4" pY="55.15" z="5" dI="0" dr="37"/>
          <f x="3.8" y="-122.2" cocos2d_x="-5.65" cocos2d_y="-176.7" kX="-5.71" kY="-5.71" cX="1" cY="1" pX="4" pY="55.15" z="5" dI="0" twE="0" dr="5"/>
          <f x="3.65" y="-122.25" cocos2d_x="-7.2" cocos2d_y="-176.45" kX="-7.19" kY="-7.19" cX="1" cY="1" pX="3.95" pY="55.1" z="5" dI="0" dr="1"/>
          <f x="3.65" y="-122.25" cocos2d_x="-7.2" cocos2d_y="-176.45" kX="-7.19" kY="-7.19" cX="1" cY="1" pX="3.95" pY="55.1" z="5" dI="0" twE="0" dr="5"/>
          <f x="3.7" y="-121.7" cocos2d_x="1.9" cocos2d_y="-177" kX="2.27" kY="2.27" cX="1" cY="1" pX="4" pY="55.2" z="5" dI="0" dr="37"/>
          <f x="3.7" y="-121.7" cocos2d_x="1.9" cocos2d_y="-177" kX="2.27" kY="2.27" cX="1" cY="1" pX="4" pY="55.2" z="5" dI="0" twE="0" dr="6"/>
          <f x="3.1" y="-121.2" cocos2d_x="-1.45" cocos2d_y="-174.4" kX="-0.51" kY="-0.75" cX="1.02" cY="0.97" pX="4.05" pY="55.15" z="5" dI="0" twE="0" dr="4"/>
          <f x="3.05" y="-121.05" cocos2d_x="-1.95" cocos2d_y="-173.95" kX="-1" kY="-1.28" cX="1.02" cY="0.96" pX="3.95" pY="55.2" z="5" dI="0" dr="26"/>
          <f x="3.05" y="-121.05" cocos2d_x="-1.95" cocos2d_y="-173.95" kX="-1" kY="-1.28" cX="1.02" cY="0.96" pX="3.95" pY="55.2" z="5" dI="0" twE="0" dr="9"/>
          <f x="3.35" y="-122.1" cocos2d_x="-0.65" cocos2d_y="-177.3" kX="0" kY="0" cX="1" cY="1" pX="4" pY="55.2" z="5" dI="0" dr="32"/>
        </b>
        <b name="nan1_gebo" sc="1" dl="0">
          <f x="-34.7" y="-162.65" cocos2d_x="-5.05" cocos2d_y="-147.85" kX="0" kY="0" cX="1" cY="1" pX="-29.65" pY="-14.8" z="6" dI="0" twE="0" dr="5"/>
          <f x="-47.45" y="-163.45" cocos2d_x="-15.05" cocos2d_y="-156.5" kX="-14.29" kY="-14.29" cX="1" cY="1" pX="-29.7" pY="-14.75" z="6" dI="0" twE="0" dr="3"/>
          <f x="-49.3" y="-163.55" cocos2d_x="-16.65" cocos2d_y="-157.7" kX="-16.41" kY="-16.41" cX="1" cY="1" pX="-29.7" pY="-14.9" z="6" dI="0" dr="37"/>
          <f x="-49.3" y="-163.55" cocos2d_x="-16.65" cocos2d_y="-157.7" kX="-16.41" kY="-16.41" cX="1" cY="1" pX="-29.7" pY="-14.9" z="6" dI="0" twE="0" dr="5"/>
          <f x="-50.6" y="-162.2" cocos2d_x="-17.75" cocos2d_y="-157.2" kX="-17.89" kY="-17.89" cX="1" cY="1" pX="-29.7" pY="-14.85" z="6" dI="0" dr="1"/>
          <f x="-50.6" y="-162.2" cocos2d_x="-17.75" cocos2d_y="-157.2" kX="-17.89" kY="-17.89" cX="1" cY="1" pX="-29.7" pY="-14.85" z="6" dI="0" twE="0" dr="5"/>
          <f x="-35.2" y="-165.25" cocos2d_x="-2.5" cocos2d_y="-159.35" kX="-16.39" kY="-16.39" cX="1" cY="1" pX="-29.65" pY="-14.95" z="6" dI="0" dr="37"/>
          <f x="-35.2" y="-165.25" cocos2d_x="-2.5" cocos2d_y="-159.35" kX="-16.39" kY="-16.39" cX="1" cY="1" pX="-29.65" pY="-14.95" z="6" dI="0" twE="0" dr="6"/>
          <f x="-38.5" y="-161.15" cocos2d_x="-5.05" cocos2d_y="-157.15" kX="-20.06" kY="-18.52" cX="1.01" cY="0.97" pX="-29.7" pY="-14.95" z="6" dI="0" twE="0" dr="4"/>
          <f x="-39.1" y="-160.45" cocos2d_x="-5.45" cocos2d_y="-156.8" kX="-20.79" kY="-18.88" cX="1.02" cY="0.96" pX="-29.75" pY="-14.8" z="6" dI="0" dr="26"/>
          <f x="-39.1" y="-160.45" cocos2d_x="-5.45" cocos2d_y="-156.8" kX="-20.79" kY="-18.88" cX="1.02" cY="0.96" pX="-29.75" pY="-14.8" z="6" dI="0" twE="0" dr="9"/>
          <f x="-34.7" y="-162.65" cocos2d_x="-5.05" cocos2d_y="-147.85" kX="0" kY="0" cX="1" cY="1" pX="-29.65" pY="-14.8" z="6" dI="0" dr="32"/>
        </b>
        <b name="nan1_tou" sc="1" dl="0">
          <f x="0.6" y="-239.2" cocos2d_x="7" cocos2d_y="-316.75" kX="0" kY="0" cX="1" cY="1" pX="-6.4" pY="77.55" z="7" dI="0" twE="0" dr="5"/>
          <f x="-9.15" y="-234.95" cocos2d_x="-11.65" cocos2d_y="-312.7" kX="-6.56" kY="-6.56" cX="1" cY="1" pX="-6.35" pY="77.55" z="7" dI="0" twE="0" dr="3"/>
          <f x="-10.55" y="-234.35" cocos2d_x="-14.6" cocos2d_y="-312.1" kX="-7.68" kY="-7.68" cX="1" cY="1" pX="-6.4" pY="77.6" z="7" dI="0" dr="37"/>
          <f x="-10.55" y="-234.35" cocos2d_x="-14.6" cocos2d_y="-312.1" kX="-7.68" kY="-7.68" cX="1" cY="1" pX="-6.4" pY="77.6" z="7" dI="0" twE="0" dr="5"/>
          <f x="-13.6" y="-234" cocos2d_x="-19.7" cocos2d_y="-311.6" kX="-9.17" kY="-9.17" cX="1" cY="1" pX="-6.35" pY="77.6" z="7" dI="0" dr="1"/>
          <f x="-13.6" y="-234" cocos2d_x="-19.7" cocos2d_y="-311.6" kX="-9.17" kY="-9.17" cX="1" cY="1" pX="-6.35" pY="77.6" z="7" dI="0" twE="0" dr="5"/>
          <f x="5" y="-234.8" cocos2d_x="15.4" cocos2d_y="-311.9" kX="3.02" kY="3.02" cX="1" cY="1" pX="-6.35" pY="77.5" z="7" dI="0" dr="37"/>
          <f x="5" y="-234.8" cocos2d_x="15.4" cocos2d_y="-311.9" kX="3.02" kY="3.02" cX="1" cY="1" pX="-6.35" pY="77.5" z="7" dI="0" twE="0" dr="6"/>
          <f x="0.65" y="-229.85" cocos2d_x="1.9" cocos2d_y="-307.65" kX="-3.75" kY="-3.75" cX="1" cY="1" pX="-6.35" pY="77.6" z="7" dI="0" twE="0" dr="4"/>
          <f x="-0.1" y="-229" cocos2d_x="-0.4" cocos2d_y="-306.8" kX="-4.9" kY="-4.9" cX="1" cY="1" pX="-6.35" pY="77.6" z="7" dI="0" dr="26"/>
          <f x="-0.1" y="-229" cocos2d_x="-0.4" cocos2d_y="-306.8" kX="-4.9" kY="-4.9" cX="1" cY="1" pX="-6.35" pY="77.6" z="7" dI="0" twE="0" dr="9"/>
          <f x="0.6" y="-239.2" cocos2d_x="7" cocos2d_y="-316.75" kX="0" kY="0" cX="1" cY="1" pX="-6.4" pY="77.55" z="7" dI="0" dr="32"/>
        </b>
        <b name="nan1_yan" sc="1" dl="0">
          <f x="-5.65" y="-305.3" cocos2d_x="-5.6" cocos2d_y="-305.3" kX="0" kY="0" cX="1" cY="1" pX="-0.05" pY="0" z="8" dI="0" twE="0" dr="5"/>
          <f x="-23.1" y="-299.85" cocos2d_x="-23.05" cocos2d_y="-299.85" kX="-6.56" kY="-6.56" cX="1" cY="1" pX="-0.05" pY="0" z="8" dI="0" twE="0" dr="3"/>
          <f x="-25.6" y="-299.05" cocos2d_x="-25.55" cocos2d_y="-299.05" kX="-7.68" kY="-7.68" cX="1" cY="1" pX="-0.05" pY="0" z="8" dI="0" dr="5"/>
          <f x="-25.6" y="-299.05" cocos2d_x="-25.55" cocos2d_y="-299.05" kX="-7.68" kY="-7.68" cX="1" cY="1" pX="-0.05" pY="0" z="8" dI="1" dr="1"/>
          <f x="-25.6" y="-299.05" cocos2d_x="-25.55" cocos2d_y="-299.05" kX="-7.68" kY="-7.68" cX="1" cY="1" pX="-0.05" pY="0" z="8" dI="2" dr="2"/>
          <f x="-25.6" y="-299.05" cocos2d_x="-25.55" cocos2d_y="-299.05" kX="-7.68" kY="-7.68" cX="1" cY="1" pX="-0.05" pY="0" z="8" dI="3" dr="3"/>
          <f x="-25.6" y="-299.05" cocos2d_x="-25.55" cocos2d_y="-299.05" kX="-7.68" kY="-7.68" cX="1" cY="1" pX="-0.05" pY="0" z="8" dI="2" dr="1"/>
          <f x="-25.6" y="-299.05" cocos2d_x="-25.55" cocos2d_y="-299.05" kX="-7.68" kY="-7.68" cX="1" cY="1" pX="-0.05" pY="0" z="8" dI="1" dr="2"/>
          <f x="-25.6" y="-299.05" cocos2d_x="-25.55" cocos2d_y="-299.05" kX="-7.68" kY="-7.68" cX="1" cY="1" pX="-0.05" pY="0" z="8" dI="4" dr="23"/>
          <f x="-25.6" y="-299.05" cocos2d_x="-25.55" cocos2d_y="-299.05" kX="-7.68" kY="-7.68" cX="1" cY="1" pX="-0.05" pY="0" z="8" dI="0" twE="0" dr="5"/>
          <f x="-30.35" y="-298.25" cocos2d_x="-30.3" cocos2d_y="-298.25" kX="-9.17" kY="-9.17" cX="1" cY="1" pX="-0.05" pY="0" z="8" dI="0" dr="1"/>
          <f x="-30.35" y="-298.25" cocos2d_x="-30.3" cocos2d_y="-298.25" kX="-9.17" kY="-9.17" cX="1" cY="1" pX="-0.05" pY="0" z="8" dI="0" twE="0" dr="5"/>
          <f x="2.15" y="-301.2" cocos2d_x="2.2" cocos2d_y="-301.15" kX="3.02" kY="3.02" cX="1" cY="1" pX="-0.05" pY="-0.05" z="8" dI="0" dr="5"/>
          <f x="2.15" y="-301.2" cocos2d_x="2.2" cocos2d_y="-301.15" kX="3.02" kY="3.02" cX="1" cY="1" pX="-0.05" pY="-0.05" z="8" dI="1" dr="1"/>
          <f x="2.15" y="-301.2" cocos2d_x="2.2" cocos2d_y="-301.15" kX="3.02" kY="3.02" cX="1" cY="1" pX="-0.05" pY="-0.05" z="8" dI="2" dr="2"/>
          <f x="2.15" y="-301.2" cocos2d_x="2.2" cocos2d_y="-301.15" kX="3.02" kY="3.02" cX="1" cY="1" pX="-0.05" pY="-0.05" z="8" dI="3" dr="3"/>
          <f x="2.15" y="-301.2" cocos2d_x="2.2" cocos2d_y="-301.15" kX="3.02" kY="3.02" cX="1" cY="1" pX="-0.05" pY="-0.05" z="8" dI="2" dr="1"/>
          <f x="2.15" y="-301.2" cocos2d_x="2.2" cocos2d_y="-301.15" kX="3.02" kY="3.02" cX="1" cY="1" pX="-0.05" pY="-0.05" z="8" dI="1" dr="2"/>
          <f x="2.15" y="-301.2" cocos2d_x="2.2" cocos2d_y="-301.15" kX="3.02" kY="3.02" cX="1" cY="1" pX="-0.05" pY="-0.05" z="8" dI="0" dr="23"/>
          <f x="2.15" y="-301.2" cocos2d_x="2.2" cocos2d_y="-301.15" kX="3.02" kY="3.02" cX="1" cY="1" pX="-0.05" pY="-0.05" z="8" dI="0" twE="0" dr="6"/>
          <f x="-10" y="-295.4" cocos2d_x="-9.95" cocos2d_y="-295.35" kX="-3.75" kY="-3.75" cX="1" cY="1" pX="-0.05" pY="-0.05" z="8" dI="0" twE="0" dr="4"/>
          <f x="-12.1" y="-294.35" cocos2d_x="-12.05" cocos2d_y="-294.3" kX="-4.9" kY="-4.9" cX="1" cY="1" pX="-0.05" pY="-0.05" z="8" dI="0" dr="5"/>
          <f x="-12.1" y="-294.35" cocos2d_x="-12.05" cocos2d_y="-294.3" kX="-4.9" kY="-4.9" cX="1" cY="1" pX="-0.05" pY="-0.05" z="8" dI="1" dr="1"/>
          <f x="-12.1" y="-294.35" cocos2d_x="-12.05" cocos2d_y="-294.3" kX="-4.9" kY="-4.9" cX="1" cY="1" pX="-0.05" pY="-0.05" z="8" dI="2" dr="2"/>
          <f x="-12.1" y="-294.35" cocos2d_x="-12.05" cocos2d_y="-294.3" kX="-4.9" kY="-4.9" cX="1" cY="1" pX="-0.05" pY="-0.05" z="8" dI="3" dr="3"/>
          <f x="-12.1" y="-294.35" cocos2d_x="-12.05" cocos2d_y="-294.3" kX="-4.9" kY="-4.9" cX="1" cY="1" pX="-0.05" pY="-0.05" z="8" dI="2" dr="1"/>
          <f x="-12.1" y="-294.35" cocos2d_x="-12.05" cocos2d_y="-294.3" kX="-4.9" kY="-4.9" cX="1" cY="1" pX="-0.05" pY="-0.05" z="8" dI="1" dr="2"/>
          <f x="-12.1" y="-294.35" cocos2d_x="-12.05" cocos2d_y="-294.3" kX="-4.9" kY="-4.9" cX="1" cY="1" pX="-0.05" pY="-0.05" z="8" dI="0" dr="12"/>
          <f x="-12.1" y="-294.35" cocos2d_x="-12.05" cocos2d_y="-294.3" kX="-4.9" kY="-4.9" cX="1" cY="1" pX="-0.05" pY="-0.05" z="8" dI="0" twE="0" dr="9"/>
          <f x="-5.65" y="-305.3" cocos2d_x="-5.6" cocos2d_y="-305.3" kX="0" kY="0" cX="1" cY="1" pX="-0.05" pY="0" z="8" dI="0" dr="5"/>
          <f x="-5.65" y="-305.3" cocos2d_x="-5.6" cocos2d_y="-305.3" kX="0" kY="0" cX="1" cY="1" pX="-0.05" pY="0" z="8" dI="1" dr="1"/>
          <f x="-5.65" y="-305.3" cocos2d_x="-5.6" cocos2d_y="-305.3" kX="0" kY="0" cX="1" cY="1" pX="-0.05" pY="0" z="8" dI="2" dr="2"/>
          <f x="-5.65" y="-305.3" cocos2d_x="-5.6" cocos2d_y="-305.3" kX="0" kY="0" cX="1" cY="1" pX="-0.05" pY="0" z="8" dI="3" dr="3"/>
          <f x="-5.65" y="-305.3" cocos2d_x="-5.6" cocos2d_y="-305.3" kX="0" kY="0" cX="1" cY="1" pX="-0.05" pY="0" z="8" dI="2" dr="1"/>
          <f x="-5.65" y="-305.3" cocos2d_x="-5.6" cocos2d_y="-305.3" kX="0" kY="0" cX="1" cY="1" pX="-0.05" pY="0" z="8" dI="1" dr="2"/>
          <f x="-5.65" y="-305.3" cocos2d_x="-5.6" cocos2d_y="-305.3" kX="0" kY="0" cX="1" cY="1" pX="-0.05" pY="0" z="8" dI="0" dr="18"/>
        </b>
        <b name="nan1_zui" sc="1" dl="0">
          <f x="-3.45" y="-244.65" cocos2d_x="-2.5" cocos2d_y="-243.35" kX="0" kY="0" cX="1" cY="1" pX="-0.95" pY="-1.3" z="9" dI="0" twE="0" dr="3"/>
          <f x="-9.85" y="-241.8" cocos2d_x="-8.75" cocos2d_y="-240.55" kX="-3.75" kY="-3.75" cX="1" cY="1" pX="-1" pY="-1.35" z="9" dI="1" twE="0" dr="2"/>
          <f x="-13.9" y="-239.95" cocos2d_x="-12.75" cocos2d_y="-238.8" kX="-6.67" kY="-6.67" cX="1" cY="1" pX="-1" pY="-1.2" z="9" dI="2" twE="0" dr="1"/>
          <f x="-14.3" y="-239.7" cocos2d_x="-13.15" cocos2d_y="-238.5" kX="-6.93" kY="-6.93" cX="1" cY="1" pX="-1" pY="-1.35" z="9" dI="3" twE="0" dr="2"/>
          <f x="-15.35" y="-239.3" cocos2d_x="-14.15" cocos2d_y="-238.1" kX="-7.97" kY="-7.97" cX="1" cY="1" pX="-1" pY="-1.4" z="9" dI="3" dr="2"/>
          <f x="-15.35" y="-239.3" cocos2d_x="-14.15" cocos2d_y="-238.1" kX="-7.97" kY="-7.97" cX="1" cY="1" pX="-1" pY="-1.4" z="9" dI="4" dr="3"/>
          <f x="-15.35" y="-239.3" cocos2d_x="-14.15" cocos2d_y="-238.1" kX="-7.97" kY="-7.97" cX="1" cY="1" pX="-1" pY="-1.4" z="9" dI="5" dr="2"/>
          <f x="-15.35" y="-239.3" cocos2d_x="-14.15" cocos2d_y="-238.1" kX="-7.97" kY="-7.97" cX="1" cY="1" pX="-1" pY="-1.4" z="9" dI="0" dr="3"/>
          <f x="-15.35" y="-239.3" cocos2d_x="-14.15" cocos2d_y="-238.1" kX="-7.97" kY="-7.97" cX="1" cY="1" pX="-1" pY="-1.4" z="9" dI="1" dr="2"/>
          <f x="-15.35" y="-239.3" cocos2d_x="-14.15" cocos2d_y="-238.1" kX="-7.97" kY="-7.97" cX="1" cY="1" pX="-1" pY="-1.4" z="9" dI="2" dr="3"/>
          <f x="-15.35" y="-239.3" cocos2d_x="-14.15" cocos2d_y="-238.1" kX="-7.97" kY="-7.97" cX="1" cY="1" pX="-1" pY="-1.4" z="9" dI="3" dr="2"/>
          <f x="-15.35" y="-239.3" cocos2d_x="-14.15" cocos2d_y="-238.1" kX="-7.97" kY="-7.97" cX="1" cY="1" pX="-1" pY="-1.4" z="9" dI="4" dr="3"/>
          <f x="-15.35" y="-239.3" cocos2d_x="-14.15" cocos2d_y="-238.1" kX="-7.97" kY="-7.97" cX="1" cY="1" pX="-1" pY="-1.4" z="9" dI="5" dr="2"/>
          <f x="-15.35" y="-239.3" cocos2d_x="-14.15" cocos2d_y="-238.1" kX="-7.97" kY="-7.97" cX="1" cY="1" pX="-1" pY="-1.4" z="9" dI="0" dr="3"/>
          <f x="-15.35" y="-239.3" cocos2d_x="-14.15" cocos2d_y="-238.1" kX="-7.97" kY="-7.97" cX="1" cY="1" pX="-1" pY="-1.4" z="9" dI="1" dr="2"/>
          <f x="-15.35" y="-239.3" cocos2d_x="-14.15" cocos2d_y="-238.1" kX="-7.97" kY="-7.97" cX="1" cY="1" pX="-1" pY="-1.4" z="9" dI="2" dr="3"/>
          <f x="-15.35" y="-239.3" cocos2d_x="-14.15" cocos2d_y="-238.1" kX="-7.97" kY="-7.97" cX="1" cY="1" pX="-1" pY="-1.4" z="9" dI="3" dr="2"/>
          <f x="-15.35" y="-239.3" cocos2d_x="-14.15" cocos2d_y="-238.1" kX="-7.97" kY="-7.97" cX="1" cY="1" pX="-1" pY="-1.4" z="9" dI="4" dr="3"/>
          <f x="-15.35" y="-239.3" cocos2d_x="-14.15" cocos2d_y="-238.1" kX="-7.97" kY="-7.97" cX="1" cY="1" pX="-1" pY="-1.4" z="9" dI="5" dr="2"/>
          <f x="-15.35" y="-239.3" cocos2d_x="-14.15" cocos2d_y="-238.1" kX="-7.97" kY="-7.97" cX="1" cY="1" pX="-1" pY="-1.4" z="9" dI="1" twE="0" dr="2"/>
          <f x="-16.7" y="-239.15" cocos2d_x="-15.5" cocos2d_y="-237.9" kX="-8.45" kY="-8.45" cX="1" cY="1" pX="-0.95" pY="-1.4" z="9" dI="2" twE="0" dr="4"/>
          <f x="-18.8" y="-238.7" cocos2d_x="-17.7" cocos2d_y="-237.5" kX="-8.23" kY="-8.23" cX="1" cY="1" pX="-0.9" pY="-1.35" z="9" dI="3" twE="0" dr="2"/>
          <f x="-10.65" y="-239.4" cocos2d_x="-9.65" cocos2d_y="-238.1" kX="-3.79" kY="-3.79" cX="1" cY="1" pX="-0.9" pY="-1.35" z="9" dI="4" twE="0" dr="3"/>
          <f x="1.2" y="-240.5" cocos2d_x="2.05" cocos2d_y="-239.1" kX="2.45" kY="2.45" cX="1" cY="1" pX="-0.9" pY="-1.35" z="9" dI="5" dr="2"/>
          <f x="1.2" y="-240.5" cocos2d_x="2.05" cocos2d_y="-239.1" kX="2.45" kY="2.45" cX="1" cY="1" pX="-0.9" pY="-1.35" z="9" dI="0" dr="3"/>
          <f x="1.2" y="-240.5" cocos2d_x="2.05" cocos2d_y="-239.1" kX="2.45" kY="2.45" cX="1" cY="1" pX="-0.9" pY="-1.35" z="9" dI="1" dr="2"/>
          <f x="1.2" y="-240.5" cocos2d_x="2.05" cocos2d_y="-239.1" kX="2.45" kY="2.45" cX="1" cY="1" pX="-0.9" pY="-1.35" z="9" dI="2" dr="3"/>
          <f x="1.2" y="-240.5" cocos2d_x="2.05" cocos2d_y="-239.1" kX="2.45" kY="2.45" cX="1" cY="1" pX="-0.9" pY="-1.35" z="9" dI="3" dr="2"/>
          <f x="1.2" y="-240.5" cocos2d_x="2.05" cocos2d_y="-239.1" kX="2.45" kY="2.45" cX="1" cY="1" pX="-0.9" pY="-1.35" z="9" dI="4" dr="3"/>
          <f x="1.2" y="-240.5" cocos2d_x="2.05" cocos2d_y="-239.1" kX="2.45" kY="2.45" cX="1" cY="1" pX="-0.9" pY="-1.35" z="9" dI="5" dr="2"/>
          <f x="1.2" y="-240.5" cocos2d_x="2.05" cocos2d_y="-239.1" kX="2.45" kY="2.45" cX="1" cY="1" pX="-0.9" pY="-1.35" z="9" dI="0" dr="3"/>
          <f x="1.2" y="-240.5" cocos2d_x="2.05" cocos2d_y="-239.1" kX="2.45" kY="2.45" cX="1" cY="1" pX="-0.9" pY="-1.35" z="9" dI="1" dr="2"/>
          <f x="1.2" y="-240.5" cocos2d_x="2.05" cocos2d_y="-239.1" kX="2.45" kY="2.45" cX="1" cY="1" pX="-0.9" pY="-1.35" z="9" dI="2" dr="3"/>
          <f x="1.2" y="-240.5" cocos2d_x="2.05" cocos2d_y="-239.1" kX="2.45" kY="2.45" cX="1" cY="1" pX="-0.9" pY="-1.35" z="9" dI="3" dr="2"/>
          <f x="1.2" y="-240.5" cocos2d_x="2.05" cocos2d_y="-239.1" kX="2.45" kY="2.45" cX="1" cY="1" pX="-0.9" pY="-1.35" z="9" dI="4" dr="3"/>
          <f x="1.2" y="-240.5" cocos2d_x="2.05" cocos2d_y="-239.1" kX="2.45" kY="2.45" cX="1" cY="1" pX="-0.9" pY="-1.35" z="9" dI="5" dr="2"/>
          <f x="1.2" y="-240.5" cocos2d_x="2.05" cocos2d_y="-239.1" kX="2.45" kY="2.45" cX="1" cY="1" pX="-0.9" pY="-1.35" z="9" dI="0" dr="3"/>
          <f x="1.2" y="-240.5" cocos2d_x="2.05" cocos2d_y="-239.1" kX="2.45" kY="2.45" cX="1" cY="1" pX="-0.9" pY="-1.35" z="9" dI="1" dr="2"/>
          <f x="1.2" y="-240.5" cocos2d_x="2.05" cocos2d_y="-239.1" kX="2.45" kY="2.45" cX="1" cY="1" pX="-0.9" pY="-1.35" z="9" dI="1" twE="0" dr="3"/>
          <f x="-1.25" y="-237.6" cocos2d_x="-0.3" cocos2d_y="-236.25" kX="-0.76" kY="-0.76" cX="1" cY="1" pX="-0.95" pY="-1.35" z="9" dI="2" twE="0" dr="2"/>
          <f x="-3" y="-235.85" cocos2d_x="-2.05" cocos2d_y="-234.55" kX="-2.24" kY="-2.24" cX="1" cY="1" pX="-0.9" pY="-1.3" z="9" dI="3" twE="0" dr="2"/>
          <f x="-3.85" y="-234.8" cocos2d_x="-2.85" cocos2d_y="-233.5" kX="-4.24" kY="-4.24" cX="1" cY="1" pX="-0.95" pY="-1.4" z="9" dI="4" twE="0" dr="3"/>
          <f x="-4.6" y="-234.1" cocos2d_x="-3.6" cocos2d_y="-232.8" kX="-5.19" kY="-5.19" cX="1" cY="1" pX="-0.85" pY="-1.35" z="9" dI="4" dr="3"/>
          <f x="-4.6" y="-234.15" cocos2d_x="-3.6" cocos2d_y="-232.85" kX="-4.24" kY="-4.24" cX="1" cY="1" pX="-0.95" pY="-1.4" z="9" dI="5" dr="2"/>
          <f x="-4.6" y="-234.15" cocos2d_x="-3.6" cocos2d_y="-232.85" kX="-4.24" kY="-4.24" cX="1" cY="1" pX="-0.95" pY="-1.4" z="9" dI="0" dr="3"/>
          <f x="-4.6" y="-234.15" cocos2d_x="-3.6" cocos2d_y="-232.85" kX="-4.24" kY="-4.24" cX="1" cY="1" pX="-0.95" pY="-1.4" z="9" dI="1" dr="2"/>
          <f x="-4.6" y="-234.15" cocos2d_x="-3.6" cocos2d_y="-232.85" kX="-4.24" kY="-4.24" cX="1" cY="1" pX="-0.95" pY="-1.4" z="9" dI="2" dr="3"/>
          <f x="-4.6" y="-234.15" cocos2d_x="-3.6" cocos2d_y="-232.85" kX="-4.24" kY="-4.24" cX="1" cY="1" pX="-0.95" pY="-1.4" z="9" dI="3" dr="2"/>
          <f x="-4.6" y="-234.15" cocos2d_x="-3.6" cocos2d_y="-232.85" kX="-4.24" kY="-4.24" cX="1" cY="1" pX="-0.95" pY="-1.4" z="9" dI="4" dr="3"/>
          <f x="-4.6" y="-234.15" cocos2d_x="-3.6" cocos2d_y="-232.85" kX="-4.24" kY="-4.24" cX="1" cY="1" pX="-0.95" pY="-1.4" z="9" dI="5" dr="2"/>
          <f x="-4.6" y="-234.15" cocos2d_x="-3.6" cocos2d_y="-232.85" kX="-4.24" kY="-4.24" cX="1" cY="1" pX="-0.95" pY="-1.4" z="9" dI="0" dr="3"/>
          <f x="-4.6" y="-234.15" cocos2d_x="-3.6" cocos2d_y="-232.85" kX="-4.24" kY="-4.24" cX="1" cY="1" pX="-0.95" pY="-1.4" z="9" dI="1" dr="2"/>
          <f x="-4.6" y="-234.15" cocos2d_x="-3.6" cocos2d_y="-232.85" kX="-4.24" kY="-4.24" cX="1" cY="1" pX="-0.95" pY="-1.4" z="9" dI="2" dr="1"/>
          <f x="-4.6" y="-234.15" cocos2d_x="-3.6" cocos2d_y="-232.85" kX="-4.24" kY="-4.24" cX="1" cY="1" pX="-0.95" pY="-1.4" z="9" dI="2" dr="2"/>
          <f x="-4.5" y="-236.4" cocos2d_x="-3.5" cocos2d_y="-235.1" kX="-3.8" kY="-3.8" cX="1" cY="1" pX="-0.9" pY="-1.35" z="9" dI="3" dr="1"/>
          <f x="-4.3" y="-237.6" cocos2d_x="-3.3" cocos2d_y="-236.3" kX="-3.48" kY="-3.48" cX="1" cY="1" pX="-0.95" pY="-1.35" z="9" dI="4" dr="2"/>
          <f x="-4.05" y="-240" cocos2d_x="-3.1" cocos2d_y="-238.65" kX="-1.78" kY="-1.78" cX="1" cY="1" pX="-0.9" pY="-1.4" z="9" dI="4" dr="1"/>
          <f x="-3.85" y="-241.3" cocos2d_x="-2.9" cocos2d_y="-239.85" kX="-1.54" kY="-1.54" cX="1" cY="1" pX="-0.9" pY="-1.45" z="9" dI="5" dr="2"/>
          <f x="-3.55" y="-243.45" cocos2d_x="-2.65" cocos2d_y="-242.1" kX="-0.54" kY="-0.54" cX="1" cY="1" pX="-0.9" pY="-1.4" z="9" dI="0" dr="1"/>
          <f x="-3.35" y="-244.75" cocos2d_x="-2.45" cocos2d_y="-243.4" kX="-0.79" kY="-0.79" cX="1" cY="1" pX="-0.85" pY="-1.35" z="9" dI="5" dr="2"/>
          <f x="-3.35" y="-244.75" cocos2d_x="-2.45" cocos2d_y="-243.4" kX="-0.79" kY="-0.79" cX="1" cY="1" pX="-0.85" pY="-1.35" z="9" dI="0" dr="3"/>
          <f x="-3.35" y="-244.75" cocos2d_x="-2.45" cocos2d_y="-243.4" kX="-0.79" kY="-0.79" cX="1" cY="1" pX="-0.85" pY="-1.35" z="9" dI="1" dr="2"/>
          <f x="-3.35" y="-244.75" cocos2d_x="-2.45" cocos2d_y="-243.4" kX="-0.79" kY="-0.79" cX="1" cY="1" pX="-0.85" pY="-1.35" z="9" dI="2" dr="3"/>
          <f x="-3.35" y="-244.75" cocos2d_x="-2.45" cocos2d_y="-243.4" kX="-0.79" kY="-0.79" cX="1" cY="1" pX="-0.85" pY="-1.35" z="9" dI="3" dr="2"/>
          <f x="-3.35" y="-244.75" cocos2d_x="-2.45" cocos2d_y="-243.4" kX="-0.79" kY="-0.79" cX="1" cY="1" pX="-0.85" pY="-1.35" z="9" dI="4" dr="3"/>
          <f x="-3.35" y="-244.75" cocos2d_x="-2.45" cocos2d_y="-243.4" kX="-0.79" kY="-0.79" cX="1" cY="1" pX="-0.85" pY="-1.35" z="9" dI="5" dr="2"/>
          <f x="-3.35" y="-244.75" cocos2d_x="-2.45" cocos2d_y="-243.4" kX="-0.79" kY="-0.79" cX="1" cY="1" pX="-0.85" pY="-1.35" z="9" dI="0" dr="3"/>
          <f x="-3.35" y="-244.75" cocos2d_x="-2.45" cocos2d_y="-243.4" kX="-0.79" kY="-0.79" cX="1" cY="1" pX="-0.85" pY="-1.35" z="9" dI="1" dr="2"/>
          <f x="-3.35" y="-244.75" cocos2d_x="-2.45" cocos2d_y="-243.4" kX="-0.79" kY="-0.79" cX="1" cY="1" pX="-0.85" pY="-1.35" z="9" dI="2" dr="3"/>
          <f x="-3.35" y="-244.75" cocos2d_x="-2.45" cocos2d_y="-243.4" kX="-0.79" kY="-0.79" cX="1" cY="1" pX="-0.85" pY="-1.35" z="9" dI="3" dr="2"/>
          <f x="-3.35" y="-244.75" cocos2d_x="-2.45" cocos2d_y="-243.4" kX="-0.79" kY="-0.79" cX="1" cY="1" pX="-0.85" pY="-1.35" z="9" dI="4" dr="3"/>
          <f x="-3.35" y="-244.75" cocos2d_x="-2.45" cocos2d_y="-243.4" kX="-0.79" kY="-0.79" cX="1" cY="1" pX="-0.85" pY="-1.35" z="9" dI="5" dr="2"/>
        </b>
      </mov>
    </animation>
  </animations>
  <TextureAtlas name="npc_d" width="512" height="256">
    <SubTexture name="z4" width="13" height="14" cocos2d_pX="7.95" cocos2d_pY="6.6" x="497" y="87"/>
    <SubTexture name="z3" width="28" height="15" cocos2d_pX="14.45" cocos2d_pY="8.1" x="397" y="95"/>
    <SubTexture name="z2" width="27" height="11" cocos2d_pX="12.4" cocos2d_pY="6.9" x="461" y="107"/>
    <SubTexture name="z1" width="28" height="7" cocos2d_pX="13.15" cocos2d_pY="5.2" x="397" y="112"/>
    <SubTexture name="z6" width="32" height="11" cocos2d_pX="15.35" cocos2d_pY="6.1" x="427" y="105"/>
    <SubTexture name="z5" width="33" height="18" cocos2d_pX="16.5" cocos2d_pY="9.45" x="462" y="87"/>
    <SubTexture name="nan1_yan1" width="87" height="49" cocos2d_pX="43.4" cocos2d_pY="24.15" x="308" y="87"/>
    <SubTexture name="nan1_yan4" width="87" height="44" cocos2d_pX="43.4" cocos2d_pY="17.75" x="308" y="138"/>
    <SubTexture name="nan1_yan3" width="87" height="45" cocos2d_pX="43.4" cocos2d_pY="20.55" x="148" y="138"/>
    <SubTexture name="nan1_yan2" width="87" height="47" cocos2d_pX="43.4" cocos2d_pY="22.55" x="397" y="121"/>
    <SubTexture name="nan1_yan" width="87" height="49" cocos2d_pX="43.4" cocos2d_pY="24.15" x="308" y="36"/>
    <SubTexture name="nan1_tou" width="146" height="172" cocos2d_pX="72.35" cocos2d_pY="85.6" x="0" y="0"/>
    <SubTexture name="nan1_gebo" width="73" height="51" cocos2d_pX="35.95" cocos2d_pY="24.85" x="431" y="0"/>
    <SubTexture name="nan1_shen" width="87" height="136" cocos2d_pX="42.8" cocos2d_pY="67.25" x="148" y="0"/>
    <SubTexture name="nan1_gebo2" width="33" height="50" cocos2d_pX="16.05" cocos2d_pY="24.8" x="427" y="53"/>
    <SubTexture name="nan1_gebo3" width="28" height="57" cocos2d_pX="11.55" cocos2d_pY="28.15" x="397" y="36"/>
    <SubTexture name="nan1_gebo4" width="47" height="32" cocos2d_pX="23.1" cocos2d_pY="15.4" x="462" y="53"/>
    <SubTexture name="nan1_tui" width="69" height="144" cocos2d_pX="34.25" cocos2d_pY="71.4" x="237" y="0"/>
    <SubTexture name="ying2" width="121" height="34" cocos2d_pX="0" cocos2d_pY="0" x="308" y="0"/>
  </TextureAtlas>
</skeleton>