{
"skeleton": { "hash": "QMNYEZEbatf9ZWK6aPMOfkmjsjU", "spine": "2.1.27", "width": 47, "height": 78.99, "images": "" },
"bones": [
	{ "name": "root" },
	{ "name": "bone", "parent": "root", "x": -3.49, "y": 41.42 },
	{ "name": "bone10", "parent": "root", "x": 0.95, "y": 80.42 },
	{ "name": "bone11", "parent": "root", "x": 7.52, "y": 100.87 },
	{ "name": "bone12", "parent": "root", "x": 156.37, "y": 46.61, "color": "00ff08ff" },
	{ "name": "bone31", "parent": "root", "x": 199.14, "y": 58.08 },
	{ "name": "bone32", "parent": "root", "x": 124.99, "y": 79.33 },
	{ "name": "bone6", "parent": "root", "x": -18.72, "y": 38.49 },
	{ "name": "bone7", "parent": "root", "x": -20.18, "y": 46.12 },
	{ "name": "bone8", "parent": "root", "x": -11.55, "y": 60.37 },
	{ "name": "bone9", "parent": "root", "x": 6.46, "y": 59.4 },
	{ "name": "bone13", "parent": "bone12", "length": 9.07, "x": 2.78, "y": 48.51, "rotation": 84.15 },
	{ "name": "bone18", "parent": "bone12", "length": 32.91, "x": -0.32, "y": 12.08, "rotation": 90 },
	{ "name": "bone19", "parent": "bone12", "length": 35.37, "x": 0.57, "y": -16.56, "rotation": -90 },
	{ "name": "bone2", "parent": "bone", "length": 10.47, "x": 2.56, "y": -0.41, "rotation": -2.72 },
	{ "name": "bone20", "parent": "bone12", "length": 9.23, "x": -38.9, "y": -21.38, "rotation": -146.51 },
	{ "name": "bone25", "parent": "bone12", "length": 10.12, "x": 37.54, "y": -21.01, "rotation": -35.02 },
	{ "name": "bone5", "parent": "bone", "x": -6.86, "y": 5.54 },
	{ "name": "bone14", "parent": "bone13", "length": 7.32, "x": 9.07, "y": -0.06, "rotation": -9.38 },
	{ "name": "bone21", "parent": "bone20", "length": 7.08, "x": 9.23, "rotation": 8.06 },
	{ "name": "bone26", "parent": "bone25", "length": 6.14, "x": 10.12, "y": -0.04, "rotation": -4.95 },
	{ "name": "bone3", "parent": "bone2", "length": 8.45, "x": 10.47, "y": -0.02, "rotation": 4.98 },
	{ "name": "bone15", "parent": "bone14", "length": 4.95, "x": 7.32, "y": -0.04, "rotation": -13.39 },
	{ "name": "bone22", "parent": "bone21", "length": 5.88, "x": 7.01, "y": -0.07, "rotation": 8.06 },
	{ "name": "bone27", "parent": "bone26", "length": 4.46, "x": 6.14, "y": -0.04, "rotation": -5.39 },
	{ "name": "bone4", "parent": "bone3", "length": 6.05, "x": 8.32, "y": 0.06, "rotation": 9.82 },
	{ "name": "bone16", "parent": "bone15", "length": 4.78, "x": 4.95, "rotation": -9.46 },
	{ "name": "bone23", "parent": "bone22", "length": 3.94, "x": 5.66, "y": -0.17, "rotation": 9.82 },
	{ "name": "bone28", "parent": "bone27", "length": 3.7, "x": 4.3, "y": -0.08, "rotation": -3.6 },
	{ "name": "bone17", "parent": "bone16", "length": 4.11, "x": 4.78, "rotation": -7.62 },
	{ "name": "bone24", "parent": "bone23", "length": 3.84, "x": 3.94, "rotation": 2.25 },
	{ "name": "bone29", "parent": "bone28", "length": 3.47, "x": 3.7, "y": -0.02, "rotation": 0.9 },
	{ "name": "bone30", "parent": "bone29", "length": 3.21, "x": 3.47, "y": 0.02, "rotation": -2.7 }
],
"slots": [
	{ "name": "shayu_yuqiyou2", "bone": "bone25" },
	{ "name": "shayu_yuqizuo2", "bone": "bone20" },
	{ "name": "shayu_yuqishang2", "bone": "bone13" },
	{ "name": "shayu_tou2", "bone": "bone12" },
	{ "name": "bone12", "bone": "bone12" },
	{ "name": "bone14", "bone": "bone12" },
	{ "name": "bone13", "bone": "bone12" },
	{ "name": "z_guang3", "bone": "bone31" },
	{ "name": "z_guang4", "bone": "bone32" },
	{ "name": "shayu_zui2", "bone": "bone18" },
	{ "name": "jingkongzui2", "bone": "bone", "attachment": "jingkongzui" },
	{ "name": "bone", "bone": "bone", "attachment": "zui" },
	{ "name": "yanjing2", "bone": "bone5", "attachment": "yanjing" },
	{ "name": "jkyanjing", "bone": "root" },
	{ "name": "pao7", "bone": "bone6", "attachment": "pao6" },
	{ "name": "pao8", "bone": "bone7", "attachment": "pao5" },
	{ "name": "pao9", "bone": "bone8", "attachment": "pao4" },
	{ "name": "pao11", "bone": "bone10", "attachment": "pao3" },
	{ "name": "pao12", "bone": "bone11", "attachment": "pao2" },
	{ "name": "pao10", "bone": "bone9", "attachment": "pao1" }
],
"skins": {
	"default": {
		"bone": {
			"zui": {
				"type": "mesh",
				"uvs": [ 0.18862, 0.18084, 0.24541, 0.45591, 0.32882, 0.56904, 0.23122, 0.85298, 0, 0.75981, 0, 0.28066 ],
				"triangles": [ 5, 0, 1, 4, 5, 1, 4, 1, 2, 3, 4, 2 ],
				"vertices": [ -4.5, 10.10999, -2.23, 1.29999, 1.09, -2.31, -2.8, -11.39, -12.05, -8.41, -12.05, 6.91 ],
				"hull": 6,
				"edges": [ 10, 0, 0, 2, 2, 4, 4, 6, 8, 10, 6, 8 ],
				"width": 40,
				"height": 32
			}
		},
		"bone12": {
			"z_shayu_wuguan": { "x": 0.05, "y": 5.29, "width": 102, "height": 94 }
		},
		"bone13": {
			"z_shayu_yanjing2": { "x": 0.55, "y": 25.79, "width": 59, "height": 9 }
		},
		"bone14": {
			"z_shayu_zui2": {
				"type": "mesh",
				"uvs": [ 1, 0.13444, 1, 0.28041, 0.97293, 0.46371, 0.91586, 0.64338, 0.84155, 0.79763, 0.75217, 0.92286, 0.63801, 1, 0.5081, 1, 0.36672, 1, 0.25473, 0.92467, 0.16965, 0.82667, 0.09642, 0.68693, 0.03719, 0.53449, 0, 0.35482, 0, 0.18027, 0, 0, 0.04184, 0, 0.07745, 0.09515, 0.13431, 0.18265, 0.20799, 0.24432, 0.29956, 0.29917, 0.40045, 0.33294, 0.54067, 0.33436, 0.65763, 0.31083, 0.78419, 0.24611, 0.88195, 0.13873, 0.95701, 0, 1, 0 ],
				"triangles": [ 26, 27, 0, 25, 26, 0, 17, 14, 15, 17, 15, 16, 14, 17, 18, 25, 0, 1, 24, 25, 1, 13, 14, 18, 13, 18, 19, 2, 24, 1, 12, 13, 19, 12, 19, 20, 2, 23, 24, 3, 23, 2, 11, 12, 20, 3, 22, 23, 21, 10, 11, 21, 11, 20, 9, 10, 21, 3, 4, 22, 4, 7, 22, 22, 9, 21, 9, 7, 8, 9, 22, 7, 4, 5, 7, 6, 7, 5 ],
				"vertices": [ 46.05, 11.03, 46.05, 3.15, 43.58, -6.74, 38.39, -16.44, 31.63, -24.77, 23.5, -31.53, 13.11, -35.7, 1.29, -35.7, -11.57, -35.7, -21.76, -31.63, -29.5, -26.34, -36.16999, -18.79, -41.56, -10.56, -44.94, -0.86, -44.94, 8.56, -44.94, 18.29, -41.13, 18.29, -37.89, 13.15, -32.72, 8.43, -26.01, 5.1, -17.68, 2.14, -8.5, 0.31, 4.25, 0.24, 14.89, 1.51, 26.41, 5, 35.31, 10.8, 42.14, 18.29, 46.05, 18.29 ],
				"hull": 28,
				"edges": [ 30, 32, 32, 34, 34, 36, 36, 38, 38, 40, 40, 42, 42, 44, 44, 46, 46, 48, 48, 50, 52, 54, 50, 52, 26, 24, 24, 22, 22, 20, 20, 18, 18, 16, 12, 10, 10, 8, 8, 6, 6, 4, 4, 2, 2, 0, 0, 54, 26, 28, 28, 30, 12, 14, 14, 16 ],
				"width": 91,
				"height": 54
			}
		},
		"jingkongzui2": {
			"jingkongzui": {
				"type": "skinnedmesh",
				"uvs": [ 0.71465, 0.18139, 0.74325, 0.35298, 0.86336, 0.24752, 0.92968, 0.25099, 1, 0.25467, 1, 0.48919, 1, 0.70728, 0.9315, 0.72956, 0.8607, 0.75259, 0.75446, 0.71666, 0.67196, 0.78072, 0.70071, 0.87759, 0.64071, 1, 0.55083, 0.99999, 0.46227, 0.99998, 0.35238, 0.9871, 0.27802, 0.96665, 0.23177, 0.84009, 0.10427, 0.79322, 0, 0.69947, 0, 0.5021, 0, 0.42293, 0.06374, 0.28668, 0.14574, 0.19293, 0.35674, 0.15418, 0.45743, 0.06597, 0.53274, 0, 0.59896, 0, 0.66604, 0, 0.93065, 0.50577, 0.86195, 0.51509, 0.74825, 0.51515, 0.64723, 0.51623, 0.54222, 0.52421, 0.4598, 0.52425, 0.35482, 0.52238, 0.13783, 0.50998 ],
				"triangles": [ 36, 20, 21, 36, 22, 23, 36, 21, 22, 35, 23, 24, 36, 23, 35, 19, 20, 36, 18, 19, 36, 17, 36, 35, 18, 36, 17, 3, 4, 5, 29, 3, 5, 29, 30, 2, 29, 2, 3, 29, 5, 6, 7, 29, 6, 30, 29, 7, 7, 8, 30, 30, 1, 2, 31, 1, 30, 32, 0, 1, 32, 1, 31, 9, 31, 30, 8, 9, 30, 9, 10, 32, 9, 32, 31, 0, 32, 27, 0, 27, 28, 33, 25, 26, 26, 27, 33, 25, 34, 24, 24, 34, 35, 33, 27, 32, 25, 33, 34, 15, 17, 35, 17, 15, 16, 33, 32, 10, 33, 14, 34, 35, 34, 15, 15, 34, 14, 14, 33, 13, 13, 33, 10, 11, 13, 10, 12, 13, 11 ],
				"vertices": [ 4, 14, 13.45, 11.16, 0.44205, 21, 3.93, 10.88, 0.51125, 25, -2.48, 11.41, 0.04577, 1, 16.53, 10.09, 9.0E-4, 3, 14, 14.85, 5.73, 0.17167, 21, 4.85, 5.35, 0.59469, 25, -2.51, 5.8, 0.23361, 3, 14, 19.49, 9.33, 0.03695, 21, 9.79, 8.53, 0.37499, 25, 2.89, 8.1, 0.58804, 3, 14, 22.15, 9.34, 0, 21, 12.43, 8.32, 0.07752, 25, 5.46, 7.43, 0.92246, 2, 21, 15.24, 8.09, 0.03576, 25, 8.18, 6.73, 0.96423, 2, 21, 14.95, 0.58999, 0.04321, 25, 6.61, -0.6, 0.95678, 2, 21, 14.67, -6.37, 0.139, 25, 5.15, -7.42, 0.86099, 3, 14, 22.94, -5.94, 0.00197, 21, 11.91, -6.98, 0.22258, 25, 2.32, -7.55, 0.77544, 3, 14, 20.15, -6.81, 0.04181, 21, 9.05, -7.6, 0.49085, 25, -0.58999, -7.68, 0.46733, 3, 14, 15.85, -5.87, 0.19176, 21, 4.85, -6.29, 0.64723, 25, -4.51, -5.66, 0.16099, 3, 14, 12.65, -8.07, 0.43159, 21, 1.47, -8.2, 0.53709, 25, -8.16, -6.97, 0.0313, 4, 14, 13.95, -11.11, 0.69578, 21, 2.49, -11.35, 0.3023, 25, -7.69, -10.25, 0.00169, 1, 15.97, -12.18, 2.1E-4, 3, 14, 11.73, -15.14, 0.76296, 21, -0.05, -15.17, 0.23139, 1, 13.57, -16.1, 0.00563, 3, 14, 8.14, -15.31, 0.84644, 21, -3.64, -15.03, 0.13222, 1, 9.97, -16.1, 0.02132, 3, 14, 4.6, -15.48, 0.84196, 21, -7.18, -14.89, 0.08848, 1, 6.43, -16.1, 0.06954, 3, 14, 0.19, -15.27, 0.81308, 21, -11.56, -14.3, 0.05153, 1, 2.04, -15.68, 0.13537, 3, 14, -2.8, -14.76, 0.62872, 21, -14.5, -13.53, 0.03343, 1, -0.93, -15.03, 0.33784, 3, 14, -4.84, -10.8, 0.41598, 21, -16.19, -9.41, 0.01527, 1, -2.78, -10.98, 0.56873, 3, 14, -10, -9.54, 0.14778, 21, -21.23, -7.71, 0.0028, 1, -7.88, -9.47999, 0.8494, 3, 14, -14.31, -6.75, 0.04629, 21, -25.28, -4.55, 2.0E-5, 1, -12.05, -6.48, 0.95368, 2, 14, -14.61, -0.44, 0.00731, 1, -12.05, -0.16, 0.99268, 2, 14, -14.73, 2.08, 7.0E-5, 1, -12.05, 2.35999, 0.99992, 3, 14, -12.39, 6.56, 0.00528, 21, -22.21, 8.54, 2.0E-5, 1, -9.5, 6.72, 0.99469, 3, 14, -9.26, 9.71, 0.10931, 21, -18.82, 11.41, 0.01584, 1, -6.22, 9.72, 0.87484, 3, 14, -0.88, 11.35, 0.51904, 21, -10.33, 12.31, 0.06886, 1, 2.21, 10.96, 0.41208, 3, 14, 3, 14.36, 0.68037, 21, -6.2, 14.98, 0.14234, 1, 6.24, 13.78, 0.17728, 3, 14, 5.91, 16.61, 0.73863, 21, -3.1, 16.96999, 0.20966, 1, 9.25, 15.89, 0.05169, 4, 14, 8.55, 16.74, 0.55012, 21, -0.46, 16.86, 0.43372, 25, -5.78, 18.06, 0, 1, 11.9, 15.89, 0.01614, 4, 14, 11.23, 16.86, 0.60957, 21, 2.21, 16.76, 0.3837, 25, -3.16, 17.49, 1.4E-4, 1, 14.58, 15.89, 0.00657, 2, 21, 12.15, 0.17, 0.17028, 25, 3.79, -0.54, 0.82971, 3, 14, 19.84, 0.77, 0.00157, 21, 9.39999, -0.01, 0.43523, 25, 1.04, -0.25, 0.56318, 3, 14, 15.3, 0.55, 0.11133, 21, 4.85, 0.16, 0.73725, 25, -3.4, 0.69, 0.1514, 4, 14, 11.26, 0.33, 0.49993, 21, 0.81, 0.28, 0.49564, 25, -7.36, 1.5, 0.00101, 1, 13.83, -0.62, 0.0034, 3, 14, 7.08, -0.12, 0.74239, 21, -3.39, 0.19, 0.24537, 1, 9.63, -0.87, 0.01222, 3, 14, 3.79, -0.27, 0.89152, 21, -6.68, 0.32, 0.06582, 1, 6.33, -0.87, 0.04265, 3, 14, -0.4, -0.41, 0.63466, 21, -10.87, 0.54, 0.02356, 1, 2.13, -0.81, 0.34177, 3, 14, -9.09, -0.43, 0.22676, 21, -19.53, 1.28, 3.0E-5, 1, -6.54, -0.42, 0.77319 ],
				"hull": 29,
				"edges": [ 42, 44, 44, 46, 46, 48, 38, 36, 36, 34, 34, 32, 24, 22, 22, 20, 20, 18, 18, 16, 56, 0, 0, 2, 2, 4, 12, 14, 14, 16, 4, 6, 6, 8, 28, 30, 30, 32, 48, 50, 50, 52, 52, 54, 54, 56, 24, 26, 26, 28, 8, 10, 10, 12, 6, 58, 58, 14, 10, 58, 4, 60, 60, 16, 58, 60, 2, 62, 62, 18, 60, 62, 20, 64, 64, 54, 62, 64, 26, 66, 66, 52, 64, 66, 28, 68, 68, 50, 66, 68, 30, 70, 70, 48, 68, 70, 38, 40, 40, 42, 40, 72, 72, 70, 36, 72, 72, 46 ],
				"width": 40,
				"height": 32
			}
		},
		"jkyanjing": {
			"jkyanjing": { "x": -8.55, "y": 47.82, "width": 16, "height": 13 }
		},
		"pao10": {
			"pao1": { "x": -0.01, "y": -0.07, "width": 6, "height": 6 }
		},
		"pao11": {
			"pao3": { "y": -0.1, "width": 7, "height": 6 }
		},
		"pao12": {
			"pao2": { "x": -0.07, "y": -0.04, "width": 6, "height": 7 }
		},
		"pao7": {
			"pao6": { "x": 0.16, "y": -0.17, "width": 4, "height": 4 }
		},
		"pao8": {
			"pao5": { "x": 0.13, "y": 0.19, "width": 5, "height": 4 }
		},
		"pao9": {
			"pao4": { "y": -0.04, "width": 6, "height": 6 }
		},
		"shayu_tou2": {
			"shayu_tou": {
				"type": "mesh",
				"uvs": [ 0.78407, 0.0711, 0.9124, 0.19814, 1, 0.33337, 1, 0.51369, 0.93257, 0.67966, 0.82074, 0.85587, 0.63557, 1, 0.39724, 1, 0.23041, 0.9071, 0.10391, 0.74932, 0, 0.54442, 0, 0.34362, 0.08924, 0.19609, 0.21391, 0.0752, 0.37707, 0, 0.62835, 0 ],
				"triangles": [ 1, 2, 3, 10, 11, 12, 4, 1, 3, 9, 12, 13, 10, 12, 9, 9, 0, 4, 4, 0, 1, 14, 9, 13, 9, 4, 8, 9, 14, 15, 15, 0, 9, 5, 8, 4, 7, 8, 5, 6, 7, 5 ],
				"vertices": [ 32.43, 49.04, 47.06, 36.08, 57.05, 22.29, 57.05, 3.9, 49.36, -13.02, 36.61, -31, 15.5, -45.7, -11.66, -45.7, -30.68, -36.22, -45.1, -20.12999, -56.94, 0.76, -56.94, 21.24, -46.77, 36.29, -32.56, 48.62, -13.96, 56.29, 14.68, 56.29 ],
				"hull": 16,
				"edges": [ 30, 0, 0, 2, 2, 4, 28, 30, 28, 26, 26, 24, 24, 22, 20, 22, 20, 18, 18, 16, 16, 14, 12, 14, 12, 10, 10, 8, 4, 6, 8, 6 ],
				"width": 114,
				"height": 102
			},
			"z_shayu_tou": { "x": 0.05, "y": 5.29, "width": 114, "height": 102 }
		},
		"shayu_yuqishang2": {
			"shayu_yuqishang": {
				"type": "skinnedmesh",
				"uvs": [ 1, 0.10416, 1, 0.1895, 0.97939, 0.2459, 0.95662, 0.30821, 0.93924, 0.35617, 0.9375, 0.41884, 0.93054, 0.51084, 0.92983, 0.62396, 0.93158, 0.73939, 0.93853, 0.8674, 0.73852, 0.96607, 0.55243, 1, 0.19782, 1, 0, 0.9342, 0, 0.85557, 0, 0.8093, 0.04021, 0.73774, 0.11763, 0.59996, 0.20703, 0.48017, 0.30443, 0.35617, 0.50792, 0.19483, 0.59662, 0.12683, 0.69401, 0.06549, 0.77098, 0.02735, 0.82619, 0, 1, 0, 0.73504, 0.63463, 0.52112, 0.63863, 0.32111, 0.63063, 0.72635, 0.76472, 0.50895, 0.77139, 0.26894, 0.76472, 0.72144, 0.88106, 0.4708, 0.90851, 0.22527, 0.88498, 0.78445, 0.4175, 0.61574, 0.4095, 0.46791, 0.39617, 0.40356, 0.50151, 0.574, 0.51084, 0.76705, 0.51351, 0.39661, 0.28416, 0.79661, 0.33724, 0.65743, 0.31878, 0.53822, 0.30296, 0.80324, 0.26946, 0.66221, 0.23382, 0.84141, 0.20298, 0.73638, 0.17031, 0.88215, 0.14174, 0.7991, 0.10808, 0.88831, 0.0667 ],
				"triangles": [ 51, 24, 25, 23, 24, 51, 51, 25, 0, 50, 23, 51, 22, 23, 50, 49, 50, 51, 49, 51, 0, 49, 0, 1, 48, 22, 50, 21, 22, 48, 47, 50, 49, 48, 50, 47, 46, 21, 48, 20, 21, 46, 2, 49, 1, 47, 49, 2, 45, 48, 47, 46, 48, 45, 3, 47, 2, 45, 47, 3, 3, 4, 45, 44, 20, 46, 41, 20, 44, 43, 44, 46, 43, 46, 45, 42, 43, 45, 4, 42, 45, 41, 19, 20, 37, 41, 44, 36, 44, 43, 37, 44, 36, 35, 43, 42, 36, 43, 35, 5, 42, 4, 35, 42, 5, 19, 41, 37, 38, 19, 37, 18, 19, 38, 39, 37, 36, 38, 37, 39, 6, 35, 5, 40, 36, 35, 40, 35, 6, 39, 36, 40, 7, 40, 6, 28, 18, 38, 26, 39, 40, 26, 40, 7, 27, 38, 39, 27, 39, 26, 28, 38, 27, 17, 18, 28, 26, 7, 8, 31, 17, 28, 16, 17, 31, 29, 27, 26, 29, 26, 8, 30, 28, 27, 30, 27, 29, 31, 28, 30, 34, 14, 15, 29, 8, 9, 32, 30, 29, 32, 29, 9, 34, 16, 31, 34, 15, 16, 33, 31, 30, 33, 30, 32, 34, 31, 33, 13, 14, 34, 10, 32, 9, 12, 13, 34, 11, 33, 32, 11, 32, 10, 12, 34, 33, 11, 12, 33 ],
				"vertices": [ 5, 11, 25.77, -9.7, 0, 18, 18.04999, -6.78, 8.0E-4, 22, 12, -4.06, 0.00949, 26, 7.61, -2.84, 0.13121, 29, 3.18, -2.45, 0.85848, 5, 11, 23.23, -9.96, 0, 18, 15.58, -7.45, 0.00619, 22, 9.75, -5.29, 0.04256, 26, 5.6, -4.42, 0.40854, 29, 1.39, -4.28, 0.54268, 5, 11, 21.49, -9.66, 3.5E-4, 18, 13.82, -7.44, 0.02599, 22, 8.04, -5.68, 0.12282, 26, 3.97, -5.09, 0.58398, 29, -0.12, -5.16, 0.26684, 5, 11, 19.58, -9.33, 0.00278, 18, 11.88, -7.42, 0.07126, 22, 6.14, -6.12, 0.26064, 26, 2.18, -5.83, 0.54394, 29, -1.8, -6.13, 0.12135, 5, 11, 18.11, -9.07, 0.01229, 18, 10.39, -7.41, 0.15493, 22, 4.69, -6.46, 0.41373, 26, 0.8, -6.41, 0.38185, 29, -3.09, -6.88, 0.03717, 5, 11, 16.23, -9.22999, 0.05569, 18, 8.56, -7.87, 0.3479, 22, 3.02, -7.32, 0.39972, 26, -0.69, -7.54, 0.18751, 29, -4.42999, -8.2, 0.00917, 5, 11, 13.47, -9.35, 0.17012, 18, 5.86, -8.43999, 0.45337, 22, 0.52, -8.5, 0.29121, 26, -2.96, -9.10999, 0.08425, 29, -6.47, -10.06, 0.00102, 4, 11, 10.1, -9.68, 0.39504, 18, 2.58, -9.32, 0.43605, 22, -2.46, -10.12, 0.14721, 26, -5.64, -11.19, 0.02168, 4, 11, 6.65, -10.07, 0.679, 18, -0.74, -10.27, 0.26216, 22, -5.48, -11.81, 0.05589, 26, -8.35, -13.36, 0.00293, 4, 11, 2.85, -10.62, 0.8596, 18, -4.4, -11.43, 0.12419, 22, -8.77, -13.79, 0.01614, 26, -11.27, -15.85, 6.0E-5, 3, 11, -0.55, -6.34, 0.93788, 18, -8.47, -7.77, 0.05745, 22, -13.57, -11.17, 0.00465, 5, 11, -2, -2.19, 0.99017, 18, -10.58, -3.91, 0.00968, 22, -16.52, -7.9, 1.4E-4, 26, -19.87999, -11.32, 0, 29, -22.95, -14.5, 0, 5, 11, -2.83, 5.92, 0.9969, 18, -12.72, 3.95, 0.00308, 22, -20.42, -0.74, 0, 26, -24.91, -4.9, 0, 29, -28.78, -8.8, 0, 5, 11, -1.33, 10.64, 0.98803, 18, -12.01, 8.85999, 0.01195, 22, -20.87, 4.19, 0, 26, -26.16, -0.1, 1.0E-5, 29, -30.66, -4.21, 0, 5, 11, 1.01, 10.88, 0.9764, 18, -9.72999, 9.47999, 0.02357, 22, -18.79999, 5.32, 0, 26, -24.31, 1.34, 1.0E-5, 29, -29.02, -2.52, 0, 5, 11, 2.39, 11.02, 0.94105, 18, -8.39999, 9.85, 0.05892, 22, -17.58, 5.98, 0, 26, -23.21, 2.2, 2.0E-5, 29, -28.05, -1.53, 0, 5, 11, 4.62, 10.32, 0.8506, 18, -6.08, 9.52, 0.14932, 22, -15.25, 6.2, 4.0E-5, 26, -20.95, 2.8, 2.0E-5, 29, -25.89, -0.64, 0, 5, 11, 8.91, 8.97, 0.61722, 18, -1.63, 8.89, 0.37473, 22, -10.77, 6.62, 0.008, 26, -16.6, 3.94, 3.0E-5, 29, -21.73, 1.07, 0, 5, 11, 12.7, 7.29, 0.25406, 18, 2.36999, 7.85, 0.66129, 22, -6.63, 6.53, 0.08462, 26, -12.5, 4.54, 2.0E-5, 29, -17.74, 2.2, 0, 5, 11, 16.62999, 5.44, 0.06177, 18, 6.55, 6.66, 0.52433, 22, -2.29, 6.35, 0.35389, 26, -8.18999, 5.07, 0.05997, 29, -13.54, 3.3, 0, 5, 11, 21.92, 1.28, 0.00659, 18, 12.45, 3.42, 0.25972, 22, 4.19, 4.56, 0.46653, 26, -1.5, 4.38, 0.26282, 29, -6.81, 3.5, 0.00431, 5, 11, 24.15, -0.54, 0, 18, 14.95, 1.99, 0.01534, 22, 6.95, 3.74, 0.24657, 26, 1.36, 4.03, 0.64774, 29, -3.93, 3.54, 0.09034, 5, 11, 26.21, -2.58, 0, 18, 17.32, 0.31, 9.0E-5, 22, 9.64, 2.66, 0.079, 26, 4.19, 3.4, 0.55676, 29, -1.04, 3.29, 0.36413, 4, 11, 27.53, -4.21999, 0, 22, 11.5, 1.65, 0.00542, 26, 6.18, 2.71, 0.28968, 29, 1.02, 2.87, 0.70488, 3, 11, 28.47, -5.4, 0, 26, 7.61, 2.22, 0.14808, 29, 2.5, 2.57, 0.85191, 3, 11, 28.88, -9.38, 0, 26, 10.07, -0.92, 0.07047, 29, 5.36, -0.21, 0.92951, 4, 11, 9.32, -5.25, 0.42426, 18, 1.09, -5.08, 0.4951, 22, -4.88, -6.34, 0.07599, 26, -8.66, -7.86, 0.00461, 5, 11, 8.7, -0.37, 0.51639, 18, -0.31, -0.36, 0.45498, 22, -7.34, -2.08, 0.02781, 26, -11.79, -4.07, 8.0E-4, 29, -15.89, -6.23, 0, 5, 11, 8.47, 4.21999, 0.59917, 18, -1.28, 4.13, 0.40074, 22, -9.34, 2.07, 6.0E-5, 26, -14.44, -0.3, 2.0E-5, 29, -19.02, -2.85, 0, 4, 11, 5.42, -5.45, 0.83043, 18, -2.71, -5.91, 0.14765, 22, -8.39999, -8.03, 0.02182, 26, -11.85, -10.10999, 8.0E-5, 5, 11, 4.71, -0.5, 0.91166, 18, -4.21999, -1.14, 0.08281, 22, -10.97, -3.74, 0.00551, 26, -15.1, -6.3, 0, 29, -18.87, -8.89, 0, 5, 11, 4.35, 5.01, 0.93627, 18, -5.48, 4.23, 0.0637, 22, -13.44, 1.19, 0, 26, -18.34, -1.83, 1.0E-5, 29, -22.69, -4.89, 0, 3, 11, 1.94, -5.69, 0.93283, 18, -6.11, -6.72, 0.06209, 22, -11.52, -9.6, 0.00507, 5, 11, 0.52999, -0.04, 0.98096, 18, -8.42, -1.37, 0.01847, 22, -15.01, -4.94, 5.6E-4, 26, -18.87999, -8.14999, 0, 29, -22.37, -11.22, 0, 5, 11, 0.66, 5.64, 0.98696, 18, -9.22, 4.25, 0.01302, 22, -17.09, 0.35, 0, 26, -21.8, -3.27, 1.0E-5, 29, -25.92, -6.77, 0, 5, 11, 15.92, -5.72, 0.02502, 18, 7.68, -4.46, 0.41616, 22, 1.37, -4.21, 0.45972, 26, -2.83, -4.73999, 0.09771, 29, -6.92, -5.71, 0.00136, 5, 11, 15.76, -1.84, 0.01245, 18, 6.89, -0.66, 0.5224, 22, -0.27, -0.69, 0.43894, 26, -5.04, -1.54, 0.02618, 29, -9.53, -2.83, 0, 4, 11, 15.81, 1.58, 0.01001, 18, 6.38, 2.72, 0.61728, 22, -1.55, 2.47, 0.37269, 29, -11.69, -0.17, 0, 5, 11, 12.52, 2.73, 0.11563, 18, 2.94, 3.32, 0.85469, 22, -5.03, 2.26, 0.02964, 26, -10.22, 0.58999, 1.0E-5, 29, -14.96, -1.4, 0, 5, 11, 12.64, -1.19, 0.06475, 18, 3.7, -0.52999, 0.811, 22, -3.4, -1.30999, 0.11146, 26, -8.02, -2.66, 0.01277, 29, -12.34, -4.34, 0, 4, 11, 13.01, -5.62, 0.08698, 18, 4.79, -4.83, 0.67962, 22, -1.34, -5.23999, 0.1964, 26, -5.35, -6.2, 0.03698, 5, 11, 18.99, 3.55, 0.00824, 18, 9.18999, 5.17999, 0.36178, 22, 0.61, 5.52, 0.544, 26, -5.19, 4.73999, 0.08595, 29, -10.52, 3.37, 0, 5, 11, 18.34, -5.75, 0.00326, 18, 10.07, -4.1, 0.07672, 22, 3.62, -3.31, 0.64288, 26, -0.76, -3.47, 0.26363, 29, -5.04, -4.19, 0.01346, 5, 11, 18.57, -2.51, 2.0E-5, 18, 9.77, -0.87, 0.07114, 22, 2.57, -0.23, 0.776, 26, -2.3, -0.61, 0.1502, 29, -6.95, -1.55, 0.0026, 5, 11, 18.76, 0.25, 0.00107, 18, 9.5, 1.89, 0.22176, 22, 1.67, 2.39, 0.75973, 26, -3.62, 1.83, 0.01741, 29, -8.58, 0.69, 0, 5, 11, 20.37999, -5.7, 4.7E-4, 18, 12.08, -3.71, 0.03272, 22, 5.48, -2.47, 0.39152, 26, 0.92, -2.33999, 0.52054, 29, -3.51, -2.84, 0.05472, 5, 11, 21.11, -2.35999, 0, 18, 12.25, -0.3, 0.02728, 22, 4.86, 0.88, 0.50894, 26, -0.23, 0.86, 0.44377, 29, -5.09, 0.18, 0.01998, 5, 11, 22.45, -6.37, 0, 18, 14.23, -4.04, 0.00781, 22, 7.65, -2.28, 0.06032, 26, 3.03, -1.8, 0.76211, 29, -1.49, -2.02, 0.16974, 5, 11, 23.18, -3.87, 0, 18, 14.54, -1.45, 8.6E-4, 22, 7.35, 0.3, 0.11519, 26, 2.31, 0.69, 0.80323, 29, -2.54, 0.36, 0.0807, 4, 18, 16.25, -4.46, 0.00118, 22, 9.71, -2.22, 0.01352, 26, 5.05, -1.41, 0.49258, 29, 0.45, -1.36, 0.4927, 5, 11, 25.19, -5.11, 0, 18, 16.71999, -2.34999, 1.0E-4, 22, 9.68, -0.06, 0.00808, 26, 4.67, 0.71, 0.5878, 29, -0.2, 0.69, 0.40398, 3, 11, 26.63, -7.03, 0, 26, 6.91, -0.13, 0.1416, 29, 2.11999, 0.14, 0.85839 ],
				"hull": 26,
				"edges": [ 14, 52, 52, 54, 54, 56, 56, 34, 14, 16, 16, 18, 18, 20, 20, 22, 16, 58, 58, 60, 60, 62, 30, 32, 32, 34, 62, 32, 22, 24, 26, 24, 18, 64, 64, 66, 66, 68, 26, 28, 28, 30, 68, 28, 10, 70, 70, 72, 72, 74, 74, 38, 38, 36, 36, 76, 76, 78, 78, 80, 80, 12, 12, 10, 12, 14, 36, 34, 82, 40, 82, 38, 8, 10, 8, 6, 44, 42, 2, 4, 4, 6, 42, 40, 48, 50, 48, 46, 46, 44, 2, 0, 0, 50, 38, 40, 8, 84, 86, 84, 82, 88, 88, 86, 6, 90, 40, 92, 92, 90, 4, 94, 42, 96, 96, 94, 2, 98, 44, 100, 100, 98, 0, 102, 102, 46 ],
				"width": 23,
				"height": 30
			}
		},
		"shayu_yuqiyou2": {
			"shayu_yuqiyou": {
				"type": "mesh",
				"uvs": [ 1, 1, 0, 1, 0, 0, 1, 0, 0.35898, 0.73205, 0.69681, 0.22108, 0.60976, 0.12039, 0.25897, 0.70233, 0.12013, 0.66616, 0.54506, 0.03262 ],
				"triangles": [ 9, 2, 3, 6, 9, 3, 5, 6, 3, 8, 2, 9, 8, 9, 6, 7, 8, 6, 5, 7, 6, 4, 7, 5, 8, 1, 2, 5, 3, 0, 4, 5, 0, 1, 8, 7, 7, 4, 1, 0, 1, 4 ],
				"vertices": [ 32.50999, -3.69, 4.67, -23.2, -13.11, 2.18, 14.73, 21.69, 9.89999, -9.39, 10.22, 10.16, 6, 11.02, 6.59, -10.59, 2.08, -12.38, 2.64, 11.98 ],
				"hull": 4,
				"edges": [ 0, 2, 2, 4, 4, 6, 0, 6, 8, 10, 10, 12, 12, 14, 14, 8, 14, 16, 16, 18, 18, 12 ],
				"width": 34,
				"height": 31
			}
		},
		"shayu_yuqizuo2": {
			"shayu_yuqizuo": {
				"type": "skinnedmesh",
				"uvs": [ 0.78822, 0.29004, 1, 0.56172, 1, 0.63174, 0.88076, 0.65909, 0.72774, 0.69404, 0.60475, 0.73813, 0.501, 0.77315, 0.42224, 0.82571, 0.34811, 0.87334, 0.27707, 0.92426, 0.21478, 0.96947, 0.14689, 1, 0, 1, 0, 0.88444, 0, 0.76165, 0.09965, 0.54781, 0.14446, 0.46565, 0.20008, 0.35391, 0.26746, 0.25241, 0.34901, 0.1398, 0.4234, 0.05307, 0.4849, 0, 0.56212, 0, 0.05815, 0.63842, 0.06305, 0.93404, 0.10608, 0.8643, 0.16199, 0.774, 0.22066, 0.70636, 0.28349, 0.64587, 0.35297, 0.56692, 0.44457, 0.50746, 0.54167, 0.42174, 0.65749, 0.36325 ],
				"triangles": [ 13, 14, 25, 24, 13, 25, 10, 25, 9, 11, 24, 25, 12, 13, 24, 10, 11, 25, 12, 24, 11, 15, 16, 28, 27, 23, 15, 28, 27, 15, 23, 14, 15, 26, 23, 27, 14, 23, 26, 27, 28, 7, 25, 14, 26, 8, 27, 7, 26, 27, 8, 9, 26, 8, 25, 26, 9, 17, 18, 30, 29, 16, 17, 30, 29, 17, 28, 16, 29, 6, 30, 5, 29, 30, 6, 28, 29, 6, 7, 28, 6, 32, 22, 0, 20, 21, 22, 32, 20, 22, 32, 19, 20, 31, 19, 32, 18, 19, 31, 30, 18, 31, 3, 0, 1, 2, 3, 1, 32, 0, 3, 4, 32, 3, 31, 32, 4, 5, 30, 31, 4, 5, 31 ],
				"vertices": [ 2, 15, -3.69, 1.6, 0.99364, 19, -12.57, 3.4, 0.00635, 2, 15, -4.87, 12.48, 0.99711, 19, -12.22, 14.34, 0.00288, 3, 15, -3.67, 14.29, 0.98355, 19, -10.78, 15.96, 0.0161, 23, -15.36, 18.37999, 3.3E-4, 3, 15, 0.07, 12.83, 0.94573, 19, -7.27, 13.99, 0.0504, 23, -12.17, 15.93, 0.00386, 4, 15, 4.88, 10.95, 0.79345, 19, -2.77, 11.45, 0.18456, 23, -8.07, 12.79, 0.02167, 27, -11.32, 15.12, 3.1E-4, 5, 15, 9.01, 9.85, 0.52767, 19, 1.16, 9.78, 0.39672, 23, -4.4, 10.58, 0.0716, 27, -8.08, 12.32, 0.00389, 30, -11.53, 12.77, 8.0E-5, 5, 15, 12.47, 8.87, 0.25262, 19, 4.44999, 8.32, 0.50786, 23, -1.35, 8.67, 0.2172, 27, -5.4, 9.92, 0.02019, 30, -8.95, 10.27, 0.00211, 5, 15, 15.54, 8.79, 0.0801, 19, 7.47, 7.82, 0.41166, 23, 1.56, 7.75, 0.42887, 27, -2.68, 8.51, 0.06411, 30, -6.28, 8.76, 0.01522, 5, 15, 18.39, 8.68, 0.02353, 19, 10.28, 7.3, 0.20247, 23, 4.27, 6.84, 0.52404, 27, -0.16, 7.15, 0.19196, 30, -3.82, 7.3, 0.05798, 5, 15, 21.22, 8.7, 0.00449, 19, 13.08, 6.93, 0.06143, 23, 6.99, 6.08, 0.40972, 27, 2.38, 5.94, 0.31797, 30, -1.32, 5.99, 0.20636, 5, 15, 23.71, 8.74, 4.4E-4, 19, 15.55, 6.61, 0.01634, 23, 9.39, 5.42, 0.17661, 27, 4.63, 4.88, 0.33945, 30, 0.88, 4.84, 0.46713, 5, 15, 26.1, 8.29, 0, 19, 17.86, 5.84, 0.00258, 23, 11.56, 4.33, 0.03907, 27, 6.58, 3.43, 0.21958, 30, 2.77, 3.32, 0.73875, 5, 15, 30.14, 5.61, 0, 19, 21.48, 2.61999, 1.1E-4, 23, 14.7, 0.63, 0.01914, 27, 9.05, -0.73, 0.17707, 30, 5.07, -0.94, 0.80367, 5, 15, 28.16, 2.63, 0, 19, 19.11, -0.05, 0.01796, 23, 11.97, -1.68, 0.08831, 27, 5.96, -2.56, 0.21946, 30, 1.92, -2.64, 0.67425, 5, 15, 26.06, -0.54, 0.00118, 19, 16.58, -2.9, 0.06996, 23, 9.07, -4.14, 0.32085, 27, 2.69, -4.48999, 0.30264, 30, -1.42, -4.44, 0.30533, 5, 15, 19.66, -4.25, 0.01348, 19, 9.72999, -5.68, 0.21077, 23, 1.89, -5.93, 0.49219, 27, -4.67999, -5.03, 0.20882, 30, -8.82, -4.69, 0.07472, 5, 15, 17.03, -5.56, 0.06903, 19, 6.93, -6.6, 0.47076, 23, -0.99, -6.45, 0.39754, 27, -7.63, -5.05, 0.05352, 30, -11.76, -4.6, 0.00911, 4, 15, 13.58, -7.44, 0.23956, 19, 3.26, -7.98, 0.57525, 23, -4.82, -7.3, 0.18055, 27, -11.55, -5.23, 0.00461, 4, 15, 9.99, -8.84, 0.51313, 19, -0.48, -8.85999, 0.44569, 23, -8.66, -7.64, 0.04089, 27, -15.39, -4.91, 2.6E-4, 3, 15, 5.82, -10.27, 0.77903, 19, -4.81, -9.68999, 0.21364, 23, -13.06, -7.85, 0.00731, 3, 15, 2.29, -11.15, 0.9309, 19, -8.43, -10.07, 0.06846, 23, -16.7, -7.73, 6.2E-4, 2, 15, -0.3, -11.41, 0.9677, 19, -11.04, -9.96, 0.03229, 2, 15, -2.42, -10, 0.98754, 19, -12.95, -8.27, 0.01245, 5, 15, 22.36, -2.67, 0.00148, 19, 12.62, -4.48, 0.09339, 23, 4.92, -5.15, 0.47896, 27, -1.57, -4.78, 0.30049, 30, -5.7, -4.56, 0.12565, 5, 15, 27.28, 5.06, 0, 19, 18.57, 2.47, 1.5E-4, 23, 11.8, 0.9, 0.04708, 27, 6.23, 0.01, 0.22441, 30, 2.28, -0.08, 0.72834, 5, 15, 24.9, 4.04, 0, 19, 16.07, 1.8, 0.02122, 23, 9.22999, 0.58, 0.221, 27, 3.65, 0.13, 0.33326, 30, -0.28, 0.14, 0.42449, 5, 15, 21.82, 2.72, 6.4E-4, 19, 12.84, 0.92, 0.07203, 23, 5.9, 0.17, 0.44493, 27, 0.3, 0.3, 0.32655, 30, -3.62, 0.44, 0.15582, 5, 15, 19.04, 2.04, 0.0082, 19, 10, 0.64, 0.21167, 23, 3.05, 0.29, 0.5657, 27, -2.48, 0.9, 0.16836, 30, -6.39, 1.15, 0.04603, 5, 15, 16.28, 1.62, 0.06851, 19, 7.2, 0.61, 0.45121, 23, 0.28, 0.64999, 0.42833, 27, -5.15, 1.73, 0.049, 30, -9.02, 2.08, 0.00292, 5, 15, 13.02, 0.84, 0.22567, 19, 3.86, 0.3, 0.57662, 23, -3.06, 0.81, 0.19203, 27, -8.42, 2.46, 0.00555, 30, -12.26, 2.94, 1.1E-4, 4, 15, 9.47999, 0.97, 0.51854, 19, 0.38, 0.92, 0.4263, 23, -6.42, 1.92, 0.05468, 27, -11.55, 4.13, 4.5E-4, 3, 15, 5.34, 0.52, 0.80207, 19, -3.77, 1.05999, 0.19181, 23, -10.52, 2.64, 0.0061, 3, 15, 1.15, 1.12, 0.94292, 19, -7.84, 2.24, 0.05671, 23, -14.38, 4.38, 3.6E-4 ],
				"hull": 23,
				"edges": [ 36, 38, 8, 10, 8, 6, 40, 38, 42, 44, 40, 42, 2, 4, 6, 4, 32, 34, 12, 10, 12, 14, 36, 34, 18, 16, 30, 32, 14, 16, 30, 46, 18, 20, 28, 46, 22, 24, 20, 22, 24, 26, 26, 28, 22, 48, 48, 26, 24, 48, 28, 50, 50, 20, 48, 50, 46, 52, 52, 18, 50, 52, 16, 54, 54, 30, 52, 54, 14, 56, 56, 32, 54, 56, 34, 58, 58, 12, 56, 58, 10, 60, 60, 36, 58, 60, 38, 62, 62, 8, 60, 62, 6, 64, 64, 40, 62, 64, 2, 0, 0, 44, 64, 0, 28, 30 ],
				"width": 33,
				"height": 31
			}
		},
		"shayu_zui2": {
			"shayu_zui": {
				"type": "skinnedmesh",
				"uvs": [ 0.89438, 0.04102, 1, 0.14442, 1, 0.31615, 1, 0.44773, 0.95683, 0.6732, 0.83738, 0.86055, 0.66072, 1, 0.33264, 1, 0.14478, 0.84101, 0.02031, 0.59821, 0, 0.4354, 0, 0.35561, 0, 0.11918, 0.19185, 0, 0.72191, 0, 0.88086, 0.38455, 0.69953, 0.41858, 0.48287, 0.43437, 0.20717, 0.40445, 0.87539, 0.5217, 0.69812, 0.59157, 0.48675, 0.61006, 0.20721, 0.57513 ],
				"triangles": [ 7, 21, 6, 6, 20, 5, 6, 21, 20, 7, 8, 21, 21, 8, 22, 4, 20, 19, 4, 5, 20, 8, 9, 22, 4, 19, 3, 21, 17, 20, 22, 17, 21, 20, 16, 19, 9, 10, 22, 10, 18, 22, 19, 15, 3, 20, 17, 16, 22, 18, 17, 19, 16, 15, 15, 2, 3, 10, 11, 18, 16, 17, 14, 15, 16, 14, 18, 12, 13, 13, 14, 17, 17, 18, 13, 2, 15, 1, 15, 14, 0, 18, 11, 12, 15, 0, 1 ],
				"vertices": [ 1, 12, 19.20999, -43.75, 1, 1, 12, 11.66, -55.37, 1, 1, 12, -0.87, -55.37, 1, 1, 13, -18.17, 54.47, 1, 1, 13, -1.71, 49.72, 1, 1, 13, 11.95, 36.58, 1, 1, 13, 22.13, 17.15, 1, 1, 13, 22.13, -18.93, 1, 1, 13, 10.52, -39.59, 1, 1, 13, -7.19, -53.28, 1, 1, 13, -19.07, -55.52, 1, 1, 12, -3.75, 54.62, 1, 1, 12, 13.5, 54.62, 1, 1, 12, 22.2, 33.52, 1, 1, 12, 22.2, -24.78, 1, 1, 12, -5.86, -42.26, 1, 1, 12, -8.34, -22.32, 1, 1, 12, -9.5, 1.51, 1, 1, 12, -7.31, 31.83, 1, 1, 13, -12.77, 40.77, 1, 1, 13, -7.67, 21.27, 1, 1, 13, -6.32, -1.97, 1, 1, 13, -8.87, -32.72, 1 ],
				"hull": 15,
				"edges": [ 4, 30, 30, 32, 32, 34, 34, 36, 36, 22, 4, 6, 6, 38, 38, 40, 40, 42, 42, 44, 20, 22, 44, 20, 6, 8, 8, 10, 10, 12, 20, 18, 18, 16, 12, 14, 16, 14, 4, 2, 2, 0, 0, 28, 22, 24, 26, 28, 24, 26 ],
				"width": 110,
				"height": 73
			}
		},
		"yanjing2": {
			"yanjing": { "x": 1.31, "y": -0.14, "width": 13, "height": 11 }
		},
		"z_guang3": {
			"z_guang2": { "x": -1.21, "y": -1.17, "width": 29, "height": 48 }
		},
		"z_guang4": {
			"z_guang1": { "x": -0.57, "y": -0.92, "width": 18, "height": 29 }
		}
	}
},
"animations": {
	"animation": {
		"slots": {
			"bone": {
				"attachment": [
					{ "time": 0, "name": "zui" },
					{ "time": 0.5333, "name": null },
					{ "time": 1, "name": null }
				]
			},
			"bone12": {
				"attachment": [
					{ "time": 0, "name": null },
					{ "time": 0.3666, "name": null },
					{ "time": 0.5666, "name": null },
					{ "time": 0.6666, "name": "z_shayu_wuguan" },
					{ "time": 0.8666, "name": "z_shayu_wuguan" },
					{ "time": 1, "name": "z_shayu_wuguan" }
				]
			},
			"bone13": {
				"attachment": [
					{ "time": 0, "name": null },
					{ "time": 0.3666, "name": null },
					{ "time": 0.5666, "name": null },
					{ "time": 0.6666, "name": "z_shayu_yanjing2" },
					{ "time": 0.8666, "name": "z_shayu_yanjing2" },
					{ "time": 1, "name": "z_shayu_yanjing2" }
				]
			},
			"bone14": {
				"attachment": [
					{ "time": 0, "name": null },
					{ "time": 0.3666, "name": null },
					{ "time": 0.5666, "name": null },
					{ "time": 0.6666, "name": "z_shayu_zui2" },
					{ "time": 0.8666, "name": "z_shayu_zui2" },
					{ "time": 1, "name": "z_shayu_zui2" }
				]
			},
			"jingkongzui2": {
				"attachment": [
					{ "time": 0, "name": "jingkongzui" },
					{ "time": 0.9333, "name": null },
					{ "time": 1, "name": null }
				]
			},
			"jkyanjing": {
				"attachment": [
					{ "time": 0, "name": null },
					{ "time": 0.1333, "name": null },
					{ "time": 1, "name": null }
				]
			},
			"pao7": {
				"attachment": [
					{ "time": 0, "name": "pao6" },
					{ "time": 0.4, "name": null },
					{ "time": 1, "name": null }
				]
			},
			"pao8": {
				"attachment": [
					{ "time": 0, "name": "pao5" },
					{ "time": 0.4, "name": null },
					{ "time": 1, "name": null }
				]
			},
			"pao9": {
				"attachment": [
					{ "time": 0, "name": "pao4" },
					{ "time": 0.3333, "name": null },
					{ "time": 1, "name": null }
				]
			},
			"pao10": {
				"attachment": [
					{ "time": 0, "name": "pao1" },
					{ "time": 0.4, "name": null },
					{ "time": 1, "name": null }
				]
			},
			"pao11": {
				"attachment": [
					{ "time": 0, "name": "pao3" },
					{ "time": 0.2333, "name": null },
					{ "time": 1, "name": null }
				]
			},
			"pao12": {
				"attachment": [
					{ "time": 0, "name": "pao2" },
					{ "time": 0.3, "name": null },
					{ "time": 1, "name": null }
				]
			},
			"shayu_tou2": {
				"attachment": [
					{ "time": 0, "name": null },
					{ "time": 0.3666, "name": "shayu_tou" },
					{ "time": 0.5666, "name": "shayu_tou" },
					{ "time": 0.6666, "name": "z_shayu_tou" },
					{ "time": 0.8666, "name": "z_shayu_tou" },
					{ "time": 1, "name": "z_shayu_tou" }
				]
			},
			"shayu_yuqishang2": {
				"attachment": [
					{ "time": 0, "name": null },
					{ "time": 0.3666, "name": "shayu_yuqishang" },
					{ "time": 1, "name": "shayu_yuqishang" }
				]
			},
			"shayu_yuqiyou2": {
				"attachment": [
					{ "time": 0, "name": null },
					{ "time": 0.3666, "name": "shayu_yuqiyou" },
					{ "time": 1, "name": "shayu_yuqiyou" }
				]
			},
			"shayu_yuqizuo2": {
				"attachment": [
					{ "time": 0, "name": null },
					{ "time": 0.5333, "name": "shayu_yuqizuo" },
					{ "time": 0.7333, "name": "shayu_yuqizuo" },
					{ "time": 1, "name": "shayu_yuqizuo" }
				]
			},
			"shayu_zui2": {
				"attachment": [
					{ "time": 0, "name": null },
					{ "time": 0.3666, "name": "shayu_zui" },
					{ "time": 0.5666, "name": "shayu_zui" },
					{ "time": 0.6666, "name": null },
					{ "time": 0.8666, "name": null },
					{ "time": 1, "name": null }
				]
			},
			"yanjing2": {
				"attachment": [
					{ "time": 0, "name": "yanjing" },
					{ "time": 0.9333, "name": null },
					{ "time": 1, "name": null }
				]
			},
			"z_guang3": {
				"attachment": [
					{ "time": 0, "name": null },
					{ "time": 0.6666, "name": "z_guang2" },
					{ "time": 1, "name": "z_guang2" }
				]
			},
			"z_guang4": {
				"attachment": [
					{ "time": 0, "name": null },
					{ "time": 0.6666, "name": "z_guang1" },
					{ "time": 1, "name": "z_guang1" }
				]
			}
		},
		"bones": {
			"root": {
				"rotate": [
					{ "time": 0, "angle": 0, "curve": "stepped" },
					{ "time": 0.5, "angle": 0, "curve": "stepped" },
					{ "time": 0.5333, "angle": 0, "curve": "stepped" },
					{ "time": 0.8333, "angle": 0, "curve": "stepped" },
					{ "time": 0.9333, "angle": 0, "curve": "stepped" },
					{ "time": 1, "angle": 0 }
				],
				"translate": [
					{ "time": 0, "x": 0, "y": 0, "curve": "stepped" },
					{ "time": 0.5, "x": 0, "y": 0, "curve": "stepped" },
					{ "time": 0.5333, "x": 0, "y": 0, "curve": "stepped" },
					{ "time": 0.8333, "x": 0, "y": 0, "curve": "stepped" },
					{ "time": 0.9333, "x": 0, "y": 0, "curve": "stepped" },
					{ "time": 1, "x": 0, "y": 0 }
				],
				"scale": [
					{ "time": 0, "x": 1, "y": 1, "curve": "stepped" },
					{ "time": 0.5, "x": 1, "y": 1, "curve": "stepped" },
					{ "time": 0.5333, "x": 1, "y": 1, "curve": "stepped" },
					{ "time": 0.8333, "x": 1, "y": 1, "curve": "stepped" },
					{ "time": 0.9333, "x": 1, "y": 1, "curve": "stepped" },
					{ "time": 1, "x": 1, "y": 1 }
				]
			},
			"bone": {
				"rotate": [
					{ "time": 0, "angle": 0, "curve": "stepped" },
					{ "time": 0.5, "angle": 0, "curve": "stepped" },
					{ "time": 0.5333, "angle": 0, "curve": "stepped" },
					{ "time": 0.8333, "angle": 0, "curve": "stepped" },
					{ "time": 0.9333, "angle": 0, "curve": "stepped" },
					{ "time": 1, "angle": 0 }
				],
				"translate": [
					{ "time": 0, "x": 0, "y": 0 },
					{ "time": 0.2333, "x": 0, "y": 2.89 },
					{ "time": 0.5, "x": 0, "y": 0, "curve": "stepped" },
					{ "time": 0.5333, "x": 0, "y": 0, "curve": "stepped" },
					{ "time": 0.8333, "x": 0, "y": 0, "curve": "stepped" },
					{ "time": 0.9333, "x": 0, "y": 0, "curve": "stepped" },
					{ "time": 1, "x": 0, "y": 0 }
				],
				"scale": [
					{ "time": 0, "x": 1, "y": 1, "curve": "stepped" },
					{ "time": 0.5, "x": 1, "y": 1, "curve": "stepped" },
					{ "time": 0.5333, "x": 1, "y": 1, "curve": "stepped" },
					{ "time": 0.6333, "x": 1, "y": 1 },
					{ "time": 0.6666, "x": 0, "y": 0, "curve": "stepped" },
					{ "time": 1, "x": 0, "y": 0 }
				]
			},
			"bone10": {
				"rotate": [
					{ "time": 0, "angle": 0, "curve": "stepped" },
					{ "time": 0.5, "angle": 0, "curve": "stepped" },
					{ "time": 0.5333, "angle": 0, "curve": "stepped" },
					{ "time": 0.8333, "angle": 0, "curve": "stepped" },
					{ "time": 0.9333, "angle": 0, "curve": "stepped" },
					{ "time": 1, "angle": 0 }
				],
				"translate": [
					{ "time": 0, "x": 0, "y": 0 },
					{ "time": 0.2333, "x": 0, "y": 41.65 },
					{ "time": 0.5, "x": 0, "y": 0, "curve": "stepped" },
					{ "time": 0.5333, "x": 0, "y": 0, "curve": "stepped" },
					{ "time": 0.8333, "x": 0, "y": 0, "curve": "stepped" },
					{ "time": 0.9333, "x": 0, "y": 0, "curve": "stepped" },
					{ "time": 1, "x": 0, "y": 0 }
				],
				"scale": [
					{ "time": 0, "x": 1, "y": 1, "curve": "stepped" },
					{ "time": 0.5, "x": 1, "y": 1, "curve": "stepped" },
					{ "time": 0.5333, "x": 1, "y": 1, "curve": "stepped" },
					{ "time": 0.8333, "x": 1, "y": 1, "curve": "stepped" },
					{ "time": 0.9333, "x": 1, "y": 1, "curve": "stepped" },
					{ "time": 1, "x": 1, "y": 1 }
				]
			},
			"bone11": {
				"rotate": [
					{ "time": 0, "angle": 0, "curve": "stepped" },
					{ "time": 0.5, "angle": 0, "curve": "stepped" },
					{ "time": 0.5333, "angle": 0, "curve": "stepped" },
					{ "time": 0.8333, "angle": 0, "curve": "stepped" },
					{ "time": 0.9333, "angle": 0, "curve": "stepped" },
					{ "time": 1, "angle": 0 }
				],
				"translate": [
					{ "time": 0, "x": 0, "y": 0 },
					{ "time": 0.3, "x": 0, "y": 47.18 },
					{ "time": 0.5, "x": 0, "y": 0, "curve": "stepped" },
					{ "time": 0.5333, "x": 0, "y": 0, "curve": "stepped" },
					{ "time": 0.8333, "x": 0, "y": 0, "curve": "stepped" },
					{ "time": 0.9333, "x": 0, "y": 0, "curve": "stepped" },
					{ "time": 1, "x": 0, "y": 0 }
				],
				"scale": [
					{ "time": 0, "x": 1, "y": 1, "curve": "stepped" },
					{ "time": 0.5, "x": 1, "y": 1, "curve": "stepped" },
					{ "time": 0.5333, "x": 1, "y": 1, "curve": "stepped" },
					{ "time": 0.8333, "x": 1, "y": 1, "curve": "stepped" },
					{ "time": 0.9333, "x": 1, "y": 1, "curve": "stepped" },
					{ "time": 1, "x": 1, "y": 1 }
				]
			},
			"bone12": {
				"rotate": [
					{ "time": 0, "angle": 0, "curve": "stepped" },
					{ "time": 0.3666, "angle": 0, "curve": "stepped" },
					{ "time": 0.5666, "angle": 0, "curve": "stepped" },
					{ "time": 0.6666, "angle": 0, "curve": "stepped" },
					{ "time": 0.8666, "angle": 0, "curve": "stepped" },
					{ "time": 1, "angle": 0 }
				],
				"translate": [
					{ "time": 0, "x": 0, "y": 0 },
					{ "time": 0.3666, "x": -155.29, "y": -3.27, "curve": "stepped" },
					{ "time": 0.5666, "x": -155.29, "y": -3.27, "curve": "stepped" },
					{ "time": 0.6666, "x": -155.29, "y": -3.27, "curve": "stepped" },
					{ "time": 0.8666, "x": -155.29, "y": -3.27, "curve": "stepped" },
					{ "time": 1, "x": -155.29, "y": -3.27 }
				],
				"scale": [
					{ "time": 0, "x": 1, "y": 1 },
					{ "time": 0.3666, "x": 0.514, "y": 0.514 },
					{ "time": 0.5666, "x": 1, "y": 1, "curve": "stepped" },
					{ "time": 1, "x": 1, "y": 1 }
				]
			},
			"bone13": {
				"rotate": [
					{ "time": 0, "angle": 0, "curve": "stepped" },
					{ "time": 0.3666, "angle": 0 },
					{ "time": 0.6, "angle": 9.97 },
					{ "time": 1, "angle": 0 }
				],
				"translate": [
					{ "time": 0, "x": 0, "y": 0, "curve": "stepped" },
					{ "time": 0.3666, "x": 0, "y": 0, "curve": "stepped" },
					{ "time": 0.6, "x": 0, "y": 0, "curve": "stepped" },
					{ "time": 1, "x": 0, "y": 0 }
				],
				"scale": [
					{ "time": 0, "x": 1, "y": 1, "curve": "stepped" },
					{ "time": 0.3666, "x": 1, "y": 1, "curve": "stepped" },
					{ "time": 0.6, "x": 1, "y": 1, "curve": "stepped" },
					{ "time": 1, "x": 1, "y": 1 }
				]
			},
			"bone31": {
				"rotate": [
					{ "time": 0, "angle": 0, "curve": "stepped" },
					{ "time": 0.3666, "angle": 0, "curve": "stepped" },
					{ "time": 0.5666, "angle": 0, "curve": "stepped" },
					{ "time": 0.6666, "angle": 0, "curve": "stepped" },
					{ "time": 1, "angle": 0 }
				],
				"translate": [
					{ "time": 0, "x": 0, "y": 0, "curve": "stepped" },
					{ "time": 0.3666, "x": 0, "y": 0, "curve": "stepped" },
					{ "time": 0.5666, "x": 0, "y": 0 },
					{ "time": 0.6666, "x": -162.31, "y": 0, "curve": "stepped" },
					{ "time": 1, "x": -162.31, "y": 0 }
				],
				"scale": [
					{ "time": 0, "x": 1, "y": 1, "curve": "stepped" },
					{ "time": 0.3666, "x": 1, "y": 1, "curve": "stepped" },
					{ "time": 0.5666, "x": 1, "y": 1 },
					{ "time": 0.6666, "x": 1.179, "y": 1.179 },
					{ "time": 1, "x": 0.37, "y": 0.37 }
				]
			},
			"bone32": {
				"rotate": [
					{ "time": 0, "angle": 0, "curve": "stepped" },
					{ "time": 0.3666, "angle": 0, "curve": "stepped" },
					{ "time": 0.5666, "angle": 0, "curve": "stepped" },
					{ "time": 0.6666, "angle": 0, "curve": "stepped" },
					{ "time": 1, "angle": 0 }
				],
				"translate": [
					{ "time": 0, "x": 0, "y": 0, "curve": "stepped" },
					{ "time": 0.3666, "x": 0, "y": 0, "curve": "stepped" },
					{ "time": 0.5666, "x": 0, "y": 0 },
					{ "time": 0.6666, "x": -162.31, "y": 0, "curve": "stepped" },
					{ "time": 1, "x": -162.31, "y": 0 }
				],
				"scale": [
					{ "time": 0, "x": 1, "y": 1, "curve": "stepped" },
					{ "time": 0.3666, "x": 1, "y": 1, "curve": "stepped" },
					{ "time": 0.5666, "x": 1, "y": 1 },
					{ "time": 0.6666, "x": 0.574, "y": 0.574 },
					{ "time": 1, "x": 1.725, "y": 1.725 }
				]
			},
			"bone6": {
				"rotate": [
					{ "time": 0, "angle": 0, "curve": "stepped" },
					{ "time": 0.5, "angle": 0, "curve": "stepped" },
					{ "time": 0.5333, "angle": 0, "curve": "stepped" },
					{ "time": 0.8333, "angle": 0, "curve": "stepped" },
					{ "time": 0.9333, "angle": 0, "curve": "stepped" },
					{ "time": 1, "angle": 0 }
				],
				"translate": [
					{ "time": 0, "x": 0, "y": 0 },
					{ "time": 0.4, "x": 0, "y": 77.23 },
					{ "time": 0.5, "x": 0, "y": 0, "curve": "stepped" },
					{ "time": 0.5333, "x": 0, "y": 0, "curve": "stepped" },
					{ "time": 0.8333, "x": 0, "y": 0, "curve": "stepped" },
					{ "time": 0.9333, "x": 0, "y": 0, "curve": "stepped" },
					{ "time": 1, "x": 0, "y": 0 }
				],
				"scale": [
					{ "time": 0, "x": 1, "y": 1, "curve": "stepped" },
					{ "time": 0.5, "x": 1, "y": 1, "curve": "stepped" },
					{ "time": 0.5333, "x": 1, "y": 1, "curve": "stepped" },
					{ "time": 0.8333, "x": 1, "y": 1, "curve": "stepped" },
					{ "time": 0.9333, "x": 1, "y": 1, "curve": "stepped" },
					{ "time": 1, "x": 1, "y": 1 }
				]
			},
			"bone7": {
				"rotate": [
					{ "time": 0, "angle": 0, "curve": "stepped" },
					{ "time": 0.5, "angle": 0, "curve": "stepped" },
					{ "time": 0.5333, "angle": 0, "curve": "stepped" },
					{ "time": 0.8333, "angle": 0, "curve": "stepped" },
					{ "time": 0.9333, "angle": 0, "curve": "stepped" },
					{ "time": 1, "angle": 0 }
				],
				"translate": [
					{ "time": 0, "x": 0, "y": 0 },
					{ "time": 0.4, "x": 0, "y": 65.8 },
					{ "time": 0.5, "x": 0, "y": 0, "curve": "stepped" },
					{ "time": 0.5333, "x": 0, "y": 0, "curve": "stepped" },
					{ "time": 0.8333, "x": 0, "y": 0, "curve": "stepped" },
					{ "time": 0.9333, "x": 0, "y": 0, "curve": "stepped" },
					{ "time": 1, "x": 0, "y": 0 }
				],
				"scale": [
					{ "time": 0, "x": 1, "y": 1, "curve": "stepped" },
					{ "time": 0.5, "x": 1, "y": 1, "curve": "stepped" },
					{ "time": 0.5333, "x": 1, "y": 1, "curve": "stepped" },
					{ "time": 0.8333, "x": 1, "y": 1, "curve": "stepped" },
					{ "time": 0.9333, "x": 1, "y": 1, "curve": "stepped" },
					{ "time": 1, "x": 1, "y": 1 }
				]
			},
			"bone8": {
				"rotate": [
					{ "time": 0, "angle": 0, "curve": "stepped" },
					{ "time": 0.5, "angle": 0, "curve": "stepped" },
					{ "time": 0.5333, "angle": 0, "curve": "stepped" },
					{ "time": 0.8333, "angle": 0, "curve": "stepped" },
					{ "time": 0.9333, "angle": 0, "curve": "stepped" },
					{ "time": 1, "angle": 0 }
				],
				"translate": [
					{ "time": 0, "x": 0, "y": 0 },
					{ "time": 0.3333, "x": 0, "y": 45.01 },
					{ "time": 0.5, "x": 0, "y": 0, "curve": "stepped" },
					{ "time": 0.5333, "x": 0, "y": 0, "curve": "stepped" },
					{ "time": 0.8333, "x": 0, "y": 0, "curve": "stepped" },
					{ "time": 0.9333, "x": 0, "y": 0, "curve": "stepped" },
					{ "time": 1, "x": 0, "y": 0 }
				],
				"scale": [
					{ "time": 0, "x": 1, "y": 1, "curve": "stepped" },
					{ "time": 0.5, "x": 1, "y": 1, "curve": "stepped" },
					{ "time": 0.5333, "x": 1, "y": 1, "curve": "stepped" },
					{ "time": 0.8333, "x": 1, "y": 1, "curve": "stepped" },
					{ "time": 0.9333, "x": 1, "y": 1, "curve": "stepped" },
					{ "time": 1, "x": 1, "y": 1 }
				]
			},
			"bone9": {
				"rotate": [
					{ "time": 0, "angle": 0, "curve": "stepped" },
					{ "time": 0.5, "angle": 0, "curve": "stepped" },
					{ "time": 0.5333, "angle": 0, "curve": "stepped" },
					{ "time": 0.8333, "angle": 0, "curve": "stepped" },
					{ "time": 0.9333, "angle": 0, "curve": "stepped" },
					{ "time": 1, "angle": 0 }
				],
				"translate": [
					{ "time": 0, "x": 0, "y": 0 },
					{ "time": 0.4, "x": 0, "y": 65.64 },
					{ "time": 0.5, "x": 0, "y": 0, "curve": "stepped" },
					{ "time": 0.5333, "x": 0, "y": 0, "curve": "stepped" },
					{ "time": 0.8333, "x": 0, "y": 0, "curve": "stepped" },
					{ "time": 0.9333, "x": 0, "y": 0, "curve": "stepped" },
					{ "time": 1, "x": 0, "y": 0 }
				],
				"scale": [
					{ "time": 0, "x": 1, "y": 1, "curve": "stepped" },
					{ "time": 0.5, "x": 1, "y": 1, "curve": "stepped" },
					{ "time": 0.5333, "x": 1, "y": 1, "curve": "stepped" },
					{ "time": 0.8333, "x": 1, "y": 1, "curve": "stepped" },
					{ "time": 0.9333, "x": 1, "y": 1, "curve": "stepped" },
					{ "time": 1, "x": 1, "y": 1 }
				]
			},
			"bone14": {
				"rotate": [
					{ "time": 0, "angle": 0, "curve": "stepped" },
					{ "time": 0.3666, "angle": 0 },
					{ "time": 0.6, "angle": 11.8 },
					{ "time": 0.9666, "angle": 0, "curve": "stepped" },
					{ "time": 1, "angle": 0 }
				],
				"translate": [
					{ "time": 0, "x": 0, "y": 0, "curve": "stepped" },
					{ "time": 0.3666, "x": 0, "y": 0, "curve": "stepped" },
					{ "time": 0.6, "x": 0, "y": 0, "curve": "stepped" },
					{ "time": 0.9666, "x": 0, "y": 0, "curve": "stepped" },
					{ "time": 1, "x": 0, "y": 0 }
				],
				"scale": [
					{ "time": 0, "x": 1, "y": 1, "curve": "stepped" },
					{ "time": 0.3666, "x": 1, "y": 1, "curve": "stepped" },
					{ "time": 0.6, "x": 1, "y": 1, "curve": "stepped" },
					{ "time": 0.9666, "x": 1, "y": 1, "curve": "stepped" },
					{ "time": 1, "x": 1, "y": 1 }
				]
			},
			"bone18": {
				"rotate": [
					{ "time": 0, "angle": 0, "curve": "stepped" },
					{ "time": 0.3666, "angle": 0, "curve": "stepped" },
					{ "time": 0.5666, "angle": 0, "curve": "stepped" },
					{ "time": 0.6666, "angle": 0, "curve": "stepped" },
					{ "time": 0.8666, "angle": 0, "curve": "stepped" },
					{ "time": 1, "angle": 0 }
				],
				"translate": [
					{ "time": 0, "x": 0, "y": 0 },
					{ "time": 0.3666, "x": -0.62, "y": -5.01 },
					{ "time": 0.5666, "x": 0, "y": 5.02 },
					{ "time": 0.6333, "x": 0.47, "y": -5.66, "curve": "stepped" },
					{ "time": 0.6666, "x": 0.47, "y": -5.66, "curve": "stepped" },
					{ "time": 0.8666, "x": 0.47, "y": -5.66, "curve": "stepped" },
					{ "time": 1, "x": 0.47, "y": -5.66 }
				],
				"scale": [
					{ "time": 0, "x": 1, "y": 1 },
					{ "time": 0.3666, "x": 0.853, "y": 0.853 },
					{ "time": 0.5666, "x": 1, "y": 1, "curve": "stepped" },
					{ "time": 0.6666, "x": 1, "y": 1, "curve": "stepped" },
					{ "time": 0.8666, "x": 1, "y": 1, "curve": "stepped" },
					{ "time": 1, "x": 1, "y": 1 }
				]
			},
			"bone19": {
				"rotate": [
					{ "time": 0, "angle": 0, "curve": "stepped" },
					{ "time": 0.3666, "angle": 0, "curve": "stepped" },
					{ "time": 0.5666, "angle": 0, "curve": "stepped" },
					{ "time": 0.6666, "angle": 0, "curve": "stepped" },
					{ "time": 0.8666, "angle": 0, "curve": "stepped" },
					{ "time": 1, "angle": 0 }
				],
				"translate": [
					{ "time": 0, "x": 0, "y": 0 },
					{ "time": 0.3666, "x": 0, "y": 4.38 },
					{ "time": 0.5666, "x": 0, "y": 0 },
					{ "time": 0.6333, "x": 0.32, "y": 5.62, "curve": "stepped" },
					{ "time": 0.6666, "x": 0.32, "y": 5.62, "curve": "stepped" },
					{ "time": 0.8666, "x": 0.32, "y": 5.62, "curve": "stepped" },
					{ "time": 1, "x": 0.32, "y": 5.62 }
				],
				"scale": [
					{ "time": 0, "x": 1, "y": 1 },
					{ "time": 0.3666, "x": 0.853, "y": 0.853 },
					{ "time": 0.5666, "x": 1, "y": 1, "curve": "stepped" },
					{ "time": 0.6666, "x": 1, "y": 1, "curve": "stepped" },
					{ "time": 0.8666, "x": 1, "y": 1, "curve": "stepped" },
					{ "time": 1, "x": 1, "y": 1 }
				]
			},
			"bone2": {
				"rotate": [
					{
						"time": 0,
						"angle": 0,
						"curve": [ 0.25, 0, 0.75, 1 ]
					},
					{
						"time": 0.2333,
						"angle": 11,
						"curve": [ 0.25, 0, 0.75, 1 ]
					},
					{ "time": 0.5, "angle": 0, "curve": "stepped" },
					{ "time": 0.5333, "angle": 0 },
					{ "time": 0.7, "angle": 9.82 },
					{ "time": 0.8333, "angle": 0, "curve": "stepped" },
					{ "time": 0.9333, "angle": 0, "curve": "stepped" },
					{ "time": 1, "angle": 0 }
				],
				"translate": [
					{ "time": 0, "x": 0, "y": 0, "curve": "stepped" },
					{ "time": 0.5, "x": 0, "y": 0, "curve": "stepped" },
					{ "time": 0.5333, "x": 0, "y": 0, "curve": "stepped" },
					{ "time": 0.8333, "x": 0, "y": 0, "curve": "stepped" },
					{ "time": 0.9333, "x": 0, "y": 0, "curve": "stepped" },
					{ "time": 1, "x": 0, "y": 0 }
				],
				"scale": [
					{ "time": 0, "x": 1, "y": 1, "curve": "stepped" },
					{ "time": 0.5, "x": 1, "y": 1, "curve": "stepped" },
					{ "time": 0.5333, "x": 1, "y": 1, "curve": "stepped" },
					{ "time": 0.8333, "x": 1, "y": 1, "curve": "stepped" },
					{ "time": 0.9333, "x": 1, "y": 1, "curve": "stepped" },
					{ "time": 1, "x": 1, "y": 1 }
				]
			},
			"bone20": {
				"rotate": [
					{ "time": 0, "angle": 0 },
					{ "time": 0.5333, "angle": 12.13 },
					{ "time": 0.7333, "angle": 17.66 },
					{ "time": 0.8666, "angle": 6.81 },
					{ "time": 1, "angle": 8.11 }
				],
				"translate": [
					{ "time": 0, "x": 0, "y": 0, "curve": "stepped" },
					{ "time": 0.5333, "x": 0, "y": 0, "curve": "stepped" },
					{ "time": 0.7333, "x": 0, "y": 0, "curve": "stepped" },
					{ "time": 1, "x": 0, "y": 0 }
				],
				"scale": [
					{ "time": 0, "x": 1, "y": 1, "curve": "stepped" },
					{ "time": 0.5333, "x": 1, "y": 1, "curve": "stepped" },
					{ "time": 0.7333, "x": 1, "y": 1, "curve": "stepped" },
					{ "time": 1, "x": 1, "y": 1 }
				]
			},
			"bone25": {
				"rotate": [
					{ "time": 0, "angle": 0, "curve": "stepped" },
					{ "time": 0.3666, "angle": 0 },
					{ "time": 0.5666, "angle": -20.7 },
					{ "time": 0.8, "angle": 12.16 },
					{ "time": 1, "angle": 0 }
				],
				"translate": [
					{ "time": 0, "x": 0, "y": 0, "curve": "stepped" },
					{ "time": 0.3666, "x": 0, "y": 0, "curve": "stepped" },
					{ "time": 1, "x": 0, "y": 0 }
				],
				"scale": [
					{ "time": 0, "x": 1, "y": 1, "curve": "stepped" },
					{ "time": 0.3666, "x": 1, "y": 1, "curve": "stepped" },
					{ "time": 1, "x": 1, "y": 1 }
				]
			},
			"bone5": {
				"rotate": [
					{ "time": 0, "angle": 0, "curve": "stepped" },
					{ "time": 0.5, "angle": 0, "curve": "stepped" },
					{ "time": 0.5333, "angle": 0, "curve": "stepped" },
					{ "time": 0.8333, "angle": 0, "curve": "stepped" },
					{ "time": 0.9333, "angle": 0, "curve": "stepped" },
					{ "time": 1, "angle": 0 }
				],
				"translate": [
					{ "time": 0, "x": 0, "y": 0, "curve": "stepped" },
					{ "time": 0.5, "x": 0, "y": 0, "curve": "stepped" },
					{ "time": 0.5333, "x": 0, "y": 0, "curve": "stepped" },
					{ "time": 0.8333, "x": 0, "y": 0, "curve": "stepped" },
					{ "time": 0.9333, "x": 0, "y": 0, "curve": "stepped" },
					{ "time": 1, "x": 0, "y": 0 }
				],
				"scale": [
					{ "time": 0, "x": 1, "y": 1, "curve": "stepped" },
					{ "time": 0.5, "x": 1, "y": 1 },
					{ "time": 0.5333, "x": 1.314, "y": 1.314 },
					{ "time": 0.6333, "x": 1.057, "y": 1.057 },
					{ "time": 0.7333, "x": 1.458, "y": 1.458 },
					{ "time": 0.8333, "x": 1.032, "y": 1.032 },
					{ "time": 0.9333, "x": 1.216, "y": 1.216, "curve": "stepped" },
					{ "time": 1, "x": 1.216, "y": 1.216 }
				]
			},
			"bone15": {
				"rotate": [
					{ "time": 0, "angle": 0, "curve": "stepped" },
					{ "time": 0.3666, "angle": 0 },
					{ "time": 0.6, "angle": -0.98 },
					{ "time": 0.7333, "angle": 25.55 },
					{ "time": 1, "angle": 0 }
				],
				"translate": [
					{ "time": 0, "x": 0, "y": 0, "curve": "stepped" },
					{ "time": 0.3666, "x": 0, "y": 0, "curve": "stepped" },
					{ "time": 0.6, "x": 0, "y": 0, "curve": "stepped" },
					{ "time": 1, "x": 0, "y": 0 }
				],
				"scale": [
					{ "time": 0, "x": 1, "y": 1, "curve": "stepped" },
					{ "time": 0.3666, "x": 1, "y": 1, "curve": "stepped" },
					{ "time": 0.6, "x": 1, "y": 1, "curve": "stepped" },
					{ "time": 1, "x": 1, "y": 1 }
				]
			},
			"bone21": {
				"rotate": [
					{ "time": 0, "angle": 0, "curve": "stepped" },
					{ "time": 0.5333, "angle": 0, "curve": "stepped" },
					{ "time": 0.8333, "angle": 0, "curve": "stepped" },
					{ "time": 0.9333, "angle": 0, "curve": "stepped" },
					{ "time": 1, "angle": 0 }
				],
				"translate": [
					{ "time": 0, "x": 0, "y": 0, "curve": "stepped" },
					{ "time": 0.5333, "x": 0, "y": 0, "curve": "stepped" },
					{ "time": 0.8333, "x": 0, "y": 0, "curve": "stepped" },
					{ "time": 0.9333, "x": 0, "y": 0, "curve": "stepped" },
					{ "time": 1, "x": 0, "y": 0 }
				],
				"scale": [
					{ "time": 0, "x": 1, "y": 1, "curve": "stepped" },
					{ "time": 0.5333, "x": 1, "y": 1, "curve": "stepped" },
					{ "time": 0.8333, "x": 1, "y": 1, "curve": "stepped" },
					{ "time": 0.9333, "x": 1, "y": 1, "curve": "stepped" },
					{ "time": 1, "x": 1, "y": 1 }
				]
			},
			"bone26": {
				"rotate": [
					{ "time": 0, "angle": 0, "curve": "stepped" },
					{ "time": 0.3666, "angle": 0, "curve": "stepped" },
					{ "time": 0.5666, "angle": 0, "curve": "stepped" },
					{ "time": 0.6666, "angle": 0, "curve": "stepped" },
					{ "time": 0.8666, "angle": 0, "curve": "stepped" },
					{ "time": 1, "angle": 0 }
				],
				"translate": [
					{ "time": 0, "x": 0, "y": 0, "curve": "stepped" },
					{ "time": 0.3666, "x": 0, "y": 0, "curve": "stepped" },
					{ "time": 0.5666, "x": 0, "y": 0, "curve": "stepped" },
					{ "time": 0.6666, "x": 0, "y": 0, "curve": "stepped" },
					{ "time": 0.8666, "x": 0, "y": 0, "curve": "stepped" },
					{ "time": 1, "x": 0, "y": 0 }
				],
				"scale": [
					{ "time": 0, "x": 1, "y": 1, "curve": "stepped" },
					{ "time": 0.3666, "x": 1, "y": 1, "curve": "stepped" },
					{ "time": 0.5666, "x": 1, "y": 1, "curve": "stepped" },
					{ "time": 0.6666, "x": 1, "y": 1, "curve": "stepped" },
					{ "time": 0.8666, "x": 1, "y": 1, "curve": "stepped" },
					{ "time": 1, "x": 1, "y": 1 }
				]
			},
			"bone3": {
				"rotate": [
					{
						"time": 0,
						"angle": 0,
						"curve": [ 0.207, 0.28, 0.75, 1 ]
					},
					{
						"time": 0.1333,
						"angle": -19.69,
						"curve": [ 0.25, 0, 0.75, 1 ]
					},
					{
						"time": 0.3333,
						"angle": 5.73,
						"curve": [ 0.25, 0, 0.785, 0.74 ]
					},
					{ "time": 0.5, "angle": 0, "curve": "stepped" },
					{ "time": 0.5333, "angle": 0, "curve": "stepped" },
					{ "time": 0.8333, "angle": 0, "curve": "stepped" },
					{ "time": 0.9333, "angle": 0, "curve": "stepped" },
					{ "time": 1, "angle": 0 }
				],
				"translate": [
					{ "time": 0, "x": 0, "y": 0, "curve": "stepped" },
					{ "time": 0.5, "x": 0, "y": 0, "curve": "stepped" },
					{ "time": 0.5333, "x": 0, "y": 0, "curve": "stepped" },
					{ "time": 0.8333, "x": 0, "y": 0, "curve": "stepped" },
					{ "time": 0.9333, "x": 0, "y": 0, "curve": "stepped" },
					{ "time": 1, "x": 0, "y": 0 }
				],
				"scale": [
					{ "time": 0, "x": 1, "y": 1, "curve": "stepped" },
					{ "time": 0.5, "x": 1, "y": 1, "curve": "stepped" },
					{ "time": 0.5333, "x": 1, "y": 1, "curve": "stepped" },
					{ "time": 0.8333, "x": 1, "y": 1, "curve": "stepped" },
					{ "time": 0.9333, "x": 1, "y": 1, "curve": "stepped" },
					{ "time": 1, "x": 1, "y": 1 }
				]
			},
			"bone16": {
				"rotate": [
					{ "time": 0, "angle": 0, "curve": "stepped" },
					{ "time": 0.3666, "angle": 0 },
					{ "time": 0.6, "angle": -6.55 },
					{ "time": 0.7333, "angle": 25.75 },
					{ "time": 1, "angle": 0 }
				],
				"translate": [
					{ "time": 0, "x": 0, "y": 0, "curve": "stepped" },
					{ "time": 0.3666, "x": 0, "y": 0, "curve": "stepped" },
					{ "time": 0.6, "x": 0, "y": 0, "curve": "stepped" },
					{ "time": 1, "x": 0, "y": 0 }
				],
				"scale": [
					{ "time": 0, "x": 1, "y": 1, "curve": "stepped" },
					{ "time": 0.3666, "x": 1, "y": 1, "curve": "stepped" },
					{ "time": 0.6, "x": 1, "y": 1, "curve": "stepped" },
					{ "time": 1, "x": 1, "y": 1 }
				]
			},
			"bone22": {
				"rotate": [
					{ "time": 0, "angle": 0, "curve": "stepped" },
					{ "time": 0.5333, "angle": 0, "curve": "stepped" },
					{ "time": 0.8333, "angle": 0, "curve": "stepped" },
					{ "time": 0.9333, "angle": 0, "curve": "stepped" },
					{ "time": 1, "angle": 0 }
				],
				"translate": [
					{ "time": 0, "x": 0, "y": 0, "curve": "stepped" },
					{ "time": 0.5333, "x": 0, "y": 0, "curve": "stepped" },
					{ "time": 0.8333, "x": 0, "y": 0, "curve": "stepped" },
					{ "time": 0.9333, "x": 0, "y": 0, "curve": "stepped" },
					{ "time": 1, "x": 0, "y": 0 }
				],
				"scale": [
					{ "time": 0, "x": 1, "y": 1, "curve": "stepped" },
					{ "time": 0.5333, "x": 1, "y": 1, "curve": "stepped" },
					{ "time": 0.8333, "x": 1, "y": 1, "curve": "stepped" },
					{ "time": 0.9333, "x": 1, "y": 1, "curve": "stepped" },
					{ "time": 1, "x": 1, "y": 1 }
				]
			},
			"bone27": {
				"rotate": [
					{ "time": 0, "angle": 0, "curve": "stepped" },
					{ "time": 0.3666, "angle": 0, "curve": "stepped" },
					{ "time": 0.5666, "angle": 0, "curve": "stepped" },
					{ "time": 0.6666, "angle": 0, "curve": "stepped" },
					{ "time": 0.8666, "angle": 0, "curve": "stepped" },
					{ "time": 1, "angle": 0 }
				],
				"translate": [
					{ "time": 0, "x": 0, "y": 0, "curve": "stepped" },
					{ "time": 0.3666, "x": 0, "y": 0, "curve": "stepped" },
					{ "time": 0.5666, "x": 0, "y": 0, "curve": "stepped" },
					{ "time": 0.6666, "x": 0, "y": 0, "curve": "stepped" },
					{ "time": 0.8666, "x": 0, "y": 0, "curve": "stepped" },
					{ "time": 1, "x": 0, "y": 0 }
				],
				"scale": [
					{ "time": 0, "x": 1, "y": 1, "curve": "stepped" },
					{ "time": 0.3666, "x": 1, "y": 1, "curve": "stepped" },
					{ "time": 0.5666, "x": 1, "y": 1, "curve": "stepped" },
					{ "time": 0.6666, "x": 1, "y": 1, "curve": "stepped" },
					{ "time": 0.8666, "x": 1, "y": 1, "curve": "stepped" },
					{ "time": 1, "x": 1, "y": 1 }
				]
			},
			"bone4": {
				"rotate": [
					{ "time": 0, "angle": 0 },
					{ "time": 0.2333, "angle": -25.63 },
					{ "time": 0.5, "angle": 0, "curve": "stepped" },
					{ "time": 0.5333, "angle": 0, "curve": "stepped" },
					{ "time": 0.8333, "angle": 0, "curve": "stepped" },
					{ "time": 0.9333, "angle": 0, "curve": "stepped" },
					{ "time": 1, "angle": 0 }
				],
				"translate": [
					{ "time": 0, "x": 0, "y": 0, "curve": "stepped" },
					{ "time": 0.5, "x": 0, "y": 0, "curve": "stepped" },
					{ "time": 0.5333, "x": 0, "y": 0, "curve": "stepped" },
					{ "time": 0.8333, "x": 0, "y": 0, "curve": "stepped" },
					{ "time": 0.9333, "x": 0, "y": 0, "curve": "stepped" },
					{ "time": 1, "x": 0, "y": 0 }
				],
				"scale": [
					{ "time": 0, "x": 1, "y": 1, "curve": "stepped" },
					{ "time": 0.5, "x": 1, "y": 1, "curve": "stepped" },
					{ "time": 0.5333, "x": 1, "y": 1, "curve": "stepped" },
					{ "time": 0.8333, "x": 1, "y": 1, "curve": "stepped" },
					{ "time": 0.9333, "x": 1, "y": 1, "curve": "stepped" },
					{ "time": 1, "x": 1, "y": 1 }
				]
			},
			"bone17": {
				"rotate": [
					{ "time": 0, "angle": 0, "curve": "stepped" },
					{ "time": 0.3666, "angle": 0, "curve": "stepped" },
					{ "time": 0.6, "angle": 0, "curve": "stepped" },
					{ "time": 1, "angle": 0 }
				],
				"translate": [
					{ "time": 0, "x": 0, "y": 0, "curve": "stepped" },
					{ "time": 0.3666, "x": 0, "y": 0, "curve": "stepped" },
					{ "time": 0.6, "x": 0, "y": 0, "curve": "stepped" },
					{ "time": 1, "x": 0, "y": 0 }
				],
				"scale": [
					{ "time": 0, "x": 1, "y": 1, "curve": "stepped" },
					{ "time": 0.3666, "x": 1, "y": 1, "curve": "stepped" },
					{ "time": 0.6, "x": 1, "y": 1, "curve": "stepped" },
					{ "time": 1, "x": 1, "y": 1 }
				]
			},
			"bone23": {
				"rotate": [
					{ "time": 0, "angle": 0, "curve": "stepped" },
					{ "time": 0.5333, "angle": 0, "curve": "stepped" },
					{ "time": 0.8333, "angle": 0, "curve": "stepped" },
					{ "time": 0.9333, "angle": 0, "curve": "stepped" },
					{ "time": 1, "angle": 0 }
				],
				"translate": [
					{ "time": 0, "x": 0, "y": 0, "curve": "stepped" },
					{ "time": 0.5333, "x": 0, "y": 0, "curve": "stepped" },
					{ "time": 0.8333, "x": 0, "y": 0, "curve": "stepped" },
					{ "time": 0.9333, "x": 0, "y": 0, "curve": "stepped" },
					{ "time": 1, "x": 0, "y": 0 }
				],
				"scale": [
					{ "time": 0, "x": 1, "y": 1, "curve": "stepped" },
					{ "time": 0.5333, "x": 1, "y": 1, "curve": "stepped" },
					{ "time": 0.8333, "x": 1, "y": 1, "curve": "stepped" },
					{ "time": 0.9333, "x": 1, "y": 1, "curve": "stepped" },
					{ "time": 1, "x": 1, "y": 1 }
				]
			},
			"bone28": {
				"rotate": [
					{ "time": 0, "angle": 0, "curve": "stepped" },
					{ "time": 0.3666, "angle": 0, "curve": "stepped" },
					{ "time": 0.5666, "angle": 0, "curve": "stepped" },
					{ "time": 0.6666, "angle": 0, "curve": "stepped" },
					{ "time": 0.8666, "angle": 0, "curve": "stepped" },
					{ "time": 1, "angle": 0 }
				],
				"translate": [
					{ "time": 0, "x": 0, "y": 0, "curve": "stepped" },
					{ "time": 0.3666, "x": 0, "y": 0, "curve": "stepped" },
					{ "time": 0.5666, "x": 0, "y": 0, "curve": "stepped" },
					{ "time": 0.6666, "x": 0, "y": 0, "curve": "stepped" },
					{ "time": 0.8666, "x": 0, "y": 0, "curve": "stepped" },
					{ "time": 1, "x": 0, "y": 0 }
				],
				"scale": [
					{ "time": 0, "x": 1, "y": 1, "curve": "stepped" },
					{ "time": 0.3666, "x": 1, "y": 1, "curve": "stepped" },
					{ "time": 0.5666, "x": 1, "y": 1, "curve": "stepped" },
					{ "time": 0.6666, "x": 1, "y": 1, "curve": "stepped" },
					{ "time": 0.8666, "x": 1, "y": 1, "curve": "stepped" },
					{ "time": 1, "x": 1, "y": 1 }
				]
			},
			"bone24": {
				"rotate": [
					{ "time": 0, "angle": 0, "curve": "stepped" },
					{ "time": 0.5333, "angle": 0, "curve": "stepped" },
					{ "time": 0.8333, "angle": 0, "curve": "stepped" },
					{ "time": 0.9333, "angle": 0, "curve": "stepped" },
					{ "time": 1, "angle": 0 }
				],
				"translate": [
					{ "time": 0, "x": 0, "y": 0, "curve": "stepped" },
					{ "time": 0.5333, "x": 0, "y": 0, "curve": "stepped" },
					{ "time": 0.8333, "x": 0, "y": 0, "curve": "stepped" },
					{ "time": 0.9333, "x": 0, "y": 0, "curve": "stepped" },
					{ "time": 1, "x": 0, "y": 0 }
				],
				"scale": [
					{ "time": 0, "x": 1, "y": 1, "curve": "stepped" },
					{ "time": 0.5333, "x": 1, "y": 1, "curve": "stepped" },
					{ "time": 0.8333, "x": 1, "y": 1, "curve": "stepped" },
					{ "time": 0.9333, "x": 1, "y": 1, "curve": "stepped" },
					{ "time": 1, "x": 1, "y": 1 }
				]
			},
			"bone29": {
				"rotate": [
					{ "time": 0, "angle": 0, "curve": "stepped" },
					{ "time": 0.3666, "angle": 0, "curve": "stepped" },
					{ "time": 0.5666, "angle": 0, "curve": "stepped" },
					{ "time": 0.6666, "angle": 0, "curve": "stepped" },
					{ "time": 0.8666, "angle": 0, "curve": "stepped" },
					{ "time": 1, "angle": 0 }
				],
				"translate": [
					{ "time": 0, "x": 0, "y": 0, "curve": "stepped" },
					{ "time": 0.3666, "x": 0, "y": 0, "curve": "stepped" },
					{ "time": 0.5666, "x": 0, "y": 0, "curve": "stepped" },
					{ "time": 0.6666, "x": 0, "y": 0, "curve": "stepped" },
					{ "time": 0.8666, "x": 0, "y": 0, "curve": "stepped" },
					{ "time": 1, "x": 0, "y": 0 }
				],
				"scale": [
					{ "time": 0, "x": 1, "y": 1, "curve": "stepped" },
					{ "time": 0.3666, "x": 1, "y": 1, "curve": "stepped" },
					{ "time": 0.5666, "x": 1, "y": 1, "curve": "stepped" },
					{ "time": 0.6666, "x": 1, "y": 1, "curve": "stepped" },
					{ "time": 0.8666, "x": 1, "y": 1, "curve": "stepped" },
					{ "time": 1, "x": 1, "y": 1 }
				]
			},
			"bone30": {
				"rotate": [
					{ "time": 0, "angle": 0, "curve": "stepped" },
					{ "time": 0.3666, "angle": 0, "curve": "stepped" },
					{ "time": 0.5666, "angle": 0, "curve": "stepped" },
					{ "time": 0.6666, "angle": 0, "curve": "stepped" },
					{ "time": 0.8666, "angle": 0, "curve": "stepped" },
					{ "time": 1, "angle": 0 }
				],
				"translate": [
					{ "time": 0, "x": 0, "y": 0, "curve": "stepped" },
					{ "time": 0.3666, "x": 0, "y": 0, "curve": "stepped" },
					{ "time": 0.5666, "x": 0, "y": 0, "curve": "stepped" },
					{ "time": 0.6666, "x": 0, "y": 0, "curve": "stepped" },
					{ "time": 0.8666, "x": 0, "y": 0, "curve": "stepped" },
					{ "time": 1, "x": 0, "y": 0 }
				],
				"scale": [
					{ "time": 0, "x": 1, "y": 1, "curve": "stepped" },
					{ "time": 0.3666, "x": 1, "y": 1, "curve": "stepped" },
					{ "time": 0.5666, "x": 1, "y": 1, "curve": "stepped" },
					{ "time": 0.6666, "x": 1, "y": 1, "curve": "stepped" },
					{ "time": 0.8666, "x": 1, "y": 1, "curve": "stepped" },
					{ "time": 1, "x": 1, "y": 1 }
				]
			}
		},
		"ffd": {
			"default": {
				"bone": {
					"zui": [
						{ "time": 0, "curve": "stepped" },
						{ "time": 1 }
					]
				},
				"bone14": {
					"z_shayu_zui2": [
						{ "time": 0, "curve": "stepped" },
						{ "time": 1 }
					]
				},
				"jingkongzui2": {
					"jingkongzui": [
						{ "time": 0, "curve": "stepped" },
						{ "time": 1 }
					]
				},
				"shayu_tou2": {
					"shayu_tou": [
						{ "time": 0, "curve": "stepped" },
						{ "time": 0.3666 },
						{
							"time": 0.5666,
							"offset": 1,
							"vertices": [ 7.57696, 0, 7.57696, 0, 7.57696, 0, 0, 0, 0, 0, 0, 0, 0, 0, 0, 0, 0, 0, 0, 0, 0, 0, 7.57696, 0, 7.57696, 0, 7.57696, 0, 7.57696, 0, 7.57696 ]
						},
						{
							"time": 0.6333,
							"offset": 1,
							"vertices": [ -5.02347, 0, -5.02347, 0, -5.02347, 0, 0, 0, 0, 0, 0, 0, 0, 0, 0, 0, 0, 0, 0, 0, 0, 0, -5.02347, 0, -5.02347, 0, -5.02347, 0, -5.02347, 0, -5.02347 ]
						},
						{ "time": 1 }
					]
				},
				"shayu_yuqishang2": {
					"shayu_yuqishang": [
						{ "time": 0, "curve": "stepped" },
						{ "time": 0.3666 },
						{
							"time": 0.6,
							"offset": 86,
							"vertices": [ -3.48503, 0.25238, -3.47151, 0.39781, -3.4617, -0.47622, -3.19577, -1.41293, -2.85704, 0.51154, -2.83323, 0.6305, -2.9011, -0.09239 ],
							"curve": "stepped"
						},
						{
							"time": 1,
							"offset": 86,
							"vertices": [ -3.48503, 0.25238, -3.47151, 0.39781, -3.4617, -0.47622, -3.19577, -1.41293, -2.85704, 0.51154, -2.83323, 0.6305, -2.9011, -0.09239 ]
						}
					]
				},
				"shayu_yuqiyou2": {
					"shayu_yuqiyou": [
						{ "time": 0, "curve": "stepped" },
						{ "time": 1 }
					]
				},
				"shayu_yuqizuo2": {
					"shayu_yuqizuo": [
						{ "time": 0, "curve": "stepped" },
						{ "time": 1 }
					]
				},
				"shayu_zui2": {
					"shayu_zui": [
						{ "time": 0, "curve": "stepped" },
						{ "time": 1 }
					]
				}
			}
		},
		"drawOrder": [
			{ "time": 0 },
			{ "time": 1 }
		]
	}
}
}