{
"skeleton": { "hash": "3FaoZ4chwS6L0T0QgVJHwhtnGK4", "spine": "2.1.27", "width": 97, "height": 127, "images": "" },
"bones": [
	{ "name": "root" },
	{ "name": "bone", "parent": "root", "length": 38.59, "x": -0.32, "y": 0.99, "rotation": 90 },
	{ "name": "bone16", "parent": "root", "length": 22.88, "x": -25.55, "y": 11.97, "rotation": 98.06 },
	{ "name": "bone17", "parent": "bone16", "length": 15.04, "x": 13.13, "y": 12.26, "rotation": -13.66 },
	{ "name": "bone2", "parent": "bone", "length": 54.91, "x": 38.58, "y": -0.17, "rotation": -0.45 },
	{ "name": "bone10", "parent": "bone2", "length": 20.08, "x": 43.55, "y": -6.82, "rotation": -58.77 },
	{ "name": "bone11", "parent": "bone2", "length": 19.38, "x": 44.03, "y": 7.21, "rotation": 60.1 },
	{ "name": "bone12", "parent": "bone2", "length": 16.44, "x": -6.97, "y": 3.04, "rotation": 118.51 },
	{ "name": "bone13", "parent": "bone2", "length": 15.67, "x": -7.63, "y": -4.43, "rotation": -109.85 },
	{ "name": "bone14", "parent": "bone2", "length": 18.6, "x": 20.79, "y": 6.99, "rotation": 90 },
	{ "name": "bone15", "parent": "bone2", "length": 18.39, "x": 21.37, "y": -7.03, "rotation": -88.18 },
	{ "name": "bone18", "parent": "bone2", "length": 12.18, "x": 7.95, "y": -4.57, "rotation": -160.48 },
	{ "name": "bone19", "parent": "bone2", "x": 34.85, "y": 12.31 },
	{ "name": "bone20", "parent": "bone2", "x": 35.18, "y": -13.15 },
	{ "name": "bone3", "parent": "bone2", "length": 29.27, "x": 54.91, "y": -0.07, "rotation": 0.45 },
	{ "name": "bone4", "parent": "bone2", "length": 23.91, "x": 44.73, "y": 25.58, "rotation": 164.59 },
	{ "name": "bone7", "parent": "bone2", "length": 23.77, "x": 44.99, "y": -24.71, "rotation": -160.75 },
	{ "name": "bone5", "parent": "bone4", "length": 22.47, "x": 23.91, "y": -0.08, "rotation": 7.62 },
	{ "name": "bone8", "parent": "bone7", "length": 21.36, "x": 23.77, "y": 0.08, "rotation": -11.56 },
	{ "name": "bone6", "parent": "bone5", "length": 14.13, "x": 22.49, "rotation": 41.91 },
	{ "name": "bone9", "parent": "bone8", "length": 15.48, "x": 21.36, "y": -0.14, "rotation": -37.65 }
],
"slots": [
	{ "name": "shenti2", "bone": "bone", "attachment": "shenti" },
	{ "name": "tou", "bone": "bone2", "attachment": "tou" },
	{ "name": "zui2", "bone": "bone18", "attachment": "zui" },
	{ "name": "toufa2", "bone": "bone4", "attachment": "toufa" },
	{ "name": "touguan2", "bone": "bone3", "attachment": "touguan" },
	{ "name": "huzi2", "bone": "bone15", "attachment": "huzi" },
	{ "name": "bizi2", "bone": "bone2", "attachment": "bizi" },
	{ "name": "yanjing2", "bone": "bone19", "attachment": "yanjing" },
	{ "name": "yanjing3", "bone": "bone20", "attachment": "yanjing" },
	{ "name": "meimao2", "bone": "bone10", "attachment": "meimao" },
	{ "name": "shou2", "bone": "bone16", "attachment": "shou" }
],
"skins": {
	"default": {
		"bizi2": {
			"bizi": { "x": 24.12, "y": -0.45, "rotation": -89.54, "width": 18, "height": 14 }
		},
		"huzi2": {
			"huzi": {
				"type": "skinnedmesh",
				"uvs": [ 1, 0.24894, 1, 0.70125, 0.86086, 1, 0.76806, 1, 0.62637, 1, 0.49117, 0.88507, 0.35757, 1, 0.22616, 1, 0.12136, 1, 0, 0.64553, 0, 0.25783, 0.09496, 0, 0.22456, 0, 0.36237, 0.11277, 0.49197, 0.242, 0.62477, 0.08507, 0.76486, 0, 0.90326, 0 ],
				"triangles": [ 5, 6, 14, 6, 13, 14, 7, 8, 9, 6, 7, 13, 12, 13, 7, 9, 10, 12, 10, 11, 12, 7, 9, 12, 2, 3, 1, 16, 0, 1, 16, 1, 3, 4, 5, 14, 3, 4, 15, 15, 4, 14, 16, 3, 15, 16, 17, 0 ],
				"vertices": [ 2, 10, 18.51, 3.11, 0.99999, 9, -32.43, -4.28, 0, 2, 10, 18.37, -2.76, 0.99999, 9, -32.48, 1.59, 0, 2, 10, 11.32, -6.47, 1, 9, -25.55, 5.53, 0, 2, 10, 6.69, -6.36, 0.99137, 9, -20.91, 5.56, 0.00862, 2, 10, -0.39, -6.19, 0.8621, 9, -13.83, 5.62, 0.13789, 2, 10, -7.11, -4.54, 0.50728, 9, -7.06, 4.17999, 0.49271, 2, 10, -13.82, -5.87, 0.14534, 9, -0.39, 5.72, 0.85464, 2, 10, -20.39, -5.71, 0.00922, 9, 6.17, 5.78, 0.99077, 1, 9, 11.41, 5.82, 1, 1, 9, 17.52, 1.26, 1, 1, 9, 17.56, -3.77, 1, 1, 9, 12.83, -7.16, 1, 2, 10, -20.16, 7.27, 0.00972, 9, 6.35, -7.21, 0.99027, 2, 10, -13.31, 5.64, 0.14923, 9, -0.54, -5.8, 0.85076, 2, 10, -6.87, 3.81, 0.51074, 9, -7.03, -4.17, 0.48925, 2, 10, -0.18, 5.69, 0.86599, 9, -13.66, -6.26, 0.134, 2, 10, 6.84, 6.63, 0.99432, 9, -20.65, -7.43, 0.00567, 2, 10, 13.75, 6.46, 0.99999, 9, -27.57, -7.48, 0 ],
				"hull": 18,
				"edges": [ 30, 8, 26, 12, 28, 10, 10, 8, 10, 12, 26, 28, 28, 30, 30, 32, 6, 8, 32, 6, 32, 34, 34, 0, 0, 2, 4, 6, 2, 4, 26, 24, 12, 14, 24, 14, 22, 24, 22, 20, 18, 20, 14, 16, 18, 16 ],
				"width": 50,
				"height": 13
			}
		},
		"meimao2": {
			"meimao": {
				"type": "skinnedmesh",
				"uvs": [ 1, 1, 0.55143, 1, 0.47383, 1, 0, 1, 0, 0, 0.42694, 0, 0.5676, 0, 1, 0 ],
				"triangles": [ 2, 5, 6, 3, 4, 5, 3, 5, 2, 1, 2, 6, 6, 7, 0, 1, 6, 0 ],
				"vertices": [ 1, 5, 14.65, -11.49, 1, 1, 5, -4.61, -0.02, 1, 1, 6, -6.85, -0.57, 1, 1, 6, 13.58, 11.4, 1, 1, 6, 21.67, -2.4, 1, 1, 6, 3.25, -13.19, 1, 1, 5, 4.26, 13.3, 1, 1, 5, 22.83, 2.24, 1 ],
				"hull": 8,
				"edges": [ 6, 8, 0, 14, 12, 14, 0, 2, 12, 2, 2, 4, 4, 6, 8, 10, 10, 12, 4, 10 ],
				"width": 50,
				"height": 16
			}
		},
		"shenti2": {
			"shenti": { "x": 19.2, "y": -0.31, "rotation": -90, "width": 97, "height": 47 }
		},
		"shou2": {
			"shou": {
				"type": "skinnedmesh",
				"uvs": [ 0.35716, 0.14217, 0.35907, 0.31605, 0.52307, 0.20749, 0.7683, 0.27248, 1, 0.50574, 1, 0.88189, 0.78053, 1, 0.4131, 1, 0.12485, 0.86917, 0, 0.60818, 0, 0.31781, 0.04633, 0.13514, 0.094, 0, 0.27516, 0 ],
				"triangles": [ 11, 12, 13, 0, 11, 13, 4, 7, 9, 1, 4, 9, 3, 1, 2, 4, 1, 3, 4, 6, 7, 5, 6, 4, 7, 8, 9, 9, 10, 1, 1, 10, 11, 1, 11, 0 ],
				"vertices": [ 2, 2, 21.16, 4.53, 0.5, 3, 9.62, -5.62, 0.5, 1, 2, 14.61, 5.39, 1, 1, 2, 17.89, -0.87, 1, 1, 2, 14.24, -9.02, 1, 1, 2, 4.32, -15.8, 1, 1, 2, -9.82, -13.79, 1, 1, 2, -13.19, -5.56, 1, 1, 2, -11.38, 7.17, 1, 1, 2, -5.04, 16.45999, 1, 1, 2, 5.38, 19.39, 1, 2, 2, 16.31, 17.84, 0.77, 3, 1.76, 6.16, 0.23, 2, 2, 22.95, 15.26, 0.5, 3, 8.83, 5.23, 0.5, 1, 3, 14.1, 4.06, 1, 1, 3, 14.72, -2.24, 1 ],
				"hull": 14,
				"edges": [ 18, 16, 16, 14, 8, 6, 6, 4, 4, 2, 2, 0, 0, 22, 22, 24, 24, 26, 0, 26, 18, 20, 22, 20, 2, 20, 12, 14, 8, 10, 12, 10, 8, 18 ],
				"width": 35,
				"height": 38
			}
		},
		"tou": {
			"tou": { "x": 24.61, "y": 0.05, "rotation": -89.54, "width": 53, "height": 63 }
		},
		"toufa2": {
			"toufa": {
				"type": "skinnedmesh",
				"uvs": [ 0.81916, 0.16822, 0.86888, 0.28938, 0.95364, 0.43187, 0.95914, 0.60334, 0.99021, 0.68186, 0.98635, 0.78483, 0.95029, 0.87414, 0.893, 0.92715, 0.639, 1, 0.59571, 1, 0.40661, 1, 0.35895, 1, 0.17442, 0.94948, 0.0771, 0.9051, 0.02022, 0.8081, 0.00983, 0.69238, 0.04087, 0.55294, 0.04994, 0.43897, 0.10392, 0.33654, 0.17079, 0.22929, 0.19342, 0.12799, 0.23695, 0, 0.26964, 0, 0.34231, 0, 0.66081, 0, 0.72692, 0, 0.7728, 0, 0.27952, 0.67988, 0.25626, 0.61216, 0.26726, 0.4428, 0.25613, 0.5228, 0.27701, 0.34221, 0.27776, 0.22929, 0.2772, 0.12976, 0.3143, 0.73136, 0.29188, 0.82347, 0.25112, 0.90345, 0.5733, 0.78527, 0.51268, 0.93157, 0.50237, 0.90417, 0.48918, 0.9354, 0.43144, 0.78417, 0.46237, 0.71677, 0.53825, 0.72116, 0.61921, 0.78526, 0.54993, 0.97869, 0.66169, 0.78198, 0.69839, 0.82143, 0.71488, 0.89156, 0.69756, 0.96718, 0.4565, 0.97333, 0.39094, 0.78319, 0.34105, 0.78319, 0.30081, 0.82244, 0.28349, 0.91778, 0.3206, 0.97587, 0.73392, 0.65851, 0.69895, 0.71804, 0.70395, 0.80663, 0.74002, 0.8865, 0.80066, 0.94022, 0.74692, 0.58628, 0.7408, 0.4465, 0.72761, 0.29522, 0.72693, 0.17892, 0.62515, 0.90271, 0.58565, 0.87897, 0.54856, 0.84498, 0.37424, 0.89295, 0.42132, 0.87131, 0.45624, 0.84912, 0.18887, 0.82323, 0.14529, 0.74626, 0.13181, 0.65267, 0.14044, 0.539, 0.15486, 0.44082, 0.1855, 0.33922, 0.21672, 0.22929, 0.23451, 0.12886, 0.82559, 0.79669, 0.85252, 0.71786, 0.85717, 0.59514, 0.83653, 0.43992, 0.80291, 0.29211, 0.77053, 0.17386 ],
				"triangles": [ 37, 43, 44, 41, 51, 42, 30, 62, 42, 62, 43, 42, 43, 41, 42, 42, 51, 34, 43, 37, 41, 57, 44, 43, 51, 52, 34, 53, 34, 52, 41, 37, 70, 69, 51, 41, 69, 41, 70, 68, 52, 51, 68, 51, 69, 53, 52, 68, 54, 35, 53, 68, 54, 53, 70, 40, 69, 39, 40, 70, 50, 69, 40, 68, 69, 50, 55, 54, 68, 11, 55, 68, 68, 10, 11, 55, 12, 54, 12, 55, 11, 50, 10, 68, 50, 40, 45, 10, 50, 45, 39, 70, 67, 46, 44, 57, 47, 46, 58, 67, 70, 37, 44, 67, 37, 66, 67, 44, 48, 47, 59, 46, 47, 65, 46, 65, 44, 65, 47, 48, 66, 44, 65, 38, 39, 67, 66, 38, 67, 40, 39, 38, 49, 65, 48, 45, 38, 66, 45, 66, 65, 9, 45, 65, 8, 9, 65, 40, 38, 45, 10, 45, 9, 49, 8, 65, 49, 48, 59, 8, 49, 60, 57, 43, 56, 58, 46, 57, 47, 58, 59, 80, 57, 56, 79, 80, 5, 79, 57, 80, 79, 58, 57, 6, 79, 5, 59, 58, 79, 7, 79, 6, 60, 59, 79, 7, 60, 79, 49, 59, 60, 7, 8, 60, 61, 62, 82, 81, 82, 2, 61, 82, 81, 81, 2, 3, 43, 62, 61, 81, 56, 61, 80, 81, 3, 80, 3, 4, 80, 56, 81, 61, 56, 43, 5, 80, 4, 84, 25, 26, 84, 26, 0, 64, 25, 84, 24, 25, 64, 83, 84, 0, 83, 0, 1, 63, 64, 84, 63, 84, 83, 82, 83, 1, 82, 1, 2, 62, 63, 83, 62, 83, 82, 63, 62, 30, 23, 24, 64, 64, 63, 29, 34, 27, 42, 27, 71, 72, 27, 34, 71, 34, 35, 71, 36, 71, 35, 71, 13, 14, 71, 14, 72, 12, 13, 71, 12, 71, 36, 12, 36, 54, 53, 35, 34, 54, 36, 35, 30, 75, 29, 74, 17, 75, 74, 75, 30, 16, 17, 74, 74, 30, 28, 73, 16, 74, 73, 74, 28, 42, 28, 30, 15, 16, 73, 27, 72, 73, 27, 73, 28, 15, 73, 72, 14, 15, 72, 42, 27, 28, 29, 63, 30, 78, 20, 21, 78, 21, 22, 33, 22, 23, 78, 22, 33, 64, 32, 33, 77, 20, 78, 19, 20, 77, 32, 77, 78, 32, 78, 33, 76, 19, 77, 18, 19, 76, 31, 77, 32, 76, 77, 31, 75, 18, 76, 17, 18, 75, 29, 76, 31, 75, 76, 29, 32, 64, 31, 33, 23, 64, 31, 64, 29 ],
				"vertices": [ 2, 16, 4.75, 4.75, 0.99341, 18, -19.57, 0.75, 0.00658, 2, 16, 14.67, 6.47, 0.81366, 18, -10.18999, 4.42, 0.18633, 3, 16, 27.17, 10.9, 0.43962, 18, 1.15, 11.27, 0.53525, 20, -22.97, -3.28, 0.02512, 3, 16, 39.2, 7.37, 0.07119, 18, 13.64, 10.22999, 0.81758, 20, -12.44, 3.51, 0.11122, 3, 16, 45.59, 8.38, 0.00113, 18, 19.7, 12.5, 0.64301, 20, -9.02, 9.01, 0.35584, 2, 18, 27.11, 11.18, 0.42038, 20, -2.34999, 12.49, 0.57961, 2, 18, 33.14, 6.89, 0.14037, 20, 5.03, 12.77, 0.85961, 2, 18, 36.28, 0.89, 0.06139, 20, 11.18, 9.93, 0.9386, 3, 19, 42.45, 30.22, 1.0E-5, 8, 12.57, -7.31, 0.98955, 7, -9.14, 18.4, 0.01043, 3, 19, 40.12, 26.72, 6.9E-4, 8, 8.63, -8.76, 0.79811, 7, -5.43, 16.42, 0.20118, 3, 20, 39.64, -28.06, 5.3E-4, 8, -8.57, -15.13, 0.22968, 7, 10.75, 7.79, 0.76977, 3, 20, 41.98, -32.05, 2.0E-5, 8, -12.91, -16.73, 0.01777, 7, 14.82, 5.61, 0.9822, 2, 17, 36.7, 5.72, 0.03903, 19, 14.4, -5.23, 0.96096, 2, 17, 34.84999, -4.08, 0.13755, 19, 6.47, -11.29, 0.86244, 2, 17, 28.63, -10.55, 0.4447, 19, -2.48, -11.95, 0.55529, 3, 15, 45.84, -10.03, 0.0083, 17, 20.41, -12.76, 0.77906, 19, -10.07, -8.10999, 0.21262, 3, 15, 35.23, -9.91, 0.07514, 17, 9.91, -11.24, 0.85397, 19, -16.87, 0.03, 0.07086, 3, 15, 26.98, -11.34, 0.38782, 17, 1.55, -11.56, 0.60934, 19, -23.3, 5.38, 0.00283, 2, 15, 18.36, -8.34, 0.75451, 17, -6.59, -7.45, 0.24548, 3, 15, 9.06, -4.23999, 0.93767, 17, -15.27, -2.15, 0.06232, 19, -29.54, 23.62, 0, 2, 15, 1.34, -4.15, 1, 19, -34.48, 29.54, 0, 2, 15, -8.79, -2.64, 1, 19, -39.91, 38.24, 0, 2, 15, -9.64999, 0.4, 1, 19, -38.16, 40.88, 0, 2, 15, -11.58, 7.18, 1, 19, -34.25, 46.74, 0, 2, 16, -11.82, -5.82, 0.99924, 18, -33.68999, -12.94, 7.5E-4, 1, 16, -9.75, 0.24, 1, 1, 16, -8.32, 4.44999, 1, 3, 15, 37.82, 14.88, 0.07301, 17, 15.76, 12.99, 0.58661, 19, 3.67, 14.16, 0.34036, 3, 15, 33.68, 11.36, 0.17187, 17, 11.19, 10.05, 0.75854, 19, -1.69, 15.02, 0.06956, 3, 15, 21.49, 9.01, 0.64567, 17, -1.17999, 9.34, 0.35253, 19, -11.38, 22.76, 0.00179, 3, 15, 27.41, 9.56, 0.31254, 17, 4.73999, 9.1, 0.6668, 19, -7.12, 18.62999, 0.02065, 3, 15, 14.17, 7.91, 0.9121, 17, -8.59, 9.22, 0.08789, 19, -16.96999, 27.62, 0, 3, 15, 6.22, 5.73, 0.99185, 17, -16.76, 8.10999, 0.00813, 19, -23.79, 32.25, 0, 3, 15, -0.74, 3.69, 0.99972, 17, -23.94, 7.02, 2.6E-4, 19, -29.87, 36.24, 0, 3, 15, 40.50999, 19.15, 0.0396, 17, 19, 16.87, 0.23632, 19, 8.67, 14.88, 0.72406, 3, 15, 47.57, 18.89, 0.0135, 17, 25.97, 15.68, 0.10786, 19, 13.06, 9.34, 0.87863, 3, 15, 54.27, 16.69, 8.6E-4, 17, 32.31, 12.6, 0.01044, 19, 15.73, 2.82, 0.98869, 7, 15, 37.43, 44.39, 0.00796, 17, 19.29999, 42.29, 0.00315, 16, 39.71, -32.33, 0.01089, 18, 22.11, -28.56, 0.01883, 8, 1.15, 5.17999, 0.37739, 7, -10.89, 1.57, 0.05802, 4, -3.15, -7.27, 0.52374, 3, 19, 31.5, 22.79, 1.0E-5, 8, -0.64999, -6.87, 0.75432, 7, -0.67, 8.22, 0.24565, 3, 19, 29.28, 23.07, 0, 8, -2.28, -5.34, 0.52354, 7, -0.73, 5.99, 0.47643, 4, 19, 30.47, 20.74, 0, 20, 31.52, -23.54, 1.0E-5, 8, -2.69, -7.92, 0.2933, 7, 1.46, 7.4, 0.70667, 8, 15, 41.12, 31.13, 0.01323, 17, 21.19, 28.66, 0.02482, 19, 18.18, 22.2, 0.00867, 16, 35.2, -45.33, 0.00735, 18, 20.29999, -42.2, 0.00329, 8, -11.78, 0.48, 0.00682, 7, 1.21, -4.96999, 0.41579, 4, -3.17, 6.48, 0.52, 1, 4, 1.76, 3.52, 1, 1, 4, 1.5, -3.84, 1, 5, 15, 36.22, 48.68, 0.00777, 17, 18.66, 46.7, 0.00124, 16, 41.14, -28.12, 0.0141, 8, 5.33, 6.72, 0.95078, 7, -14.82, 3.66, 0.02608, 6, 15, 51.64, 46.07, 4.5E-4, 17, 33.59999, 42.07, 0, 19, 36.37, 23.89, 1.0E-5, 16, 52.34, -39.03, 8.3E-4, 8, 3.92, -8.84, 0.86446, 7, -2.24, 12.96, 0.13422, 4, 15, 34.86, 52.57, 0.00309, 17, 17.83, 50.74, 7.0E-5, 16, 42.24, -24.14, 0.00633, 8, 9.10999, 8.38, 0.99049, 4, 15, 36.66, 56.78, 0.00258, 17, 20.17, 54.68, 5.0E-5, 16, 46.12, -21.7, 0.0051, 8, 13.45, 6.91, 0.99224, 4, 15, 41.15, 59.72, 6.8E-4, 16, 51.48, -21.83, 0.00112, 8, 16.71999, 2.66, 0.99794, 7, -19.35, 14.87, 2.5E-4, 5, 15, 46.92, 59.61, 2.0E-5, 19, 43.61, 36.28, 0, 16, 56.16, -25.2, 1.0E-5, 8, 17.06, -3.09, 0.99978, 7, -15.27, 18.95, 1.6E-4, 3, 20, 35.50999, -24.87, 3.0E-5, 8, -4.71, -11.62, 0.17531, 7, 5.56, 8.35, 0.82465, 4, 16, 33.86, -49.03, 0.01032, 18, 19.74, -46.09, 0.00347, 20, 26.76, -37.38, 0, 7, 4.64, -6.88, 0.98619, 3, 16, 32.3, -53.61, 0.0067, 18, 19.12999, -50.89, 0.00197, 7, 8.91, -9.16, 0.99132, 3, 16, 33.75999, -58.23, 0.00374, 18, 21.48, -55.13, 5.3E-4, 7, 13.7, -8.47, 0.99572, 3, 16, 39.8, -62.07, 3.3E-4, 18, 28.18, -57.67, 0, 7, 18.45999, -3.12, 0.99966, 4, 16, 44.98, -60.02, 0, 20, 42.35, -36.15, 0, 8, -17.01, -16.37, 0.00124, 7, 17.28, 2.31, 0.99874, 3, 16, 35.97, -14.6, 0.09686, 18, 14.89, -11.94, 0.57006, 20, 2.08, -13.29, 0.33306, 3, 16, 38.99, -19.20999, 0.03117, 18, 18.77, -15.85, 0.27698, 20, 7.54, -14.02, 0.69184, 3, 16, 45.27, -20.84, 0.01043, 18, 25.25, -16.18, 0.13012, 20, 12.87, -10.33, 0.85942, 3, 16, 51.91, -19.4, 8.9E-4, 18, 31.48, -13.45, 0.01066, 20, 16.12999, -4.36, 0.98843, 2, 18, 36.11, -8.1, 0.01276, 20, 16.54, 2.69, 0.98723, 3, 16, 31.38, -11.71, 0.25667, 18, 9.82, -10.03, 0.69862, 20, -3.1, -14.87, 0.04469, 3, 16, 21.53, -8.97999, 0.60961, 18, -0.37, -9.33, 0.38522, 20, -11.6, -20.54999, 0.00515, 2, 16, 10.66, -6.63, 0.90464, 18, -11.49, -9.22, 0.09535, 2, 16, 2.59999, -3.96, 0.99218, 18, -19.92, -8.21, 0.00781, 6, 15, 44.31, 51.57, 0.00138, 17, 27.06, 48.5, 2.0E-5, 19, 35.8, 33.04, 0, 16, 49.44, -30.33, 0.00281, 8, 8.84, -1.11, 0.98949, 7, -11.29, 11.5, 0.00627, 6, 15, 43.69, 47.41, 0.00134, 17, 25.9, 44.46, 2.0E-5, 19, 32.23, 30.81, 0, 16, 46.57, -33.4, 0.00272, 8, 4.65, -0.81, 0.98993, 7, -8.72999, 8.16, 0.00595, 7, 15, 42.28, 43.27, 0.00486, 17, 23.96, 40.54, 0.00109, 19, 28.17, 29.19, 0, 16, 43.06, -36.00999, 0.00817, 18, 26.13, -31.49, 0.01663, 8, 0.41, 0.26, 0.82542, 7, -6.72, 4.28, 0.14379, 5, 16, 40.93, -53.15, 0.00155, 18, 27.48, -48.71, 2.5E-4, 20, 34.49, -34.72, 1.0E-5, 8, -14.23, -8.88, 0.01149, 7, 9.84, -0.57, 0.98667, 5, 16, 40.9, -48.31, 0.00292, 18, 26.49, -43.98, 0.0011, 20, 30.82, -31.58, 1.0E-5, 8, -10.49, -5.82, 0.02592, 7, 5.07, 0.17, 0.97003, 8, 15, 45.02, 34.74, 0.00723, 17, 25.54, 31.72, 0.01844, 19, 23.46, 21.57, 0.00825, 16, 40.46, -44.59, 0.00355, 18, 25.31, -40.41, 0.00134, 20, 27.71, -29.48, 0, 8, -7.88, -3.12, 0.13088, 7, 1.32, 0.34, 0.83026, 3, 15, 50.29, 9.28, 0.00427, 17, 27.38, 5.79, 0.17409, 19, 7.5, 1.04, 0.82163, 3, 15, 46.04, 3.68, 0.01374, 17, 22.42, 0.8, 0.4989, 19, 0.48, 0.63, 0.48735, 3, 15, 39.82, 0.55, 0.02289, 17, 15.85, -1.47, 0.80005, 19, -5.92, 3.34, 0.17705, 3, 15, 31.61, -0.9, 0.18509, 17, 7.52, -1.82, 0.81119, 19, -12.36, 8.63, 0.0037, 2, 15, 24.33, -1.51, 0.48439, 17, 0.22, -1.47, 0.5156, 2, 15, 16.39, -0.68, 0.84068, 17, -7.53, 0.4, 0.15931, 3, 15, 7.84, 0.03, 0.99978, 17, -15.91, 2.25, 2.1E-4, 19, -27.07, 27.33, 0, 2, 15, 0.32, -0.3, 1, 19, -32.22, 32.83, 0, 3, 16, 48.38, -9.43, 0.00305, 18, 26.01, -4.39, 0.18969, 20, 6.28, -0.52, 0.80725, 3, 16, 43.78, -5.1, 0.01246, 18, 20.62999, -1.07, 0.50267, 20, 0, -1.16999, 0.48486, 3, 16, 35.43999, -1.79, 0.14989, 18, 11.8, 0.49, 0.71988, 20, -7.95, -5.32, 0.13021, 2, 16, 24.07, -0.03, 0.48075, 18, 0.31, -0.06, 0.51924, 2, 16, 12.8, 0.35, 0.88766, 18, -10.8, -1.94, 0.11233, 2, 16, 3.62, 0.16, 0.99955, 18, -19.76, -3.97, 4.4E-4 ],
				"hull": 27,
				"edges": [ 28, 30, 56, 54, 32, 34, 32, 30, 56, 60, 58, 60, 58, 62, 36, 34, 62, 64, 38, 36, 64, 66, 40, 38, 66, 46, 40, 42, 54, 68, 68, 70, 70, 72, 72, 24, 24, 26, 26, 28, 76, 78, 78, 80, 82, 84, 84, 86, 86, 74, 74, 88, 90, 76, 90, 18, 88, 92, 92, 94, 94, 96, 96, 98, 16, 18, 98, 16, 80, 100, 102, 82, 102, 104, 18, 20, 20, 100, 104, 106, 106, 108, 108, 110, 20, 22, 110, 22, 10, 12, 112, 114, 114, 116, 116, 118, 118, 120, 120, 14, 14, 12, 10, 8, 6, 8, 112, 122, 122, 124, 4, 6, 4, 2, 126, 124, 2, 0, 128, 126, 46, 48, 128, 48, 0, 52, 14, 16, 22, 24, 18, 130, 130, 92, 98, 130, 88, 132, 132, 90, 130, 132, 74, 134, 134, 76, 132, 134, 20, 136, 136, 104, 108, 136, 100, 138, 138, 102, 136, 138, 80, 140, 140, 82, 138, 140, 26, 142, 142, 68, 72, 142, 28, 144, 144, 54, 142, 144, 30, 146, 146, 56, 144, 146, 32, 148, 148, 60, 146, 148, 34, 150, 150, 58, 148, 150, 36, 152, 152, 62, 150, 152, 38, 154, 154, 64, 152, 154, 40, 156, 156, 66, 154, 156, 42, 44, 44, 46, 156, 44, 12, 158, 158, 114, 118, 158, 10, 160, 160, 112, 158, 160, 6, 162, 162, 122, 160, 162, 4, 164, 164, 124, 162, 164, 2, 166, 166, 126, 164, 166, 0, 168, 168, 128, 166, 168, 48, 50, 50, 52, 168, 50 ],
				"width": 97,
				"height": 73
			}
		},
		"touguan2": {
			"touguan": { "x": 9.2, "y": 0.36, "rotation": -90, "width": 83, "height": 40 }
		},
		"yanjing2": {
			"yanjing": {
				"type": "skinnedmesh",
				"uvs": [ 0.51114, 1, 0, 1, 0, 0, 0.46239, 0 ],
				"triangles": [ 1, 3, 0, 1, 2, 3 ],
				"vertices": [ 1, 12, -9.74, -11.74, 1, 1, 12, -9.91, 10.22999, 1, 1, 12, 9.08, 10.38, 1, 1, 12, 9.22999, -9.49, 1 ],
				"hull": 4,
				"edges": [ 2, 4, 4, 6, 0, 2, 6, 0 ],
				"width": 43,
				"height": 19
			}
		},
		"yanjing3": {
			"yanjing": {
				"type": "skinnedmesh",
				"uvs": [ 1, 0.72846, 0.67321, 0.73067, 0.67907, 0, 1, 0 ],
				"triangles": [ 2, 3, 0, 1, 2, 0 ],
				"vertices": [ 1, 13, -4.75, -7.24, 1, 1, 13, -4.9, 6.8, 1, 1, 13, 8.97999, 6.66, 1, 1, 13, 9.08, -7.13, 1 ],
				"hull": 4,
				"edges": [ 4, 6, 4, 2, 0, 6, 2, 0 ],
				"width": 43,
				"height": 19
			},
			"yanjing2": {
				"type": "skinnedmesh",
				"path": "yanjing",
				"uvs": [ 0.51114, 1, 0, 1, 0, 0, 0.46239, 0 ],
				"triangles": [ 1, 3, 0, 1, 2, 3 ],
				"vertices": [ 1, 12, -9.53, -37.91, 1, 1, 12, -9.71, -15.93, 1, 1, 12, 9.28, -15.78, 1, 1, 12, 9.43999, -35.66, 1 ],
				"hull": 4,
				"edges": [ 2, 4, 4, 6, 0, 2, 6, 0 ],
				"width": 43,
				"height": 19
			}
		},
		"zui2": {
			"zui": { "x": -1.45, "y": -0.55, "rotation": 70.94, "width": 22, "height": 8 }
		}
	}
},
"animations": {
	"animation": {
		"slots": {
			"bizi2": {
				"attachment": [
					{ "time": 0, "name": "bizi" },
					{ "time": 1.2333, "name": "bizi" }
				]
			},
			"huzi2": {
				"attachment": [
					{ "time": 0, "name": "huzi" },
					{ "time": 1.2333, "name": "huzi" }
				]
			},
			"meimao2": {
				"attachment": [
					{ "time": 0, "name": "meimao" },
					{ "time": 1.2333, "name": "meimao" }
				]
			},
			"shenti2": {
				"attachment": [
					{ "time": 0, "name": "shenti" },
					{ "time": 1.2333, "name": "shenti" }
				]
			},
			"shou2": {
				"attachment": [
					{ "time": 0, "name": null },
					{ "time": 0.3333, "name": "shou" },
					{ "time": 0.8333, "name": "shou" },
					{ "time": 1.2333, "name": "shou" }
				]
			},
			"tou": {
				"attachment": [
					{ "time": 0, "name": "tou" },
					{ "time": 1.2333, "name": "tou" }
				]
			},
			"toufa2": {
				"attachment": [
					{ "time": 0, "name": "toufa" },
					{ "time": 1.2333, "name": "toufa" }
				]
			},
			"touguan2": {
				"attachment": [
					{ "time": 0, "name": "touguan" },
					{ "time": 1.2333, "name": "touguan" }
				]
			},
			"yanjing2": {
				"attachment": [
					{ "time": 0, "name": "yanjing" },
					{ "time": 1.2333, "name": "yanjing" }
				]
			},
			"yanjing3": {
				"attachment": [
					{ "time": 0, "name": "yanjing2" },
					{ "time": 0.3333, "name": "yanjing" },
					{ "time": 1.2333, "name": "yanjing" }
				]
			},
			"zui2": {
				"attachment": [
					{ "time": 0, "name": "zui" },
					{ "time": 1.2333, "name": "zui" }
				]
			}
		},
		"bones": {
			"root": {
				"rotate": [
					{ "time": 0, "angle": 0, "curve": "stepped" },
					{ "time": 0.3333, "angle": 0, "curve": "stepped" },
					{ "time": 0.8333, "angle": 0, "curve": "stepped" },
					{ "time": 1.2333, "angle": 0 }
				],
				"translate": [
					{ "time": 0, "x": 0, "y": 0, "curve": "stepped" },
					{ "time": 0.3333, "x": 0, "y": 0, "curve": "stepped" },
					{ "time": 0.8333, "x": 0, "y": 0, "curve": "stepped" },
					{ "time": 1.2333, "x": 0, "y": 0 }
				],
				"scale": [
					{ "time": 0, "x": 1, "y": 1, "curve": "stepped" },
					{ "time": 0.3333, "x": 1, "y": 1, "curve": "stepped" },
					{ "time": 0.8333, "x": 1, "y": 1, "curve": "stepped" },
					{ "time": 1.2333, "x": 1, "y": 1 }
				]
			},
			"bone": {
				"rotate": [
					{ "time": 0, "angle": 0, "curve": "stepped" },
					{ "time": 0.3333, "angle": 0, "curve": "stepped" },
					{ "time": 0.8333, "angle": 0, "curve": "stepped" },
					{ "time": 1.2333, "angle": 0 }
				],
				"translate": [
					{ "time": 0, "x": 0, "y": 0, "curve": "stepped" },
					{ "time": 0.3333, "x": 0, "y": 0, "curve": "stepped" },
					{ "time": 0.8333, "x": 0, "y": 0, "curve": "stepped" },
					{ "time": 1.2333, "x": 0, "y": 0 }
				],
				"scale": [
					{ "time": 0, "x": 1, "y": 1, "curve": "stepped" },
					{ "time": 0.3333, "x": 1, "y": 1, "curve": "stepped" },
					{ "time": 0.8333, "x": 1, "y": 1, "curve": "stepped" },
					{ "time": 1.2333, "x": 1, "y": 1 }
				]
			},
			"bone16": {
				"rotate": [
					{ "time": 0, "angle": 0, "curve": "stepped" },
					{ "time": 0.3333, "angle": 0 },
					{ "time": 0.5666, "angle": -3.6 },
					{ "time": 0.6666, "angle": -14.35, "curve": "stepped" },
					{ "time": 0.7, "angle": -14.35 },
					{ "time": 0.8333, "angle": -11.35 },
					{ "time": 0.9666, "angle": -3.6 },
					{ "time": 1.0666, "angle": -14.35, "curve": "stepped" },
					{ "time": 1.1, "angle": -14.35 },
					{ "time": 1.2333, "angle": 0 }
				],
				"translate": [
					{ "time": 0, "x": 0, "y": 0, "curve": "stepped" },
					{ "time": 0.3333, "x": 0, "y": 0 },
					{ "time": 0.4, "x": -1.17, "y": -3.84 },
					{ "time": 0.5666, "x": -2.34, "y": 8.71 },
					{ "time": 0.6666, "x": -1.46, "y": -0.01, "curve": "stepped" },
					{ "time": 0.7, "x": -1.46, "y": -0.01 },
					{ "time": 0.8333, "x": 0, "y": 0 },
					{ "time": 0.9, "x": -1.17, "y": -3.11 },
					{ "time": 0.9666, "x": -2.34, "y": 8.71 },
					{ "time": 1.0666, "x": -1.46, "y": -0.01, "curve": "stepped" },
					{ "time": 1.1, "x": -1.46, "y": -0.01 },
					{ "time": 1.2333, "x": 0, "y": 0 }
				],
				"scale": [
					{ "time": 0, "x": 1, "y": 1 },
					{ "time": 0.3333, "x": 0.792, "y": 0.792 },
					{ "time": 0.5666, "x": 1.081, "y": 1.023 },
					{ "time": 0.6666, "x": 0.854, "y": 0.814, "curve": "stepped" },
					{ "time": 0.7, "x": 0.854, "y": 0.814 },
					{ "time": 0.8333, "x": 1, "y": 1 },
					{ "time": 0.9666, "x": 1.081, "y": 1.023 },
					{ "time": 1.0666, "x": 0.854, "y": 0.814, "curve": "stepped" },
					{ "time": 1.1, "x": 0.854, "y": 0.814 },
					{ "time": 1.2333, "x": 1, "y": 1 }
				]
			},
			"bone13": {
				"rotate": [
					{ "time": 0, "angle": 0 },
					{ "time": 0.1666, "angle": -29.83 },
					{ "time": 0.4, "angle": 6.67 },
					{ "time": 0.5666, "angle": -14.52 },
					{ "time": 0.7, "angle": 6.95 },
					{ "time": 0.8333, "angle": 0 },
					{ "time": 0.9666, "angle": -14.52 },
					{ "time": 1.1, "angle": 6.95 },
					{ "time": 1.2333, "angle": 0 }
				],
				"translate": [
					{ "time": 0, "x": 0, "y": 0, "curve": "stepped" },
					{ "time": 0.8333, "x": 0, "y": 0, "curve": "stepped" },
					{ "time": 1.2333, "x": 0, "y": 0 }
				],
				"scale": [
					{ "time": 0, "x": 1, "y": 1, "curve": "stepped" },
					{ "time": 0.8333, "x": 1, "y": 1, "curve": "stepped" },
					{ "time": 1.2333, "x": 1, "y": 1 }
				]
			},
			"bone17": {
				"rotate": [
					{ "time": 0, "angle": 0, "curve": "stepped" },
					{ "time": 0.3333, "angle": 0 },
					{ "time": 0.5666, "angle": 5.78 },
					{ "time": 0.6666, "angle": -41.8 },
					{ "time": 0.7, "angle": -47.53 },
					{ "time": 0.8333, "angle": 0 },
					{ "time": 0.9666, "angle": 5.78 },
					{ "time": 1.0666, "angle": -41.8 },
					{ "time": 1.1, "angle": -47.53 },
					{ "time": 1.2333, "angle": 0 }
				],
				"translate": [
					{ "time": 0, "x": 0, "y": 0, "curve": "stepped" },
					{ "time": 0.3333, "x": 0, "y": 0, "curve": "stepped" },
					{ "time": 0.8333, "x": 0, "y": 0, "curve": "stepped" },
					{ "time": 1.2333, "x": 0, "y": 0 }
				],
				"scale": [
					{ "time": 0, "x": 1, "y": 1, "curve": "stepped" },
					{ "time": 0.3333, "x": 1, "y": 1 },
					{ "time": 0.3666, "x": 0.695, "y": 0.664 },
					{ "time": 0.5666, "x": 1.144, "y": 1 },
					{ "time": 0.6666, "x": 0.822, "y": 1 },
					{ "time": 0.8333, "x": 1, "y": 1 },
					{ "time": 0.8666, "x": 0.695, "y": 0.664 },
					{ "time": 0.9666, "x": 1.144, "y": 1 },
					{ "time": 1.0666, "x": 0.822, "y": 1 },
					{ "time": 1.2333, "x": 1, "y": 1 }
				]
			},
			"bone2": {
				"rotate": [
					{
						"time": 0,
						"angle": 0,
						"curve": [ 0.088, 0.71, 0.75, 1 ]
					},
					{ "time": 0.3, "angle": -7.27 },
					{ "time": 0.5, "angle": 2.8 },
					{ "time": 0.6666, "angle": -1.85 },
					{ "time": 0.8333, "angle": 0 },
					{ "time": 0.9, "angle": 2.8 },
					{ "time": 1.0666, "angle": -1.85 },
					{ "time": 1.2333, "angle": 0 }
				],
				"translate": [
					{
						"time": 0,
						"x": 0,
						"y": 0,
						"curve": [ 0.088, 0.71, 0.75, 1 ]
					},
					{ "time": 0.3, "x": 3.47, "y": -0.6 },
					{ "time": 0.5666, "x": -0.97, "y": 1 },
					{ "time": 0.7, "x": 1.11, "y": -1.66 },
					{ "time": 0.8333, "x": 0, "y": 0 },
					{ "time": 0.9666, "x": -0.97, "y": 1 },
					{ "time": 1.1, "x": 1.11, "y": -1.66 },
					{ "time": 1.2333, "x": 0, "y": 0 }
				],
				"scale": [
					{
						"time": 0,
						"x": 1,
						"y": 1,
						"curve": [ 0.088, 0.71, 0.75, 1 ]
					},
					{ "time": 0.7, "x": 0.941, "y": 0.941 },
					{ "time": 0.8333, "x": 1, "y": 1 },
					{ "time": 1.1, "x": 0.941, "y": 0.941 },
					{ "time": 1.2333, "x": 1, "y": 1 }
				]
			},
			"bone10": {
				"rotate": [
					{ "time": 0, "angle": 0 },
					{ "time": 0.2333, "angle": 19.32 },
					{ "time": 0.6333, "angle": 12.16 },
					{ "time": 0.8333, "angle": 0 },
					{ "time": 1.0333, "angle": 12.16 },
					{ "time": 1.2333, "angle": 0 }
				],
				"translate": [
					{ "time": 0, "x": 0, "y": 0, "curve": "stepped" },
					{ "time": 0.8333, "x": 0, "y": 0, "curve": "stepped" },
					{ "time": 1.2333, "x": 0, "y": 0 }
				],
				"scale": [
					{ "time": 0, "x": 1, "y": 1, "curve": "stepped" },
					{ "time": 0.8333, "x": 1, "y": 1, "curve": "stepped" },
					{ "time": 1.2333, "x": 1, "y": 1 }
				]
			},
			"bone11": {
				"rotate": [
					{ "time": 0, "angle": 0 },
					{ "time": 0.3, "angle": -15.67 },
					{ "time": 0.6333, "angle": -11.04 },
					{ "time": 0.8333, "angle": 0 },
					{ "time": 1.0333, "angle": -11.04 },
					{ "time": 1.2333, "angle": 0 }
				],
				"translate": [
					{ "time": 0, "x": 0, "y": 0, "curve": "stepped" },
					{ "time": 0.8333, "x": 0, "y": 0, "curve": "stepped" },
					{ "time": 1.2333, "x": 0, "y": 0 }
				],
				"scale": [
					{ "time": 0, "x": 1, "y": 1, "curve": "stepped" },
					{ "time": 0.8333, "x": 1, "y": 1, "curve": "stepped" },
					{ "time": 1.2333, "x": 1, "y": 1 }
				]
			},
			"bone12": {
				"rotate": [
					{ "time": 0, "angle": 0 },
					{ "time": 0.2, "angle": 21.93 },
					{ "time": 0.3666, "angle": 1 },
					{ "time": 0.5333, "angle": 12.97 },
					{ "time": 0.7, "angle": -8.04 },
					{ "time": 0.8333, "angle": 0 },
					{ "time": 0.9333, "angle": 12.97 },
					{ "time": 1.1, "angle": -8.04 },
					{ "time": 1.2333, "angle": 0 }
				],
				"translate": [
					{ "time": 0, "x": 0, "y": 0, "curve": "stepped" },
					{ "time": 0.8333, "x": 0, "y": 0, "curve": "stepped" },
					{ "time": 1.2333, "x": 0, "y": 0 }
				],
				"scale": [
					{ "time": 0, "x": 1, "y": 1, "curve": "stepped" },
					{ "time": 0.8333, "x": 1, "y": 1, "curve": "stepped" },
					{ "time": 1.2333, "x": 1, "y": 1 }
				]
			},
			"bone14": {
				"rotate": [
					{ "time": 0, "angle": 0 },
					{ "time": 0.3, "angle": -3.08 },
					{ "time": 0.3333, "angle": 0 },
					{ "time": 0.6333, "angle": 13.82 },
					{ "time": 0.8333, "angle": 0 },
					{ "time": 1.0333, "angle": 13.82 },
					{ "time": 1.2333, "angle": 0 }
				],
				"translate": [
					{ "time": 0, "x": 0, "y": 0, "curve": "stepped" },
					{ "time": 0.3333, "x": 0, "y": 0, "curve": "stepped" },
					{ "time": 0.8333, "x": 0, "y": 0, "curve": "stepped" },
					{ "time": 1.2333, "x": 0, "y": 0 }
				],
				"scale": [
					{ "time": 0, "x": 1, "y": 1, "curve": "stepped" },
					{ "time": 0.3333, "x": 1, "y": 1, "curve": "stepped" },
					{ "time": 0.8333, "x": 1, "y": 1, "curve": "stepped" },
					{ "time": 1.2333, "x": 1, "y": 1 }
				]
			},
			"bone15": {
				"rotate": [
					{ "time": 0, "angle": 0 },
					{ "time": 0.3, "angle": 21.97 },
					{ "time": 0.6, "angle": -18.47 },
					{ "time": 0.8333, "angle": 0 },
					{ "time": 1, "angle": -18.47 },
					{ "time": 1.2333, "angle": 0 }
				],
				"translate": [
					{ "time": 0, "x": 0, "y": 0, "curve": "stepped" },
					{ "time": 0.8333, "x": 0, "y": 0, "curve": "stepped" },
					{ "time": 1.2333, "x": 0, "y": 0 }
				],
				"scale": [
					{ "time": 0, "x": 1, "y": 1, "curve": "stepped" },
					{ "time": 0.8333, "x": 1, "y": 1, "curve": "stepped" },
					{ "time": 1.2333, "x": 1, "y": 1 }
				]
			},
			"bone3": {
				"rotate": [
					{ "time": 0, "angle": 0, "curve": "stepped" },
					{ "time": 0.3333, "angle": 0 },
					{ "time": 0.5666, "angle": 4.81 },
					{ "time": 0.7, "angle": -2.3 },
					{ "time": 0.8333, "angle": 0 },
					{ "time": 0.9666, "angle": 4.81 },
					{ "time": 1.1, "angle": -2.3 },
					{ "time": 1.2333, "angle": 0 }
				],
				"translate": [
					{ "time": 0, "x": 0, "y": 0, "curve": "stepped" },
					{ "time": 0.3333, "x": 0, "y": 0, "curve": "stepped" },
					{ "time": 0.8333, "x": 0, "y": 0, "curve": "stepped" },
					{ "time": 1.2333, "x": 0, "y": 0 }
				],
				"scale": [
					{ "time": 0, "x": 1, "y": 1, "curve": "stepped" },
					{ "time": 0.3333, "x": 1, "y": 1, "curve": "stepped" },
					{ "time": 0.8333, "x": 1, "y": 1, "curve": "stepped" },
					{ "time": 1.2333, "x": 1, "y": 1 }
				]
			},
			"bone4": {
				"rotate": [
					{ "time": 0, "angle": 0, "curve": "stepped" },
					{
						"time": 0.3333,
						"angle": 0,
						"curve": [ 0.25, 0, 0.75, 1 ]
					},
					{
						"time": 0.6333,
						"angle": -5.16,
						"curve": [ 0.25, 0, 0.75, 1 ]
					},
					{
						"time": 0.8333,
						"angle": 0,
						"curve": [ 0.25, 0, 0.75, 1 ]
					},
					{
						"time": 1.0333,
						"angle": -5.16,
						"curve": [ 0.25, 0, 0.75, 1 ]
					},
					{ "time": 1.2333, "angle": 0 }
				],
				"translate": [
					{ "time": 0, "x": 0, "y": 0, "curve": "stepped" },
					{ "time": 0.3333, "x": 0, "y": 0, "curve": "stepped" },
					{ "time": 0.8333, "x": 0, "y": 0, "curve": "stepped" },
					{ "time": 1.2333, "x": 0, "y": 0 }
				],
				"scale": [
					{ "time": 0, "x": 1, "y": 1, "curve": "stepped" },
					{ "time": 0.3333, "x": 1, "y": 1, "curve": "stepped" },
					{ "time": 0.8333, "x": 1, "y": 1, "curve": "stepped" },
					{ "time": 1.2333, "x": 1, "y": 1 }
				]
			},
			"bone7": {
				"rotate": [
					{ "time": 0, "angle": 0, "curve": "stepped" },
					{
						"time": 0.3333,
						"angle": 0,
						"curve": [ 0.25, 0, 0.75, 1 ]
					},
					{
						"time": 0.6333,
						"angle": 3.68,
						"curve": [ 0.25, 0, 0.75, 1 ]
					},
					{
						"time": 0.8333,
						"angle": 0,
						"curve": [ 0.25, 0, 0.75, 1 ]
					},
					{
						"time": 1.0333,
						"angle": 3.68,
						"curve": [ 0.25, 0, 0.75, 1 ]
					},
					{ "time": 1.2333, "angle": 0 }
				],
				"translate": [
					{ "time": 0, "x": 0, "y": 0, "curve": "stepped" },
					{ "time": 0.3333, "x": 0, "y": 0, "curve": "stepped" },
					{ "time": 0.8333, "x": 0, "y": 0, "curve": "stepped" },
					{ "time": 1.2333, "x": 0, "y": 0 }
				],
				"scale": [
					{ "time": 0, "x": 1, "y": 1, "curve": "stepped" },
					{ "time": 0.3333, "x": 1, "y": 1, "curve": "stepped" },
					{ "time": 0.8333, "x": 1, "y": 1, "curve": "stepped" },
					{ "time": 1.2333, "x": 1, "y": 1 }
				]
			},
			"bone5": {
				"rotate": [
					{ "time": 0, "angle": 0, "curve": "stepped" },
					{
						"time": 0.3333,
						"angle": 0,
						"curve": [ 0.218, 0.27, 0.75, 1 ]
					},
					{
						"time": 0.5666,
						"angle": 10.26,
						"curve": [ 0.25, 0, 0.75, 1 ]
					},
					{
						"time": 0.7,
						"angle": -2.9,
						"curve": [ 0.25, 0, 0.769, 0.73 ]
					},
					{
						"time": 0.8333,
						"angle": 0,
						"curve": [ 0.218, 0.27, 0.75, 1 ]
					},
					{
						"time": 0.9666,
						"angle": 10.26,
						"curve": [ 0.25, 0, 0.75, 1 ]
					},
					{
						"time": 1.1,
						"angle": -2.9,
						"curve": [ 0.25, 0, 0.769, 0.73 ]
					},
					{ "time": 1.2333, "angle": 0 }
				],
				"translate": [
					{ "time": 0, "x": 0, "y": 0, "curve": "stepped" },
					{ "time": 0.3333, "x": 0, "y": 0, "curve": "stepped" },
					{ "time": 0.8333, "x": 0, "y": 0, "curve": "stepped" },
					{ "time": 1.2333, "x": 0, "y": 0 }
				],
				"scale": [
					{ "time": 0, "x": 1, "y": 1, "curve": "stepped" },
					{ "time": 0.3333, "x": 1, "y": 1, "curve": "stepped" },
					{ "time": 0.8333, "x": 1, "y": 1, "curve": "stepped" },
					{ "time": 1.2333, "x": 1, "y": 1 }
				]
			},
			"bone8": {
				"rotate": [
					{ "time": 0, "angle": 0, "curve": "stepped" },
					{
						"time": 0.3333,
						"angle": 0,
						"curve": [ 0.213, 0.25, 0.75, 1 ]
					},
					{
						"time": 0.5666,
						"angle": -7.06,
						"curve": [ 0.25, 0, 0.75, 1 ]
					},
					{
						"time": 0.7,
						"angle": 5.17,
						"curve": [ 0.25, 0, 0.788, 0.68 ]
					},
					{
						"time": 0.8333,
						"angle": 0,
						"curve": [ 0.213, 0.25, 0.75, 1 ]
					},
					{
						"time": 0.9666,
						"angle": -7.06,
						"curve": [ 0.25, 0, 0.75, 1 ]
					},
					{
						"time": 1.1,
						"angle": 5.17,
						"curve": [ 0.25, 0, 0.788, 0.68 ]
					},
					{ "time": 1.2333, "angle": 0 }
				],
				"translate": [
					{ "time": 0, "x": 0, "y": 0, "curve": "stepped" },
					{ "time": 0.3333, "x": 0, "y": 0, "curve": "stepped" },
					{ "time": 0.8333, "x": 0, "y": 0, "curve": "stepped" },
					{ "time": 1.2333, "x": 0, "y": 0 }
				],
				"scale": [
					{ "time": 0, "x": 1, "y": 1, "curve": "stepped" },
					{ "time": 0.3333, "x": 1, "y": 1, "curve": "stepped" },
					{ "time": 0.8333, "x": 1, "y": 1, "curve": "stepped" },
					{ "time": 1.2333, "x": 1, "y": 1 }
				]
			},
			"bone6": {
				"rotate": [
					{ "time": 0, "angle": 0, "curve": "stepped" },
					{ "time": 0.3333, "angle": 0 },
					{ "time": 0.6333, "angle": 12.57 },
					{ "time": 0.8333, "angle": 0 },
					{ "time": 1.0333, "angle": 12.57 },
					{ "time": 1.2333, "angle": 0 }
				],
				"translate": [
					{ "time": 0, "x": 0, "y": 0, "curve": "stepped" },
					{ "time": 0.3333, "x": 0, "y": 0, "curve": "stepped" },
					{ "time": 0.8333, "x": 0, "y": 0, "curve": "stepped" },
					{ "time": 1.2333, "x": 0, "y": 0 }
				],
				"scale": [
					{ "time": 0, "x": 1, "y": 1, "curve": "stepped" },
					{ "time": 0.3333, "x": 1, "y": 1, "curve": "stepped" },
					{ "time": 0.8333, "x": 1, "y": 1, "curve": "stepped" },
					{ "time": 1.2333, "x": 1, "y": 1 }
				]
			},
			"bone9": {
				"rotate": [
					{ "time": 0, "angle": 0, "curve": "stepped" },
					{ "time": 0.3333, "angle": 0, "curve": "stepped" },
					{ "time": 0.8333, "angle": 0, "curve": "stepped" },
					{ "time": 1.2333, "angle": 0 }
				],
				"translate": [
					{ "time": 0, "x": 0, "y": 0, "curve": "stepped" },
					{ "time": 0.3333, "x": 0, "y": 0, "curve": "stepped" },
					{ "time": 0.8333, "x": 0, "y": 0, "curve": "stepped" },
					{ "time": 1.2333, "x": 0, "y": 0 }
				],
				"scale": [
					{ "time": 0, "x": 1, "y": 1, "curve": "stepped" },
					{ "time": 0.3333, "x": 1, "y": 1, "curve": "stepped" },
					{ "time": 0.8333, "x": 1, "y": 1, "curve": "stepped" },
					{ "time": 1.2333, "x": 1, "y": 1 }
				]
			},
			"bone18": {
				"rotate": [
					{ "time": 0, "angle": 0 },
					{ "time": 0.3, "angle": 12.77 },
					{ "time": 0.6333, "angle": 9.71 },
					{ "time": 0.8333, "angle": 0 },
					{ "time": 1.0333, "angle": 4.34 },
					{ "time": 1.2333, "angle": 0 }
				],
				"translate": [
					{ "time": 0, "x": 0, "y": 0 },
					{ "time": 0.3, "x": 3.52, "y": -6.37 },
					{ "time": 0.6333, "x": 1.5, "y": -3.47 },
					{ "time": 0.8333, "x": 0, "y": 0 },
					{ "time": 1.0333, "x": 1.03, "y": -1.89 },
					{ "time": 1.2333, "x": 0, "y": 0 }
				],
				"scale": [
					{ "time": 0, "x": 1, "y": 1, "curve": "stepped" },
					{ "time": 0.8333, "x": 1, "y": 1, "curve": "stepped" },
					{ "time": 1.2333, "x": 1, "y": 1 }
				]
			},
			"bone19": {
				"rotate": [
					{ "time": 0, "angle": 0, "curve": "stepped" },
					{ "time": 0.3333, "angle": 0, "curve": "stepped" },
					{ "time": 0.8333, "angle": 0, "curve": "stepped" },
					{ "time": 1.2333, "angle": 0 }
				],
				"translate": [
					{ "time": 0, "x": 0, "y": 0, "curve": "stepped" },
					{ "time": 0.3333, "x": 0, "y": 0 },
					{ "time": 0.5, "x": 0, "y": 0.62 },
					{ "time": 0.6666, "x": 0.43, "y": -0.07 },
					{ "time": 0.8333, "x": 0, "y": 0 },
					{ "time": 0.9, "x": 0, "y": 0.62 },
					{ "time": 1.0666, "x": 0.43, "y": -0.07 },
					{ "time": 1.2333, "x": 0, "y": 0 }
				],
				"scale": [
					{ "time": 0, "x": 1, "y": 1, "curve": "stepped" },
					{ "time": 0.3333, "x": 1, "y": 1 },
					{ "time": 1.2333, "x": 1.265, "y": 1.265 }
				]
			},
			"bone20": {
				"rotate": [
					{ "time": 0, "angle": 0 },
					{ "time": 0.3, "angle": 7.27 },
					{ "time": 0.3333, "angle": 0, "curve": "stepped" },
					{ "time": 0.8333, "angle": 0, "curve": "stepped" },
					{ "time": 1.2333, "angle": 0 }
				],
				"translate": [
					{ "time": 0, "x": 0, "y": 0 },
					{ "time": 0.3, "x": 1.23, "y": 0 },
					{ "time": 0.3333, "x": 0, "y": 0, "curve": "stepped" },
					{ "time": 0.8333, "x": 0, "y": 0, "curve": "stepped" },
					{ "time": 1.2333, "x": 0, "y": 0 }
				],
				"scale": [
					{ "time": 0, "x": 1, "y": 1, "curve": "stepped" },
					{ "time": 0.3333, "x": 1, "y": 1 },
					{ "time": 0.6333, "x": 1, "y": 0.893 },
					{ "time": 0.8333, "x": 1, "y": 1 },
					{ "time": 1.0333, "x": 1, "y": 0.893 },
					{ "time": 1.2333, "x": 1, "y": 1 }
				]
			}
		},
		"ffd": {
			"default": {
				"huzi2": {
					"huzi": [
						{ "time": 0, "curve": "stepped" },
						{ "time": 1.2333 }
					]
				},
				"meimao2": {
					"meimao": [
						{ "time": 0, "curve": "stepped" },
						{ "time": 1.2333 }
					]
				},
				"shou2": {
					"shou": [
						{ "time": 0, "curve": "stepped" },
						{ "time": 1.2333 }
					]
				},
				"toufa2": {
					"toufa": [
						{ "time": 0, "curve": "stepped" },
						{ "time": 1.2333 }
					]
				},
				"yanjing2": {
					"yanjing": [
						{ "time": 0, "curve": "stepped" },
						{ "time": 1.2333 }
					]
				},
				"yanjing3": {
					"yanjing": [
						{ "time": 0, "curve": "stepped" },
						{ "time": 1.2333 }
					],
					"yanjing2": [
						{ "time": 0, "curve": "stepped" },
						{ "time": 1.2333 }
					]
				}
			}
		},
		"drawOrder": [
			{ "time": 0 },
			{ "time": 1.2333 }
		]
	}
}
}