{
"skeleton": { "hash": "wJ7pvnHuq8qFAWIu/pVh4E7K2s0", "spine": "2.1.27", "width": 56, "height": 52.8, "images": "" },
"bones": [
	{ "name": "root" },
	{ "name": "bone", "parent": "root", "x": 52.49, "y": 80.53, "scaleX": 0.8, "scaleY": 0.8 },
	{ "name": "bone2", "parent": "root", "x": 45.02, "y": 101.7, "scaleX": 0.8, "scaleY": 0.8 },
	{ "name": "bone3", "parent": "root", "x": 3.81, "y": 91.3, "scaleX": 0.8, "scaleY": 0.8 },
	{ "name": "bone4", "parent": "root", "x": -48.64, "y": 82.94, "scaleX": 0.8, "scaleY": 0.8 },
	{ "name": "bone5", "parent": "root", "x": -21.47, "y": 113.04, "scaleX": 0.8, "scaleY": 0.8 },
	{ "name": "bone6", "parent": "root", "x": 3.62, "y": 60.87, "scaleX": 0.8, "scaleY": 0.8 },
	{ "name": "bone7", "parent": "root", "x": 8.07, "y": 38.89, "scaleX": 0.8, "scaleY": 0.8 }
],
"slots": [
	{ "name": "baozha7", "bone": "bone7" },
	{ "name": "fanqie2", "bone": "bone6", "attachment": "fanqie" },
	{ "name": "cang10", "bone": "bone4" },
	{ "name": "cang6", "bone": "bone" },
	{ "name": "cang8", "bone": "bone3" },
	{ "name": "cang7", "bone": "bone2" },
	{ "name": "cang9", "bone": "bone5" }
],
"skins": {
	"default": {
		"baozha7": {
			"baozha1": { "x": -0.42, "y": 0.29, "width": 106, "height": 99 },
			"baozha2": { "x": -0.42, "y": 0.29, "width": 106, "height": 113 },
			"baozha3": { "x": -0.42, "y": 0.29, "width": 122, "height": 102 },
			"baozha4": { "x": -0.42, "y": 0.29, "width": 107, "height": 83 },
			"baozha5": { "x": -0.42, "y": 0.29, "width": 72, "height": 70 },
			"baozha6": { "x": -0.42, "y": 0.29, "width": 30, "height": 25 }
		},
		"cang10": {
			"cang5": { "x": -0.2, "y": 1.23, "width": 13, "height": 14 }
		},
		"cang6": {
			"cang4": { "x": -0.34, "y": 1.64, "width": 13, "height": 14 }
		},
		"cang7": {
			"cang2": { "x": -0.87, "y": -0.02, "width": 13, "height": 13 }
		},
		"cang8": {
			"cang3": { "x": -0.66, "y": -0.12, "width": 13, "height": 14 }
		},
		"cang9": {
			"cang1": { "x": 0.12, "y": 1.14, "width": 14, "height": 14 }
		},
		"fanqie2": {
			"fanqie": { "x": 0.02, "y": 0.3, "width": 70, "height": 66 }
		}
	}
},
"animations": {
	"animation": {
		"slots": {
			"baozha7": {
				"attachment": [
					{ "time": 0, "name": null },
					{ "time": 0.2333, "name": "baozha5" },
					{ "time": 0.3, "name": "baozha4" },
					{ "time": 0.3666, "name": "baozha3" },
					{ "time": 0.4333, "name": "baozha2" },
					{ "time": 0.5666, "name": "baozha1" },
					{ "time": 0.7333, "name": "baozha1" },
					{ "time": 1.1, "name": null },
					{ "time": 1.3666, "name": null }
				],
				"color": [
					{ "time": 0.7333, "color": "ffffffff" },
					{ "time": 1.1, "color": "ffffff00" }
				]
			},
			"cang6": {
				"attachment": [
					{ "time": 0, "name": null },
					{ "time": 0.5666, "name": "cang4" },
					{ "time": 1.3666, "name": "cang4" }
				]
			},
			"cang7": {
				"attachment": [
					{ "time": 0, "name": null },
					{ "time": 0.4666, "name": "cang2" },
					{ "time": 1.3666, "name": "cang2" }
				]
			},
			"cang8": {
				"attachment": [
					{ "time": 0, "name": null },
					{ "time": 1.3666, "name": null }
				]
			},
			"cang9": {
				"attachment": [
					{ "time": 0, "name": null },
					{ "time": 0.5333, "name": "cang1" },
					{ "time": 1.3666, "name": "cang1" }
				]
			},
			"cang10": {
				"attachment": [
					{ "time": 0, "name": null },
					{ "time": 0.4333, "name": "cang5" },
					{ "time": 1.3666, "name": "cang5" }
				]
			},
			"fanqie2": {
				"attachment": [
					{ "time": 0, "name": "fanqie" },
					{ "time": 0.2333, "name": null },
					{ "time": 1.3666, "name": null }
				]
			}
		},
		"bones": {
			"root": {
				"rotate": [
					{ "time": 0, "angle": 0, "curve": "stepped" },
					{ "time": 1.3666, "angle": 0 }
				],
				"translate": [
					{ "time": 0, "x": 0, "y": 0, "curve": "stepped" },
					{ "time": 1.3666, "x": 0, "y": 0 }
				],
				"scale": [
					{ "time": 0, "x": 1, "y": 1, "curve": "stepped" },
					{ "time": 1.3666, "x": 1, "y": 1 }
				]
			},
			"bone": {
				"rotate": [
					{ "time": 0, "angle": 0, "curve": "stepped" },
					{ "time": 0.5666, "angle": 0, "curve": "stepped" },
					{ "time": 1.3666, "angle": 0 }
				],
				"translate": [
					{ "time": 0, "x": 0, "y": 0 },
					{ "time": 0.5666, "x": -8.16, "y": 31.53 },
					{ "time": 0.7666, "x": -28.99, "y": 8.01 },
					{ "time": 1.1, "x": -33.69, "y": 11.37 },
					{ "time": 1.3666, "x": -37.5, "y": 6.67 }
				],
				"scale": [
					{ "time": 0, "x": 1, "y": 1, "curve": "stepped" },
					{ "time": 0.5666, "x": 1, "y": 1, "curve": "stepped" },
					{ "time": 1.3666, "x": 1, "y": 1 }
				]
			},
			"bone2": {
				"rotate": [
					{ "time": 0, "angle": 0, "curve": "stepped" },
					{ "time": 0.4666, "angle": 0, "curve": "stepped" },
					{ "time": 1.3666, "angle": 0 }
				],
				"translate": [
					{ "time": 0, "x": 0, "y": 0 },
					{ "time": 0.4666, "x": -19.83, "y": 0 },
					{ "time": 0.7666, "x": -27.78, "y": -31.44 },
					{ "time": 1.1, "x": -31.76, "y": -32.89 },
					{ "time": 1.3666, "x": -41.42, "y": -14.36 }
				],
				"scale": [
					{ "time": 0, "x": 1, "y": 1, "curve": "stepped" },
					{ "time": 0.4666, "x": 1, "y": 1, "curve": "stepped" },
					{ "time": 1.3666, "x": 1, "y": 1 }
				]
			},
			"bone3": {
				"rotate": [
					{ "time": 0, "angle": 0, "curve": "stepped" },
					{ "time": 1.3666, "angle": 0 }
				],
				"translate": [
					{ "time": 0, "x": 0, "y": 0, "curve": "stepped" },
					{ "time": 1.3666, "x": 0, "y": 0 }
				],
				"scale": [
					{ "time": 0, "x": 1, "y": 1, "curve": "stepped" },
					{ "time": 1.3666, "x": 1, "y": 1 }
				]
			},
			"bone4": {
				"rotate": [
					{ "time": 0, "angle": 0 },
					{ "time": 0.4333, "angle": 164.36, "curve": "stepped" },
					{ "time": 1.3666, "angle": 164.36 }
				],
				"translate": [
					{ "time": 0, "x": 0, "y": 0 },
					{ "time": 0.4333, "x": 33.82, "y": 16.35 },
					{ "time": 0.8, "x": 39.2, "y": -6.67 },
					{ "time": 1.1, "x": 44.12, "y": -8.79 },
					{ "time": 1.3666, "x": 47.26, "y": -4 }
				],
				"scale": [
					{ "time": 0, "x": 1, "y": 1 },
					{ "time": 0.4333, "x": 1, "y": -1, "curve": "stepped" },
					{ "time": 1.3666, "x": 1, "y": -1 }
				]
			},
			"bone5": {
				"rotate": [
					{ "time": 0, "angle": 0, "curve": "stepped" },
					{ "time": 0.5333, "angle": 0, "curve": "stepped" },
					{ "time": 1.3666, "angle": 0 }
				],
				"translate": [
					{ "time": 0, "x": 0, "y": 0 },
					{ "time": 0.5333, "x": -15.53, "y": -20.42 },
					{ "time": 0.9333, "x": 10.55, "y": -22.14 },
					{ "time": 1.3666, "x": 25.45, "y": -37.89 }
				],
				"scale": [
					{ "time": 0, "x": 1, "y": 1, "curve": "stepped" },
					{ "time": 0.5333, "x": 1, "y": 1, "curve": "stepped" },
					{ "time": 1.3666, "x": 1, "y": 1 }
				]
			},
			"bone6": {
				"rotate": [
					{ "time": 0, "angle": 35.84 },
					{ "time": 0.2333, "angle": -91.74, "curve": "stepped" },
					{ "time": 1.3666, "angle": -91.74 }
				],
				"translate": [
					{ "time": 0, "x": 1.46, "y": 1.02, "curve": "stepped" },
					{ "time": 0.2333, "x": 1.46, "y": 1.02, "curve": "stepped" },
					{ "time": 1.3666, "x": 1.46, "y": 1.02 }
				],
				"scale": [
					{ "time": 0, "x": 0.6, "y": 0.6 },
					{ "time": 0.2333, "x": 0.8, "y": 0.8, "curve": "stepped" },
					{ "time": 1.3666, "x": 0.8, "y": 0.8 }
				]
			},
			"bone7": {
				"rotate": [
					{ "time": 0, "angle": 0, "curve": "stepped" },
					{ "time": 0.2333, "angle": 0, "curve": "stepped" },
					{ "time": 0.2666, "angle": 0, "curve": "stepped" },
					{ "time": 0.5666, "angle": 0, "curve": "stepped" },
					{ "time": 1.3666, "angle": 0 }
				],
				"translate": [
					{ "time": 0, "x": 0, "y": 0 },
					{ "time": 0.2333, "x": -7.5, "y": 24.79, "curve": "stepped" },
					{ "time": 0.2666, "x": -7.5, "y": 24.79, "curve": "stepped" },
					{ "time": 0.3, "x": -7.5, "y": 26.99, "curve": "stepped" },
					{ "time": 0.3666, "x": -7.5, "y": 25.99, "curve": "stepped" },
					{ "time": 0.4333, "x": -7.5, "y": 24.99, "curve": "stepped" },
					{ "time": 0.5666, "x": -7.5, "y": 24.99 },
					{ "time": 1.1, "x": -7.5, "y": -18.95, "curve": "stepped" },
					{ "time": 1.3666, "x": -7.5, "y": -18.95 }
				],
				"scale": [
					{ "time": 0, "x": 1, "y": 1, "curve": "stepped" },
					{ "time": 0.5666, "x": 1, "y": 1 },
					{ "time": 1.1, "x": 0.675, "y": 1.574, "curve": "stepped" },
					{ "time": 1.3666, "x": 0.675, "y": 1.574 }
				]
			}
		},
		"drawOrder": [
			{ "time": 0 },
			{ "time": 1.3666 }
		]
	}
}
}