<skeleton name="xiangji" frameRate="24" version="2.2">
 <armatures>
  <armature name="x5">
   <b name="图层 1" x="0" y="0" kX="0" kY="0" cX="1" cY="1" pX="0" pY="0" z="0">
    <d name="d4" pX="62.85" pY="55.35"/>
    <d name="Empty" pX="0" pY="0"/>
   </b>
  </armature>
 </armatures>
 <animations>
  <animation name="x5">
   <mov name="d4" dr="17" to="6" drTW="17" lp="1" twE="NaN">
    <b name="图层 1" sc="1" dl="0">
     <f x="0" y="0" cocos2d_x="0" cocos2d_y="0" kX="0" kY="0" cX="1" cY="1" pX="0" pY="0" z="0" dI="0" dr="8"/>
     <f x="0" y="0" cocos2d_x="0" cocos2d_y="0" kX="0" kY="0" cX="1" cY="1" pX="0" pY="0" z="0" dI="1" dr="9"/>
    </b>
   </mov>
  </animation>
 </animations>
 <TextureAtlas name="xiangji" width="128" height="256">
  <SubTexture name="Empty" width="16" height="16" cocos2d_pX="0" cocos2d_pY="0" x="0" y="113"/>
  <SubTexture name="d4" width="126" height="111" cocos2d_pX="60.85" cocos2d_pY="53.35" x="0" y="0"/>
 </TextureAtlas>
</skeleton>