{
"skeleton": { "hash": "3YC5167lQ8D3RILDon7DNtRa0Hg", "spine": "2.1.27", "width": 43.88, "height": 41.41, "images": "" },
"bones": [
	{ "name": "root" },
	{ "name": "bone", "parent": "root", "x": -1.02, "y": -182.6 },
	{ "name": "bone3", "parent": "root", "x": -45.3, "y": 94.14 },
	{ "name": "bone4", "parent": "root", "x": -19.25, "y": 127.77 },
	{ "name": "bone5", "parent": "root", "x": 24.5, "y": 138.99 },
	{ "name": "bone6", "parent": "root", "x": 50.53, "y": 96.36 },
	{ "name": "bone2", "parent": "bone", "length": 21.37, "x": 6.86, "y": 18.37, "rotation": 69.29 }
],
"slots": [
	{ "name": "7", "bone": "bone", "attachment": "6" },
	{ "name": "10", "bone": "bone4" },
	{ "name": "8", "bone": "bone6" },
	{ "name": "9", "bone": "bone5" },
	{ "name": "11", "bone": "bone3" }
],
"skins": {
	"default": {
		"10": {
			"1": { "x": 0.09, "y": -0.96, "scaleX": 0.493, "scaleY": 0.493, "width": 28, "height": 35 }
		},
		"11": {
			"4": { "x": 0.14, "y": -1.33, "scaleX": 0.493, "scaleY": 0.493, "width": 20, "height": 23 }
		},
		"7": {
			"5": {
				"type": "skinnedmesh",
				"uvs": [ 0.90723, 0.04114, 0.96637, 0.13044, 0.92054, 0.18918, 0.88101, 0.22835, 0.8333, 0.27563, 0.81011, 0.34039, 0.7891, 0.3991, 1, 0.45505, 1, 1, 0, 1, 0, 0.37454, 0.20406, 0.31109, 0.43418, 0.31465, 0.42718, 0.25685, 0.42077, 0.20396, 0.44252, 0.14374, 0.46217, 0.08931, 0.55532, 0.02939, 0.65587, 0, 0.80225, 0, 0.61364, 0.33855, 0.65291, 0.21806, 0.681, 0.10459, 0.63595, 0.28067, 0.67496, 0.1584 ],
				"triangles": [ 21, 24, 4, 4, 24, 3, 24, 22, 3, 3, 22, 2, 14, 15, 21, 21, 15, 24, 22, 19, 2, 19, 0, 2, 2, 0, 1, 15, 16, 24, 24, 16, 22, 16, 17, 22, 17, 18, 22, 22, 18, 19, 20, 8, 9, 9, 11, 12, 9, 12, 20, 20, 6, 8, 6, 7, 8, 9, 10, 11, 20, 23, 6, 6, 23, 5, 5, 23, 4, 23, 20, 13, 20, 12, 13, 23, 21, 4, 23, 13, 21, 13, 14, 21 ],
				"vertices": [ 1, 6, 19.75, -5.75, 1, 1, 6, 16.04999, -9.92, 1, 2, 1, 19.81, 26.63, 0.17, 6, 12.3, -9.18999, 0.83, 2, 1, 18.08, 24.47, 0.31498, 6, 9.67, -8.33, 0.68501, 2, 1, 15.98, 21.86, 0.49, 6, 6.48, -7.3, 0.51, 2, 1, 14.96, 18.28, 0.7575, 6, 2.78, -7.61, 0.24249, 1, 1, 14.04, 15.04, 1, 1, 1, 23.3, 11.95, 1, 1, 1, 23.3, -18.12999, 1, 1, 1, -20.58, -18.12999, 1, 1, 1, -20.58, 16.4, 1, 1, 1, -11.62, 19.9, 1, 1, 1, -1.52, 19.70999, 1, 2, 1, -1.83, 22.9, 0.73367, 6, 1.15, 9.72999, 0.26631, 2, 1, -2.10999, 25.82, 0.49, 6, 3.78, 11.03, 0.51, 2, 1, -1.16, 29.14, 0.32191, 6, 7.23, 11.31, 0.67808, 2, 1, -0.3, 32.15, 0.17, 6, 10.35, 11.57, 0.83, 1, 6, 14.89, 8.91, 1, 1, 6, 17.96999, 5.36, 1, 1, 6, 20.24, -0.64, 1, 1, 1, 6.34, 18.39, 1, 2, 1, 8.07, 25.04, 0.49, 6, 6.66, 1.22, 0.51, 2, 1, 9.3, 31.31, 0.17, 6, 12.96, 2.29, 0.83, 2, 1, 7.32, 21.58, 0.75049, 6, 3.16, 0.7, 0.2495, 2, 1, 9.03, 28.33, 0.31568, 6, 10.08, 1.48, 0.68431 ],
				"hull": 20,
				"edges": [ 16, 18, 12, 40, 40, 24, 24, 22, 18, 20, 22, 20, 8, 42, 42, 28, 32, 44, 44, 4, 4, 2, 2, 0, 0, 38, 32, 34, 36, 38, 34, 36, 14, 16, 12, 14, 24, 26, 26, 28, 26, 46, 8, 10, 10, 12, 46, 10, 4, 6, 6, 8, 6, 48, 28, 30, 30, 32, 48, 30 ],
				"width": 89,
				"height": 112
			},
			"6": { "x": 1.35, "y": 2.58, "scaleX": 0.493, "scaleY": 0.493, "width": 89, "height": 84 }
		},
		"8": {
			"2": { "x": 0.3, "y": -0.05, "scaleX": 0.493, "scaleY": 0.493, "width": 22, "height": 28 }
		},
		"9": {
			"3": { "x": -0.16, "y": -1.18, "scaleX": 0.493, "scaleY": 0.493, "width": 21, "height": 23 }
		}
	}
},
"animations": {
	"animation": {
		"slots": {
			"7": {
				"attachment": [
					{ "time": 0, "name": "6" },
					{ "time": 0.0666, "name": "5" },
					{ "time": 0.1333, "name": "5" },
					{ "time": 0.5333, "name": "5" },
					{ "time": 0.8, "name": "5" }
				]
			},
			"8": {
				"attachment": [
					{ "time": 0, "name": null },
					{ "time": 0.1333, "name": "2" },
					{ "time": 0.8, "name": "2" }
				]
			},
			"9": {
				"attachment": [
					{ "time": 0, "name": null },
					{ "time": 0.1333, "name": "3" },
					{ "time": 0.8, "name": "3" }
				]
			},
			"10": {
				"attachment": [
					{ "time": 0, "name": null },
					{ "time": 0.1333, "name": "1" },
					{ "time": 0.8, "name": "1" }
				]
			},
			"11": {
				"attachment": [
					{ "time": 0, "name": null },
					{ "time": 0.1333, "name": "4" },
					{ "time": 0.8, "name": "4" }
				]
			}
		},
		"bones": {
			"root": {
				"rotate": [
					{ "time": 0, "angle": 0, "curve": "stepped" },
					{ "time": 0.8, "angle": 0 }
				],
				"translate": [
					{ "time": 0, "x": 0, "y": 0, "curve": "stepped" },
					{ "time": 0.8, "x": 0, "y": 0 }
				],
				"scale": [
					{ "time": 0, "x": 1, "y": 1, "curve": "stepped" },
					{ "time": 0.8, "x": 1, "y": 1 }
				]
			},
			"bone": {
				"rotate": [
					{ "time": 0, "angle": 0 },
					{ "time": 0.1333, "angle": 7.48, "curve": "stepped" },
					{ "time": 0.2666, "angle": -2.01, "curve": "stepped" },
					{ "time": 0.4, "angle": 7.48, "curve": "stepped" },
					{ "time": 0.5333, "angle": -2.01, "curve": "stepped" },
					{ "time": 0.6666, "angle": 7.48, "curve": "stepped" },
					{ "time": 0.8, "angle": -2.01 }
				],
				"translate": [
					{ "time": 0, "x": 0, "y": 257.06, "curve": "stepped" },
					{ "time": 0.0666, "x": 0, "y": 257.06, "curve": "stepped" },
					{ "time": 0.1333, "x": 0, "y": 257.06 },
					{ "time": 0.2666, "x": 5.35, "y": 257.06 },
					{ "time": 0.4, "x": 0, "y": 257.06 },
					{ "time": 0.5333, "x": 5.35, "y": 257.06 },
					{ "time": 0.6666, "x": 0, "y": 257.06 },
					{ "time": 0.8, "x": 5.35, "y": 257.06 }
				],
				"scale": [
					{ "time": 0, "x": 1, "y": 1, "curve": "stepped" },
					{ "time": 0.1333, "x": 1, "y": 1 },
					{ "time": 0.2666, "x": 0.892, "y": 0.892 },
					{ "time": 0.4, "x": 1, "y": 1 },
					{ "time": 0.5333, "x": 0.892, "y": 0.892 },
					{ "time": 0.6666, "x": 1, "y": 1 },
					{ "time": 0.8, "x": 0.892, "y": 0.892 }
				]
			},
			"bone3": {
				"rotate": [
					{ "time": 0, "angle": 0, "curve": "stepped" },
					{ "time": 0.1333, "angle": 0, "curve": "stepped" },
					{ "time": 0.8, "angle": 0 }
				],
				"translate": [
					{ "time": 0, "x": 0, "y": 0 },
					{ "time": 0.1333, "x": 17.36, "y": 0.5, "curve": "stepped" },
					{ "time": 0.8, "x": 17.36, "y": 0.5 }
				],
				"scale": [
					{ "time": 0, "x": 1, "y": 1 },
					{ "time": 0.1333, "x": 1.237, "y": 1.237 },
					{ "time": 0.2666, "x": 2.148, "y": 2.148 },
					{ "time": 0.4, "x": 1.237, "y": 1.237 },
					{ "time": 0.5333, "x": 2.148, "y": 2.148 },
					{ "time": 0.6666, "x": 1.237, "y": 1.237 },
					{ "time": 0.8, "x": 2.148, "y": 2.148 }
				]
			},
			"bone4": {
				"rotate": [
					{ "time": 0, "angle": 0, "curve": "stepped" },
					{ "time": 0.1333, "angle": 0, "curve": "stepped" },
					{ "time": 0.8, "angle": 0 }
				],
				"translate": [
					{ "time": 0, "x": 0, "y": 0 },
					{ "time": 0.1333, "x": 10.17, "y": -16.53, "curve": "stepped" },
					{ "time": 0.2666, "x": 10.17, "y": -16.53, "curve": "stepped" },
					{ "time": 0.4, "x": 10.17, "y": -16.53, "curve": "stepped" },
					{ "time": 0.5333, "x": 10.17, "y": -16.53, "curve": "stepped" },
					{ "time": 0.6666, "x": 10.17, "y": -16.53, "curve": "stepped" },
					{ "time": 0.8, "x": 10.17, "y": -16.53 }
				],
				"scale": [
					{ "time": 0, "x": 1, "y": 1 },
					{ "time": 0.1333, "x": 1.415, "y": 1.415 },
					{ "time": 0.2666, "x": 0.728, "y": 0.728 },
					{ "time": 0.4, "x": 1.415, "y": 1.415 },
					{ "time": 0.5333, "x": 0.728, "y": 0.728 },
					{ "time": 0.6666, "x": 1.415, "y": 1.415 },
					{ "time": 0.8, "x": 0.728, "y": 0.728 }
				]
			},
			"bone5": {
				"rotate": [
					{ "time": 0, "angle": 0 },
					{ "time": 0.1333, "angle": -0.6, "curve": "stepped" },
					{ "time": 0.8, "angle": -0.6 }
				],
				"translate": [
					{ "time": 0, "x": 0, "y": 0 },
					{ "time": 0.1333, "x": -0.39, "y": -47.64, "curve": "stepped" },
					{ "time": 0.8, "x": -0.39, "y": -47.64 }
				],
				"scale": [
					{ "time": 0, "x": 1, "y": 1 },
					{ "time": 0.1333, "x": 2.015, "y": 2.015 },
					{ "time": 0.2666, "x": 0.874, "y": 0.874 },
					{ "time": 0.4, "x": 2.015, "y": 2.015 },
					{ "time": 0.5333, "x": 0.874, "y": 0.874 },
					{ "time": 0.6666, "x": 2.015, "y": 2.015 },
					{ "time": 0.8, "x": 0.874, "y": 0.874 }
				]
			},
			"bone6": {
				"rotate": [
					{ "time": 0, "angle": 0, "curve": "stepped" },
					{ "time": 0.1333, "angle": 0, "curve": "stepped" },
					{ "time": 0.8, "angle": 0 }
				],
				"translate": [
					{ "time": 0, "x": 0, "y": 0 },
					{ "time": 0.1333, "x": -34.62, "y": 8.58, "curve": "stepped" },
					{ "time": 0.8, "x": -34.62, "y": 8.58 }
				],
				"scale": [
					{ "time": 0, "x": 1, "y": 1 },
					{ "time": 0.1333, "x": 0.716, "y": 0.716 },
					{ "time": 0.2666, "x": 1.526, "y": 1.526 },
					{ "time": 0.4, "x": 0.716, "y": 0.716 },
					{ "time": 0.5333, "x": 1.526, "y": 1.526 },
					{ "time": 0.6666, "x": 0.716, "y": 0.716 },
					{ "time": 0.8, "x": 1.526, "y": 1.526 }
				]
			},
			"bone2": {
				"rotate": [
					{ "time": 0, "angle": 0 },
					{ "time": 0.0666, "angle": 90 },
					{ "time": 0.1333, "angle": -17.65 },
					{ "time": 0.2333, "angle": 6.21 },
					{ "time": 0.3666, "angle": -16.8 },
					{ "time": 0.5, "angle": 6.21 },
					{ "time": 0.6333, "angle": -16.8 },
					{ "time": 0.7666, "angle": 6.21, "curve": "stepped" },
					{ "time": 0.8, "angle": 6.21 }
				],
				"translate": [
					{ "time": 0, "x": 0, "y": 0, "curve": "stepped" },
					{ "time": 0.1333, "x": 0, "y": 0, "curve": "stepped" },
					{ "time": 0.8, "x": 0, "y": 0 }
				],
				"scale": [
					{ "time": 0, "x": 1, "y": 1, "curve": "stepped" },
					{ "time": 0.1333, "x": 1, "y": 1, "curve": "stepped" },
					{ "time": 0.8, "x": 1, "y": 1 }
				]
			}
		},
		"ffd": {
			"default": {
				"7": {
					"5": [
						{ "time": 0, "curve": "stepped" },
						{ "time": 0.8 }
					]
				}
			}
		},
		"drawOrder": [
			{ "time": 0 },
			{ "time": 0.8 }
		]
	}
}
}