{
"skeleton": { "hash": "RkPvAUGp7P9Y26V9hCBd2O5JRlU", "spine": "2.1.27", "width": 103, "height": 128, "images": "" },
"bones": [
	{ "name": "root" },
	{ "name": "bone", "parent": "root", "length": 37.27, "x": 0.69, "y": 1.88, "rotation": 90 },
	{ "name": "bone11", "parent": "bone", "length": 22.43, "x": 6.11, "y": -37.02, "rotation": 71.97 },
	{ "name": "bone2", "parent": "bone", "length": 57.56, "x": 37.27, "y": 0.21, "rotation": 0.9 },
	{ "name": "bone9", "parent": "bone", "length": 19.39, "x": 8.16, "y": 45.13, "rotation": -77.99 },
	{ "name": "bone10", "parent": "bone9", "length": 17.94, "x": 19.24, "y": 0.1, "rotation": 24.54 },
	{ "name": "bone12", "parent": "bone11", "length": 20.49, "x": 22.88, "y": 0.13, "rotation": -8.5 },
	{ "name": "bone13", "parent": "bone2", "length": 22.91, "x": 44.16, "y": -0.66, "rotation": -58.44 },
	{ "name": "bone14", "parent": "bone2", "length": 23.37, "x": 43.09, "y": 13.39, "rotation": 59.1 },
	{ "name": "bone15", "parent": "bone2", "x": 5.33, "y": 3.34 },
	{ "name": "bone3", "parent": "bone2", "length": 25.73, "x": 57.56, "y": 0.39, "rotation": -2.7 },
	{ "name": "bone4", "parent": "bone2", "length": 19.4, "x": 18.37, "y": 9.72, "rotation": -1.35 },
	{ "name": "bone5", "parent": "bone2", "length": 11.09, "x": 33.75, "y": 4.09, "rotation": -0.45 },
	{ "name": "bone6", "parent": "bone2", "length": 16.97, "x": -0.71, "y": 8.63, "rotation": -180 },
	{ "name": "bone7", "parent": "bone2", "length": 49.59, "x": 39.47, "y": -28.6, "rotation": -178.19 },
	{ "name": "bone8", "parent": "bone2", "length": 39.86, "x": 31.44, "y": 26.95, "rotation": 173.3 }
],
"slots": [
	{ "name": "shenti2", "bone": "bone", "attachment": "shenti" },
	{ "name": "toufa4", "bone": "bone8", "attachment": "toufa2" },
	{ "name": "bone2", "bone": "bone2", "attachment": "tou" },
	{ "name": "zui2", "bone": "bone15", "attachment": "zui1" },
	{ "name": "huzi3", "bone": "bone6", "attachment": "huzi1" },
	{ "name": "toufa3", "bone": "bone7", "attachment": "toufa1" },
	{ "name": "touguan2", "bone": "bone3", "attachment": "touguan" },
	{ "name": "huzi2", "bone": "bone4", "attachment": "huzi" },
	{ "name": "bone4", "bone": "bone4", "attachment": "bizi" },
	{ "name": "bizi2", "bone": "bone2" },
	{ "name": "yanjing2", "bone": "bone5", "attachment": "yanjing1" },
	{ "name": "meimao2", "bone": "bone14", "attachment": "meimao" },
	{ "name": "wan3", "bone": "bone9", "attachment": "wan2" },
	{ "name": "shou3", "bone": "bone10", "attachment": "shou2" },
	{ "name": "wan4", "bone": "bone11", "attachment": "wan1" },
	{ "name": "shou4", "bone": "bone12", "attachment": "shou1" }
],
"skins": {
	"default": {
		"bone2": {
			"tou": {
				"type": "mesh",
				"uvs": [ 0.8627, 0.0466, 1, 0.09403, 1, 0.87041, 0.87642, 0.93242, 0.74179, 1, 0.46816, 1, 0.21047, 1, 0.1144, 0.94161, 0, 0.87208, 0, 0.13097, 0.1105, 0.06289, 0.2126, 0, 0.45964, 0, 0.72779, 0 ],
				"triangles": [ 0, 1, 2, 7, 8, 9, 3, 0, 2, 10, 6, 7, 7, 9, 10, 6, 11, 12, 11, 6, 10, 13, 5, 12, 3, 13, 0, 12, 5, 6, 5, 13, 4, 3, 4, 13 ],
				"vertices": [ 54.12, -21.54, 51.02, -28.9, 2.10999, -28.12, -1.68, -21.39, -5.82, -14.05, -5.58, 0.71, -5.36, 14.63, -1.6, 19.75, 2.87, 25.86, 49.55, 25.12, 53.74, 19.08, 57.62, 13.51, 57.4, 0.17, 57.17, -14.3 ],
				"hull": 14,
				"edges": [ 24, 10, 10, 12, 22, 24, 12, 22, 16, 18, 8, 10, 24, 26, 8, 26, 4, 2, 12, 14, 14, 16, 18, 20, 20, 22, 14, 20, 4, 6, 6, 8, 2, 0, 0, 26, 6, 0 ],
				"width": 54,
				"height": 63
			}
		},
		"bone4": {
			"bizi": { "x": 3.18, "y": -0.58, "rotation": -89.54, "width": 19, "height": 14 }
		},
		"huzi2": {
			"huzi": {
				"type": "mesh",
				"uvs": [ 1, 0.30699, 1, 0.7202, 0.91216, 1, 0.67291, 1, 0.4461, 0.78056, 0.29812, 1, 0.12036, 1, 0, 0.67377, 0, 0.3302, 0.08026, 0, 0.17292, 0, 0.30841, 0.08918, 0.44886, 0.18163, 0.69088, 0, 0.91493, 0 ],
				"triangles": [ 7, 8, 4, 8, 9, 10, 10, 11, 8, 12, 8, 11, 13, 14, 0, 12, 4, 8, 0, 12, 13, 0, 4, 12, 1, 4, 0, 5, 6, 7, 4, 5, 7, 3, 4, 1, 2, 3, 1 ],
				"vertices": [ 3.09, -26.08, -2.69, -26.13, -6.64, -22.03, -6.73, -10.79, -3.74, -0.1, -6.87, 6.82, -6.93, 15.17, -2.41, 20.86, 2.39, 20.9, 7.04, 17.17, 7.08, 12.81, 5.88, 6.43, 4.64, -0.17, 7.27, -11.52, 7.35, -22.05 ],
				"hull": 15,
				"edges": [ 10, 8, 8, 24, 24, 26, 8, 6, 4, 6, 2, 4, 2, 0, 26, 28, 0, 28, 10, 12, 14, 12, 18, 20, 14, 16, 18, 16, 20, 22, 22, 24 ],
				"width": 47,
				"height": 14
			}
		},
		"huzi3": {
			"huzi1": { "x": 6.24, "y": -0.38, "rotation": 89.09, "width": 40, "height": 19 }
		},
		"meimao2": {
			"meimao": {
				"type": "skinnedmesh",
				"uvs": [ 1, 1, 0.54623, 1, 0.41223, 1, 0, 1, 0, 0, 0.39134, 0, 0.55424, 0, 1, 0 ],
				"triangles": [ 3, 5, 2, 2, 5, 6, 3, 4, 5, 1, 6, 0, 6, 7, 0, 1, 2, 6 ],
				"vertices": [ 1, 7, 14.65, -12.6, 1, 1, 7, -4.87, -0.18, 1, 1, 8, -3.5, -0.31, 1, 1, 8, 14.69, 10.2, 1, 1, 8, 23.2, -4.51, 1, 1, 8, 5.92, -14.5, 1, 1, 7, 4.59, 13.93, 1, 1, 7, 23.77, 1.74, 1 ],
				"hull": 8,
				"edges": [ 6, 8, 0, 14, 8, 10, 4, 6, 10, 4, 0, 2, 2, 4, 10, 12, 12, 14, 2, 12 ],
				"width": 51,
				"height": 17
			}
		},
		"shenti2": {
			"shenti": {
				"type": "mesh",
				"uvs": [ 1, 1, 0.86167, 1, 0.70431, 1, 0.46422, 1, 0.23874, 1, 0.11058, 1, 0, 1, 0, 0, 0.11869, 0, 0.24198, 0, 0.46585, 0, 0.68971, 0, 0.84545, 0, 1, 0 ],
				"triangles": [ 5, 6, 7, 8, 5, 7, 4, 8, 9, 5, 8, 4, 3, 9, 10, 4, 9, 3, 2, 11, 12, 3, 10, 11, 2, 3, 11, 1, 12, 13, 2, 12, 1, 1, 13, 0 ],
				"vertices": [ -4.32, -50.87, -4.32, -38.41999, -4.32, -24.26, -4.32, -2.65, -4.32, 17.64, -4.32, 29.17, -4.32, 39.12, 41.66999, 39.12, 41.66999, 28.44, 41.66999, 17.34, 41.66999, -2.79, 41.66999, -22.94, 41.66999, -36.96, 41.66999, -50.87 ],
				"hull": 14,
				"edges": [ 12, 14, 0, 26, 22, 4, 18, 8, 18, 20, 20, 22, 4, 6, 6, 8, 20, 6, 0, 2, 2, 4, 22, 24, 24, 26, 2, 24, 8, 10, 10, 12, 14, 16, 16, 18, 10, 16 ],
				"width": 90,
				"height": 46
			}
		},
		"shou3": {
			"shou2": { "x": 10.11, "y": -0.14, "rotation": -36.54, "width": 26, "height": 31 }
		},
		"shou4": {
			"shou1": { "x": 11.09, "y": -0.17, "rotation": -153.46, "width": 29, "height": 31 }
		},
		"toufa3": {
			"toufa1": {
				"type": "skinnedmesh",
				"uvs": [ 0.57158, 0.09637, 0.59879, 0.22158, 0.77305, 0.40703, 0.95882, 0.54577, 0.92073, 0.72383, 0.93554, 0.87287, 0.68792, 0.97311, 0.29215, 1, 0.07378, 0.92484, 0.04838, 0.78239, 0.18595, 0.71776, 0.31966, 0.70536, 0.2604, 0.56819, 0.26812, 0.4173, 0.29426, 0.23137, 0.25868, 0.10876, 0.13539, 0, 0.33914, 0, 0.48251, 0, 0.62009, 0.71459, 0.6241, 0.55652, 0.53087, 0.41196, 0.4523, 0.22629, 0.40014, 0.10316 ],
				"triangles": [ 23, 17, 18, 15, 16, 17, 23, 18, 0, 15, 17, 23, 22, 23, 0, 14, 15, 23, 22, 0, 1, 14, 23, 22, 21, 22, 1, 21, 1, 2, 13, 14, 22, 13, 22, 21, 20, 21, 2, 20, 2, 3, 12, 13, 21, 12, 21, 20, 11, 12, 20, 19, 11, 20, 4, 20, 3, 19, 20, 4, 8, 9, 10, 6, 19, 4, 6, 4, 5, 7, 10, 11, 8, 10, 7, 7, 11, 19, 7, 19, 6 ],
				"vertices": [ 2, 14, -8.59, 5.11, 0.18, 3, 48.22, -33.43999, 0.82, 2, 14, 0.09, 5.87, 0.47, 3, 39.56, -34.47, 0.52999, 2, 14, 13.22, 12.75, 0.8, 3, 26.65, -41.75999, 0.2, 1, 14, 23.17, 20.27, 1, 1, 14, 35.36, 18.04999, 1, 1, 14, 45.66, 18.2, 1, 1, 14, 52.07, 7.24, 1, 1, 14, 53.11, -9.84, 1, 1, 14, 47.49, -18.96999, 1, 1, 14, 37.62, -19.6, 1, 1, 14, 33.45, -13.48, 1, 1, 14, 32.86, -7.69, 1, 1, 14, 23.29, -9.79, 1, 2, 14, 12.9, -8.96, 0.8, 3, 26.29, -20.04, 0.2, 2, 14, 0.14, -7.23, 0.47, 3, 39.09, -21.36, 0.52999, 2, 14, -8.37, -8.35999, 0.18, 3, 47.58, -19.96999, 0.82, 1, 3, 55.17, -14.79, 1, 1, 3, 55.03, -23.55, 1, 1, 3, 54.93, -29.71, 1, 1, 14, 34.11, 5.17, 1, 1, 14, 23.22, 5.86, 1, 2, 14, 13.07, 2.33, 0.8, 3, 26.47, -31.34, 0.2, 2, 14, 0.11, -0.43, 0.47, 3, 39.34, -28.16, 0.52999, 2, 14, -8.47, -2.27, 0.18, 3, 47.87, -26.06, 0.82 ],
				"hull": 19,
				"edges": [ 28, 30, 0, 2, 0, 36, 30, 32, 26, 28, 2, 4, 4, 6, 24, 26, 24, 22, 8, 6, 8, 10, 10, 12, 12, 14, 14, 16, 16, 18, 18, 20, 20, 22, 8, 38, 38, 22, 14, 38, 6, 40, 40, 24, 38, 40, 4, 42, 42, 26, 40, 42, 2, 44, 44, 28, 42, 44, 0, 46, 46, 30, 44, 46, 32, 34, 34, 36, 46, 34 ],
				"width": 43,
				"height": 69
			}
		},
		"toufa4": {
			"toufa2": {
				"type": "skinnedmesh",
				"uvs": [ 1, 0.08101, 0.86999, 0.21582, 0.86999, 0.30106, 0.86999, 0.45523, 0.78156, 0.64457, 1, 0.74511, 1, 0.81381, 0.79867, 1, 0.44148, 1, 0.22143, 1, 0, 0.88587, 0.08032, 0.63284, 0.43702, 0.45988, 0.54082, 0.30763, 0.64164, 0.16585, 0.83009, 0.07645, 0.92337, 0.0322, 0.40829, 0.63833, 0.62253, 0.45788, 0.68898, 0.30467, 0.76476, 0.19279 ],
				"triangles": [ 13, 14, 19, 19, 20, 2, 19, 14, 20, 2, 20, 1, 20, 15, 1, 20, 14, 15, 1, 16, 0, 1, 15, 16, 12, 13, 18, 18, 19, 3, 18, 13, 19, 3, 19, 2, 8, 4, 7, 7, 4, 6, 9, 17, 8, 8, 17, 4, 10, 11, 9, 9, 11, 17, 4, 5, 6, 17, 18, 4, 4, 18, 3, 17, 12, 18, 17, 11, 12 ],
				"vertices": [ 1, 3, 59.66, 15.96, 1, 1, 3, 49.75, 19.89, 1, 2, 15, -12.72, 5.51, 0.22, 3, 43.44, 19.99, 0.78, 2, 15, -1.37, 6.66, 0.51, 3, 32.03, 20.17, 0.49, 2, 15, 12.82, 5.52, 0.86, 3, 18.06, 22.95, 0.14, 1, 15, 19.58, 12.57, 1, 1, 15, 24.64, 13.09, 1, 1, 15, 38.93, 8.67, 1, 1, 15, 39.98, -1.63, 1, 1, 15, 40.62, -7.98, 1, 1, 15, 32.87, -15.22, 1, 2, 15, 14.01, -14.79, 0.86, 3, 19.26, 43.27, 0.14, 2, 15, 0.23, -5.79, 0.51, 3, 31.89, 32.73, 0.49, 2, 15, -11.27, -3.93, 0.22, 3, 43.1, 29.54, 0.78, 1, 3, 53.55, 26.45, 1, 1, 3, 60.08, 20.87999, 1, 1, 3, 63.31, 18.12, 1, 2, 15, 13.45, -5.29, 0.86, 3, 18.7, 33.77, 0.14, 2, 15, -0.45, -0.45, 0.51, 3, 31.95, 27.35, 0.49, 2, 15, -11.93, 0.31, 0.22, 3, 43.26, 25.24, 0.78, 1, 3, 51.5, 22.91, 1 ],
				"hull": 17,
				"edges": [ 24, 26, 26, 28, 32, 0, 0, 2, 6, 8, 8, 10, 10, 12, 12, 14, 18, 20, 20, 22, 22, 24, 6, 4, 4, 2, 14, 16, 16, 18, 8, 34, 34, 22, 16, 34, 6, 36, 36, 24, 34, 36, 4, 38, 38, 26, 36, 38, 2, 40, 40, 28, 38, 40, 28, 30, 30, 32, 40, 30 ],
				"width": 29,
				"height": 74
			}
		},
		"touguan2": {
			"touguan": {
				"type": "mesh",
				"uvs": [ 1, 1, 0.83812, 1, 0.47645, 1, 0.16741, 1, 0, 1, 0, 0, 0.16471, 0, 0.4724, 0, 0.83137, 0, 1, 0 ],
				"triangles": [ 4, 5, 6, 3, 6, 7, 4, 6, 3, 2, 7, 8, 3, 7, 2, 1, 8, 9, 2, 8, 1, 1, 9, 0 ],
				"vertices": [ -10.77, -43.76, -11.18, -30.65, -12.11, -1.37, -12.9, 23.64, -13.33, 37.18999, 25.64, 38.43, 26.06, 25.09, 26.85, 0.18, 27.77, -28.87, 28.2, -42.52 ],
				"hull": 10,
				"edges": [ 8, 10, 0, 18, 14, 4, 10, 12, 12, 14, 4, 6, 6, 8, 12, 6, 0, 2, 2, 4, 14, 16, 16, 18, 2, 16 ],
				"width": 81,
				"height": 39
			}
		},
		"wan3": {
			"wan2": { "x": 11.57, "y": -0.91, "rotation": -12, "width": 37, "height": 32 }
		},
		"wan4": {
			"wan1": { "x": 13.6, "y": 0.67, "rotation": -161.97, "width": 38, "height": 32 }
		},
		"yanjing2": {
			"yanjing1": { "x": 0.71, "y": -0.22, "rotation": -90.44, "width": 35, "height": 6 }
		},
		"zui2": {
			"zui1": { "x": 1.62, "y": 0.45, "rotation": -90.9, "width": 16, "height": 7 }
		}
	}
},
"animations": {
	"animation": {
		"slots": {
			"bizi2": {
				"attachment": [
					{ "time": 0, "name": null },
					{ "time": 0.6666, "name": null }
				]
			},
			"bone2": {
				"attachment": [
					{ "time": 0, "name": "tou" },
					{ "time": 0.6666, "name": "tou" }
				]
			},
			"bone4": {
				"attachment": [
					{ "time": 0, "name": "bizi" },
					{ "time": 0.6666, "name": "bizi" }
				]
			},
			"huzi2": {
				"attachment": [
					{ "time": 0, "name": "huzi" },
					{ "time": 0.6666, "name": "huzi" }
				]
			},
			"huzi3": {
				"attachment": [
					{ "time": 0, "name": "huzi1" },
					{ "time": 0.6666, "name": "huzi1" }
				]
			},
			"meimao2": {
				"attachment": [
					{ "time": 0, "name": "meimao" },
					{ "time": 0.6666, "name": "meimao" }
				]
			},
			"shenti2": {
				"attachment": [
					{ "time": 0, "name": "shenti" },
					{ "time": 0.6666, "name": "shenti" }
				]
			},
			"shou3": {
				"attachment": [
					{ "time": 0, "name": "shou2" },
					{ "time": 0.6666, "name": "shou2" }
				]
			},
			"shou4": {
				"attachment": [
					{ "time": 0, "name": "shou1" },
					{ "time": 0.6666, "name": "shou1" }
				]
			},
			"toufa3": {
				"attachment": [
					{ "time": 0, "name": "toufa1" },
					{ "time": 0.6666, "name": "toufa1" }
				]
			},
			"toufa4": {
				"attachment": [
					{ "time": 0, "name": "toufa2" },
					{ "time": 0.6666, "name": "toufa2" }
				]
			},
			"touguan2": {
				"attachment": [
					{ "time": 0, "name": "touguan" },
					{ "time": 0.6666, "name": "touguan" }
				]
			},
			"wan3": {
				"attachment": [
					{ "time": 0, "name": "wan2" },
					{ "time": 0.6666, "name": "wan2" }
				]
			},
			"wan4": {
				"attachment": [
					{ "time": 0, "name": "wan1" },
					{ "time": 0.6666, "name": "wan1" }
				]
			},
			"yanjing2": {
				"attachment": [
					{ "time": 0, "name": "yanjing1" },
					{ "time": 0.6666, "name": "yanjing1" }
				]
			},
			"zui2": {
				"attachment": [
					{ "time": 0, "name": "zui1" },
					{ "time": 0.6666, "name": "zui1" }
				]
			}
		},
		"bones": {
			"root": {
				"rotate": [
					{ "time": 0, "angle": 0, "curve": "stepped" },
					{ "time": 0.6666, "angle": 0 }
				],
				"translate": [
					{ "time": 0, "x": 0, "y": 0, "curve": "stepped" },
					{ "time": 0.6666, "x": 0, "y": 0 }
				],
				"scale": [
					{ "time": 0, "x": 1, "y": 1, "curve": "stepped" },
					{ "time": 0.6666, "x": 1, "y": 1 }
				]
			},
			"bone": {
				"rotate": [
					{ "time": 0, "angle": 0, "curve": "stepped" },
					{ "time": 0.6666, "angle": 0 }
				],
				"translate": [
					{ "time": 0, "x": 0, "y": 0, "curve": "stepped" },
					{ "time": 0.6666, "x": 0, "y": 0 }
				],
				"scale": [
					{ "time": 0, "x": 1, "y": 1, "curve": "stepped" },
					{ "time": 0.6666, "x": 1, "y": 1 }
				],
				"flipX": [
					{ "time": 0.3333, "x": true }
				]
			},
			"bone11": {
				"rotate": [
					{ "time": 0, "angle": 0, "curve": "stepped" },
					{ "time": 0.1333, "angle": 0, "curve": "stepped" },
					{ "time": 0.3333, "angle": 0, "curve": "stepped" },
					{ "time": 0.4666, "angle": 0, "curve": "stepped" },
					{ "time": 0.6666, "angle": 0 }
				],
				"translate": [
					{ "time": 0, "x": 0, "y": 0 },
					{ "time": 0.1333, "x": 0, "y": 0.23 },
					{ "time": 0.3, "x": 0, "y": -10.24 },
					{ "time": 0.3333, "x": 0, "y": -4.3 },
					{ "time": 0.4666, "x": 0, "y": 4.59 },
					{ "time": 0.6666, "x": 0, "y": 1.32 }
				],
				"scale": [
					{ "time": 0, "x": 1, "y": 1, "curve": "stepped" },
					{ "time": 0.1333, "x": 1, "y": 1, "curve": "stepped" },
					{ "time": 0.3333, "x": 1, "y": 1, "curve": "stepped" },
					{ "time": 0.4666, "x": 1, "y": 1, "curve": "stepped" },
					{ "time": 0.6666, "x": 1, "y": 1 }
				]
			},
			"bone2": {
				"rotate": [
					{ "time": 0, "angle": 0 },
					{ "time": 0.3, "angle": 3.93 },
					{ "time": 0.3333, "angle": 1.79 },
					{ "time": 0.6666, "angle": 0 }
				],
				"translate": [
					{ "time": 0, "x": 0, "y": 0 },
					{ "time": 0.3, "x": -0.79, "y": -2.59 },
					{ "time": 0.6666, "x": 0, "y": 0 }
				],
				"scale": [
					{ "time": 0, "x": 1, "y": 1, "curve": "stepped" },
					{ "time": 0.6666, "x": 1, "y": 1 }
				]
			},
			"bone9": {
				"rotate": [
					{ "time": 0, "angle": 0, "curve": "stepped" },
					{ "time": 0.1333, "angle": 0, "curve": "stepped" },
					{ "time": 0.3333, "angle": 0, "curve": "stepped" },
					{ "time": 0.4666, "angle": 0, "curve": "stepped" },
					{ "time": 0.6666, "angle": 0 }
				],
				"translate": [
					{ "time": 0, "x": 0, "y": 0 },
					{ "time": 0.1333, "x": 0, "y": -10.23 },
					{ "time": 0.3, "x": 0, "y": -11.99 },
					{ "time": 0.3333, "x": 0, "y": -4.3 },
					{ "time": 0.4666, "x": 0, "y": -5.87 },
					{ "time": 0.6666, "x": 0, "y": 1.32 }
				],
				"scale": [
					{ "time": 0, "x": 1, "y": 1, "curve": "stepped" },
					{ "time": 0.1333, "x": 1, "y": 1, "curve": "stepped" },
					{ "time": 0.3333, "x": 1, "y": 1, "curve": "stepped" },
					{ "time": 0.4666, "x": 1, "y": 1, "curve": "stepped" },
					{ "time": 0.6666, "x": 1, "y": 1 }
				]
			},
			"bone10": {
				"rotate": [
					{ "time": 0, "angle": 0 },
					{ "time": 0.1333, "angle": 18.81 },
					{ "time": 0.3333, "angle": 0 },
					{ "time": 0.4666, "angle": 18.81 },
					{ "time": 0.6666, "angle": 0 }
				],
				"translate": [
					{ "time": 0, "x": 0, "y": 0, "curve": "stepped" },
					{ "time": 0.1333, "x": 0, "y": 0, "curve": "stepped" },
					{ "time": 0.3333, "x": 0, "y": 0, "curve": "stepped" },
					{ "time": 0.4666, "x": 0, "y": 0, "curve": "stepped" },
					{ "time": 0.6666, "x": 0, "y": 0 }
				],
				"scale": [
					{ "time": 0, "x": 1, "y": 1, "curve": "stepped" },
					{ "time": 0.1333, "x": 1, "y": 1, "curve": "stepped" },
					{ "time": 0.3333, "x": 1, "y": 1, "curve": "stepped" },
					{ "time": 0.4666, "x": 1, "y": 1, "curve": "stepped" },
					{ "time": 0.6666, "x": 1, "y": 1 }
				]
			},
			"bone12": {
				"rotate": [
					{ "time": 0, "angle": 0 },
					{ "time": 0.1333, "angle": -18 },
					{ "time": 0.3333, "angle": 0 },
					{ "time": 0.4666, "angle": -18 },
					{ "time": 0.6666, "angle": 0 }
				],
				"translate": [
					{ "time": 0, "x": 0, "y": 0, "curve": "stepped" },
					{ "time": 0.1333, "x": 0, "y": 0, "curve": "stepped" },
					{ "time": 0.3333, "x": 0, "y": 0, "curve": "stepped" },
					{ "time": 0.4666, "x": 0, "y": 0, "curve": "stepped" },
					{ "time": 0.6666, "x": 0, "y": 0 }
				],
				"scale": [
					{ "time": 0, "x": 1, "y": 1, "curve": "stepped" },
					{ "time": 0.1333, "x": 1, "y": 1, "curve": "stepped" },
					{ "time": 0.3333, "x": 1, "y": 1, "curve": "stepped" },
					{ "time": 0.4666, "x": 1, "y": 1, "curve": "stepped" },
					{ "time": 0.6666, "x": 1, "y": 1 }
				]
			},
			"bone13": {
				"rotate": [
					{ "time": 0, "angle": 0 },
					{ "time": 0.3, "angle": -7.17 },
					{ "time": 0.6666, "angle": 0 }
				],
				"translate": [
					{ "time": 0, "x": 0, "y": 0 },
					{ "time": 0.3, "x": 0.49, "y": -8.64 },
					{ "time": 0.6666, "x": 0, "y": 0 }
				],
				"scale": [
					{ "time": 0, "x": 1, "y": 1, "curve": "stepped" },
					{ "time": 0.6666, "x": 1, "y": 1 }
				]
			},
			"bone14": {
				"rotate": [
					{ "time": 0, "angle": 0 },
					{ "time": 0.3, "angle": -3.94 },
					{ "time": 0.6666, "angle": 0 }
				],
				"translate": [
					{ "time": 0, "x": 0, "y": 0 },
					{ "time": 0.3, "x": 2.46, "y": -7.16 },
					{ "time": 0.6666, "x": 0, "y": 0 }
				],
				"scale": [
					{ "time": 0, "x": 1, "y": 1, "curve": "stepped" },
					{ "time": 0.6666, "x": 1, "y": 1 }
				]
			},
			"bone15": {
				"rotate": [
					{ "time": 0, "angle": 0 },
					{ "time": 0.3, "angle": -3 },
					{ "time": 0.3333, "angle": -14.01 },
					{ "time": 0.6666, "angle": 0 }
				],
				"translate": [
					{ "time": 0, "x": 0, "y": 0 },
					{ "time": 0.3, "x": -2.03, "y": -7.34 },
					{ "time": 0.3333, "x": -3, "y": -0.48 },
					{ "time": 0.6666, "x": 0, "y": 0 }
				],
				"scale": [
					{ "time": 0, "x": 1, "y": 1, "curve": "stepped" },
					{ "time": 0.6666, "x": 1, "y": 1 }
				]
			},
			"bone3": {
				"rotate": [
					{ "time": 0, "angle": 0 },
					{ "time": 0.3, "angle": -1.82 },
					{ "time": 0.3333, "angle": -3.42 },
					{ "time": 0.6666, "angle": 0 }
				],
				"translate": [
					{ "time": 0, "x": 0, "y": 0, "curve": "stepped" },
					{ "time": 0.6666, "x": 0, "y": 0 }
				],
				"scale": [
					{ "time": 0, "x": 1, "y": 1, "curve": "stepped" },
					{ "time": 0.6666, "x": 1, "y": 1 }
				]
			},
			"bone4": {
				"rotate": [
					{ "time": 0, "angle": 0, "curve": "stepped" },
					{ "time": 0.6666, "angle": 0 }
				],
				"translate": [
					{ "time": 0, "x": 0, "y": 0 },
					{ "time": 0.3, "x": -0.59, "y": -7.07 },
					{ "time": 0.3333, "x": -0.53, "y": -6.14 },
					{ "time": 0.6666, "x": 0, "y": 0 }
				],
				"scale": [
					{ "time": 0, "x": 1, "y": 1, "curve": "stepped" },
					{ "time": 0.6666, "x": 1, "y": 1 }
				]
			},
			"bone5": {
				"rotate": [
					{ "time": 0, "angle": 0 },
					{ "time": 0.3, "angle": -2.5 },
					{ "time": 0.3333, "angle": -5.42 },
					{ "time": 0.6666, "angle": 0 }
				],
				"translate": [
					{ "time": 0, "x": 0, "y": 0 },
					{ "time": 0.3, "x": 0.86, "y": -5.76 },
					{ "time": 0.3333, "x": 1.16, "y": -1.74 },
					{ "time": 0.6666, "x": 0, "y": 0 }
				],
				"scale": [
					{ "time": 0, "x": 1, "y": 1, "curve": "stepped" },
					{ "time": 0.6666, "x": 1, "y": 1 }
				]
			},
			"bone6": {
				"rotate": [
					{ "time": 0, "angle": 0, "curve": "stepped" },
					{ "time": 0.6666, "angle": 0 }
				],
				"translate": [
					{ "time": 0, "x": 0, "y": 0 },
					{ "time": 0.3, "x": -1.06, "y": -9.52 },
					{ "time": 0.3333, "x": -0.8, "y": -5.03 },
					{ "time": 0.6666, "x": 0, "y": 0 }
				],
				"scale": [
					{ "time": 0, "x": 1, "y": 1, "curve": "stepped" },
					{ "time": 0.6666, "x": 1, "y": 1 }
				]
			},
			"bone7": {
				"rotate": [
					{ "time": 0, "angle": 0, "curve": "stepped" },
					{ "time": 0.6666, "angle": 0 }
				],
				"translate": [
					{ "time": 0, "x": 0, "y": 0, "curve": "stepped" },
					{ "time": 0.6666, "x": 0, "y": 0 }
				],
				"scale": [
					{ "time": 0, "x": 1, "y": 1 },
					{ "time": 0.3, "x": 1, "y": 0.618 },
					{ "time": 0.6666, "x": 1, "y": 1 }
				]
			},
			"bone8": {
				"rotate": [
					{ "time": 0, "angle": 0, "curve": "stepped" },
					{ "time": 0.6666, "angle": 0 }
				],
				"translate": [
					{ "time": 0, "x": 0, "y": 0, "curve": "stepped" },
					{ "time": 0.6666, "x": 0, "y": 0 }
				],
				"scale": [
					{ "time": 0, "x": 1, "y": 0.918 },
					{ "time": 0.3, "x": 1, "y": 1.327 },
					{ "time": 0.6666, "x": 1, "y": 0.918 }
				]
			}
		},
		"ffd": {
			"default": {
				"bone2": {
					"tou": [
						{ "time": 0 },
						{
							"time": 0.3,
							"vertices": [ -0.27944, -3.62723, 0, 0, 0, 0, -0.27944, -3.62723, -0.52599, -6.82775, -1.05199, -13.65551, -1.2492, -16.21593, -0.91223, -4.78602, -3.82393, 1.93044, 6.0941, 3.26953, 4.46558, -13.8469, 3.80865, -16.64465, -1.05199, -13.65551, -0.52599, -6.82775 ]
						},
						{
							"time": 0.3333,
							"vertices": [ 0.06491, -5.14673, 0, 0, 0, 0, 0.06491, -5.14673, 0.29334, -8.20286, 0.8008, -16.65616, 0.55033, -16.87027, -1.51823, -13.4365, -0.47896, 2.84195, 6.1522, 3.95939, 4.507, -11.10316, 3.10552, -17.07008, 0.8008, -16.65616, 0.29334, -8.20286 ]
						},
						{ "time": 0.6666 }
					]
				},
				"huzi2": {
					"huzi": [
						{ "time": 0, "curve": "stepped" },
						{ "time": 0.6666 }
					]
				},
				"meimao2": {
					"meimao": [
						{ "time": 0, "curve": "stepped" },
						{ "time": 0.6666 }
					]
				},
				"shenti2": {
					"shenti": [
						{ "time": 0 },
						{
							"time": 0.3,
							"offset": 3,
							"vertices": [ -5.96379, 0, -9.01503, 0, -13.03713, 0, -12.75974, 0, -8.73765, 0, 0, 0, 0, 0, -8.73765, 0, -12.75974, 0, -13.03713, -3.83799, -8.61104, -6.66598, -6.5698, -7.47398, -1.212 ],
							"curve": "stepped"
						},
						{
							"time": 0.3333,
							"offset": 3,
							"vertices": [ -5.42999, 0, -8.68798, 0, -11.58397, 0, -17.73797, 0, -9.41198, 0, 0, 0, 0, 5.42999, -2.896, 2.35298, -18.09996, 0, -11.58397, 0.72399, -9.04999, 0, -5.42999 ]
						},
						{ "time": 0.6666 }
					]
				},
				"toufa3": {
					"toufa1": [
						{ "time": 0, "curve": "stepped" },
						{ "time": 0.6666 }
					]
				},
				"toufa4": {
					"toufa2": [
						{ "time": 0, "curve": "stepped" },
						{ "time": 0.6666 }
					]
				},
				"touguan2": {
					"touguan": [
						{ "time": 0, "curve": "stepped" },
						{ "time": 0.6666 }
					]
				}
			}
		},
		"drawOrder": [
			{ "time": 0 },
			{ "time": 0.6666 }
		]
	}
}
}