<skeleton name="kite_sign" frameRate="24" version="2.2">
 <armatures>
  <armature name="kuang">
   <b name="k1" x="-9.25" y="-7.15" kX="0" kY="0" cX="1" cY="1" pX="-0.05" pY="0" z="0">
    <d name="k1" pX="36.05" pY="73.95"/>
    <d name="Empty" pX="0" pY="0"/>
   </b>
  </armature>
 </armatures>
 <animations>
  <animation name="kuang">
   <mov name="kuang " dr="16" to="6" drTW="16" lp="1" twE="NaN">
    <b name="k1" sc="1" dl="0">
     <f x="-9.25" y="-7.15" cocos2d_x="-9.2" cocos2d_y="-7.15" kX="0" kY="0" cX="1" cY="1" pX="-0.05" pY="0" z="0" dI="0" dr="8"/>
     <f x="-9.25" y="-7.15" cocos2d_x="-9.2" cocos2d_y="-7.15" kX="0" kY="0" cX="1" cY="1" pX="-0.05" pY="0" z="0" dI="1" dr="8"/>
    </b>
   </mov>
  </animation>
 </animations>
 <TextureAtlas name="kite_sign" width="128" height="256">
  <SubTexture name="Empty" width="16" height="16" cocos2d_pX="0" cocos2d_pY="0" x="75" y="0"/>
  <SubTexture name="k1" width="73" height="148" cocos2d_pX="34.05" cocos2d_pY="71.95" x="0" y="0"/>
 </TextureAtlas>
</skeleton>