{
"skeleton": { "hash": "kc/DSRzq9CSnZ37KAInWq3XXgnI", "spine": "2.1.27", "width": 97.99, "height": 124.89, "images": "" },
"bones": [
	{ "name": "root" },
	{ "name": "bone", "parent": "root", "length": 40.09, "x": -0.32, "y": -0.13, "rotation": 89.54 },
	{ "name": "bone16", "parent": "bone", "length": 21.99, "x": 13.09, "y": 39.26, "rotation": -40.89 },
	{ "name": "bone2", "parent": "bone", "length": 56.81, "x": 39.4, "y": -0.37 },
	{ "name": "bone10", "parent": "bone2", "length": 10.34, "x": 23.02, "y": 15.18, "rotation": 105.4 },
	{ "name": "bone11", "parent": "bone2", "length": 16.11, "x": 24.21, "y": 1.69, "rotation": -98.06 },
	{ "name": "bone12", "parent": "bone2", "length": 13.55, "x": -3.94, "y": 10.92, "rotation": 125.62 },
	{ "name": "bone13", "parent": "bone2", "length": 15.94, "x": -3.62, "y": 5.52, "rotation": -117.81 },
	{ "name": "bone14", "parent": "bone2", "length": 15.64, "x": 49.5, "y": 12.96, "rotation": 69.29 },
	{ "name": "bone15", "parent": "bone2", "length": 15.81, "x": 50.97, "y": -1.87, "rotation": -62.18 },
	{ "name": "bone17", "parent": "bone16", "length": 33.43, "x": 21.99, "y": -0.06, "rotation": -1.35 },
	{ "name": "bone18", "parent": "bone2", "length": 6.55, "x": 35.56, "y": 14.6 },
	{ "name": "bone19", "parent": "bone2", "length": 6.73, "x": 35.3, "y": -8.23 },
	{ "name": "bone3", "parent": "bone2", "length": 27.72, "x": 56.8, "y": 0.67, "rotation": -0.9 },
	{ "name": "bone4", "parent": "bone2", "length": 17.02, "x": 32.8, "y": 26.46, "rotation": 167.99 },
	{ "name": "bone7", "parent": "bone2", "length": 20.15, "x": 33.98, "y": -29.08, "rotation": -166.28 },
	{ "name": "bone5", "parent": "bone4", "length": 13.44, "x": 17.02, "y": -0.05, "rotation": 6.73 },
	{ "name": "bone8", "parent": "bone7", "length": 14.61, "x": 19.24, "y": 0.1, "rotation": -24.91 },
	{ "name": "bone6", "parent": "bone5", "length": 10.91, "x": 13.72, "y": -0.12, "rotation": 26.74 },
	{ "name": "bone9", "parent": "bone8", "length": 12.36, "x": 14.61, "y": -0.02, "rotation": -19.91 }
],
"slots": [
	{ "name": "shenti2", "bone": "bone", "attachment": "shenti" },
	{ "name": "toufahou2", "bone": "bone4", "attachment": "toufahou" },
	{ "name": "tou2", "bone": "bone2", "attachment": "tou" },
	{ "name": "bone4", "bone": "bone2", "attachment": "saihong" },
	{ "name": "bone3", "bone": "bone2", "attachment": "zui" },
	{ "name": "huzixia2", "bone": "bone12", "attachment": "huzixia" },
	{ "name": "toufaqian2", "bone": "bone7", "attachment": "toufaqian" },
	{ "name": "touguan2", "bone": "bone3", "attachment": "touguan" },
	{ "name": "huzi2", "bone": "bone10", "attachment": "huzi" },
	{ "name": "bone2", "bone": "bone2", "attachment": "bizi" },
	{ "name": "yanjing2", "bone": "bone18", "attachment": "yanjing" },
	{ "name": "meimao2", "bone": "bone14", "attachment": "meimao" },
	{ "name": "shouwan2", "bone": "bone16", "attachment": "shouwan" },
	{ "name": "shou2", "bone": "bone17", "attachment": "shou" }
],
"skins": {
	"default": {
		"bone2": {
			"bizi": { "x": 26.25, "y": 7.88, "rotation": -89.54, "width": 18, "height": 15 }
		},
		"bone3": {
			"zui": {
				"type": "mesh",
				"uvs": [ 1, 0.43249, 0.86161, 0.79781, 0.65762, 1, 0.29516, 1, 0.12577, 0.86546, 0, 0.63883, 0, 0.23051, 0.19433, 0.33289, 0.41741, 0.38289, 0.66228, 0.2448, 0.85843, 0, 1, 0 ],
				"triangles": [ 10, 11, 0, 9, 10, 0, 5, 6, 7, 1, 9, 0, 8, 9, 1, 8, 4, 5, 8, 5, 7, 3, 4, 8, 8, 2, 3, 1, 2, 8 ],
				"vertices": [ 11.9, -21.22, 4.17999, -15.89, -0.11, -7.97, -0.23, 6.16, 2.54, 12.79, 7.26, 17.73, 15.83, 17.79999, 13.74, 10.2, 12.76, 1.49, 15.74, -8.02, 20.94, -15.63, 20.98, -21.15 ],
				"hull": 12,
				"edges": [ 12, 14, 14, 16, 16, 18, 20, 22, 18, 20, 0, 22, 0, 2, 2, 4, 10, 12, 10, 8, 4, 6, 8, 6 ],
				"width": 39,
				"height": 21
			}
		},
		"bone4": {
			"saihong": { "x": 30.78, "y": 4.41, "rotation": -89.54, "width": 67, "height": 26 }
		},
		"huzi2": {
			"huzi": {
				"type": "skinnedmesh",
				"uvs": [ 0.93799, 0.13912, 1, 0.49358, 0.93999, 0.79634, 0.81599, 1, 0.64799, 1, 0.52999, 0.84065, 0.44199, 0.83327, 0.36599, 0.85542, 0.26399, 1, 0.17599, 1, 0.04999, 0.8185, 0, 0.53788, 0.06199, 0.12435, 0.19599, 0, 0.24199, 0.2425, 0.34399, 0.12435, 0.43399, 0.22773, 0.52599, 0.13912, 0.64799, 0.11696, 0.79999, 0, 0.0551, 0.5229, 0.1845, 0.57465, 0.25125, 0.56138, 0.35626, 0.53203, 0.43798, 0.52942, 0.52814, 0.5165, 0.64799, 0.51573, 0.80732, 0.45811, 0.93898, 0.46433 ],
				"triangles": [ 5, 24, 25, 24, 16, 25, 5, 6, 24, 16, 24, 23, 23, 24, 6, 25, 16, 17, 19, 27, 18, 0, 27, 19, 1, 28, 0, 27, 0, 28, 26, 18, 27, 17, 18, 26, 26, 25, 17, 2, 28, 1, 5, 25, 26, 5, 26, 4, 26, 3, 4, 26, 27, 3, 2, 27, 28, 27, 2, 3, 23, 14, 15, 21, 12, 13, 21, 20, 12, 14, 21, 13, 20, 11, 12, 23, 22, 14, 22, 21, 14, 10, 11, 20, 10, 20, 21, 22, 23, 7, 9, 21, 8, 8, 21, 22, 21, 9, 10, 22, 7, 8, 16, 23, 15, 7, 23, 6 ],
				"vertices": [ 1, 5, 16.1, 6.23, 1, 1, 5, 19.73, 2.10999, 1, 2, 4, -28.46, 11.41, 0, 5, 17.45999, -2.2, 0.99999, 2, 4, -22.03, 12.43, 2.0E-5, 5, 11.96, -5.7, 0.99997, 1, 5, 3.99, -6.89, 1, 2, 5, -1.91, -5.68, 0.49786, 3, 18.85, 4.38, 0.50212, 1, 3, 18.91, 8.60999, 1, 2, 4, -1.64, 5.04, 0.87, 3, 18.6, 12.25, 0.13, 2, 4, 3.56, 5.59, 0.9954, 5, -14.23, -9.60999, 0.00459, 1, 4, 7.64, 4.5, 1, 1, 4, 12.88, 0.66, 1, 1, 4, 14.25, -3.47, 1, 1, 4, 9.99, -7.9, 1, 1, 4, 3.36, -7.8, 1, 2, 4, 2.04, -4.17999, 0.9999, 5, -16.73, -0.03, 9.0E-5, 2, 4, -3.08, -4.41, 0.87, 3, 28.09, 13.38, 0.13, 1, 3, 26.78, 9.05, 1, 2, 5, -3.45, 3.31, 0.90151, 3, 27.97, 4.64, 0.09848, 1, 5, 2.29, 4.44999, 1, 1, 5, 9.28, 7.04, 1, 1, 4, 11.65, -2.98, 1, 1, 4, 5.82, -0.72, 1, 1, 4, 2.68, -0.06, 1, 2, 4, -2.28, 0.86, 0.87, 3, 22.8, 12.75, 0.13, 1, 3, 22.86, 8.83, 1, 2, 5, -2.61999, -1.52, 0.8808, 3, 23.06, 4.5, 0.11919, 1, 5, 3.06, -0.66, 1, 1, 5, 10.51, 1.2, 1, 1, 5, 16.77, 2.05, 1 ],
				"hull": 20,
				"edges": [ 30, 32, 32, 34, 14, 12, 12, 10, 10, 8, 14, 16, 28, 30, 28, 26, 36, 34, 36, 38, 6, 8, 6, 4, 4, 2, 38, 0, 0, 2, 16, 18, 18, 20, 20, 22, 26, 24, 24, 22, 20, 40, 40, 24, 22, 40, 18, 42, 42, 26, 40, 42, 16, 44, 44, 28, 42, 44, 14, 46, 46, 30, 44, 46, 32, 48, 48, 12, 46, 48, 10, 50, 50, 34, 48, 50, 8, 52, 52, 36, 50, 52, 6, 54, 54, 38, 52, 54, 4, 56, 56, 0, 54, 56, 56, 2 ],
				"width": 48,
				"height": 13
			}
		},
		"huzixia2": {
			"huzixia": {
				"type": "skinnedmesh",
				"uvs": [ 0.63676, 0.19921, 0.70141, 0.20872, 0.78391, 0.15609, 0.87391, 0.14556, 1, 0.42977, 1, 0.69293, 0.89141, 1, 0.73641, 1, 0.58641, 0.89819, 0.50813, 0.65826, 0.42891, 0.88766, 0.27141, 1, 0.15641, 0.91924, 0.04141, 0.63503, 0.05891, 0.40345, 0.13641, 0.22977, 0.20891, 0.22451, 0.26891, 0.26135, 0.34154, 0.20437, 0.40979, 0, 0.47996, 0.11669, 0.54568, 0, 0.48854, 0.33332, 0.14696, 0.5935, 0.24122, 0.62537, 0.34382, 0.55459, 0.41385, 0.4014, 0.58131, 0.39712, 0.65642, 0.47843, 0.76081, 0.56646, 0.88243, 0.56148 ],
				"triangles": [ 0, 20, 21, 18, 19, 20, 30, 5, 6, 6, 7, 29, 6, 29, 30, 7, 8, 29, 29, 8, 28, 30, 4, 5, 27, 9, 22, 8, 9, 28, 9, 27, 28, 2, 30, 29, 30, 3, 4, 28, 1, 29, 1, 2, 29, 3, 30, 2, 28, 27, 1, 27, 0, 1, 27, 22, 0, 22, 20, 0, 10, 11, 24, 24, 12, 23, 11, 12, 24, 23, 12, 13, 9, 10, 25, 25, 10, 24, 25, 26, 9, 22, 9, 26, 13, 14, 23, 25, 24, 17, 17, 24, 16, 24, 23, 16, 15, 16, 23, 14, 15, 23, 25, 17, 26, 17, 18, 26, 26, 18, 22, 18, 20, 22 ],
				"vertices": [ 1, 7, 1.7, 3.88, 1, 1, 7, 4.07, 4.94999, 1, 2, 6, -14.09, 5.39, 0, 7, 6.5, 7.39, 1, 2, 6, -17.15, 7.3, 0, 7, 9.58, 9.27, 1, 1, 7, 16.58, 6.9, 1, 1, 7, 18.95, 2.5, 1, 2, 6, -8.37, 20.98, 0, 7, 17.87999, -4.69, 0.99999, 1, 7, 12.42, -7.62, 1, 2, 6, 0.48, 12.37, 0.02657, 7, 6.22, -8.76, 0.97342, 2, 6, 0.41, 6.84, 0.43642, 7, 1.29999, -6.23, 0.56357, 2, 6, 5.51, 8.58, 0.94218, 7, 0.57, -11.57, 0.05781, 1, 6, 11.89, 6.69, 1, 1, 6, 14.77, 2.79, 1, 1, 6, 15.42, -4.26, 1, 1, 6, 12.31, -7.46, 1, 1, 6, 7.88, -8.37, 1, 1, 6, 5.45, -6.78, 1, 1, 6, 3.89, -4.83, 1, 2, 6, 0.89, -4.04, 0.98555, 7, -8.64, -1.78, 0.01444, 1, 3, 2.72, 11.3, 1, 1, 3, 0.52999, 8.47999, 1, 1, 3, 2.77, 5.87, 1, 2, 6, -2.49, 1.34, 0.40011, 7, -2.3, -1.16, 0.59987, 1, 6, 11.51, -2.48, 1, 1, 6, 8.78, 0.18, 1, 2, 6, 4.65, 1.44, 0.98537, 7, -5.41, -7.6, 0.01462, 2, 6, 0.68, 0.68, 0.96747, 7, -4.32, -3.71, 0.03252, 1, 7, 1.53, -0.47, 1, 1, 7, 4.91, -0.41, 1, 1, 7, 9.38, 0.09, 1, 2, 6, -12.88, 13.96, 0, 7, 13.62, 2.47, 1 ],
				"hull": 22,
				"edges": [ 42, 0, 44, 18, 36, 38, 38, 40, 40, 44, 40, 42, 20, 18, 20, 22, 24, 22, 24, 26, 26, 28, 28, 30, 30, 32, 32, 34, 34, 36, 30, 46, 46, 24, 22, 48, 48, 32, 34, 50, 50, 20, 18, 52, 52, 36, 28, 46, 46, 48, 48, 50, 50, 52, 52, 44, 0, 54, 54, 18, 44, 54, 18, 16, 16, 14, 0, 2, 2, 4, 12, 14, 4, 6, 6, 8, 8, 10, 12, 10, 16, 56, 56, 2, 54, 56, 14, 58, 58, 4, 56, 58, 12, 60, 60, 6, 58, 60, 60, 8 ],
				"width": 40,
				"height": 19
			}
		},
		"meimao2": {
			"meimao": {
				"type": "skinnedmesh",
				"uvs": [ 1, 0.40927, 0.91856, 0.67269, 0.59934, 1, 0.48453, 1, 0.37976, 1, 0.27897, 1, 0.10819, 0.82001, 0, 0.50692, 0, 0.21048, 0.49306, 0, 0.80945, 0, 1, 0, 0.391, 0.75444, 0.21742, 0.5566, 0.16427, 0.18596, 0.56016, 0.65581, 0.74779, 0.4172 ],
				"triangles": [ 15, 3, 9, 9, 3, 12, 3, 15, 2, 16, 15, 9, 16, 9, 10, 10, 11, 0, 2, 15, 1, 15, 16, 1, 1, 16, 0, 16, 10, 0, 5, 6, 12, 6, 7, 13, 4, 5, 12, 6, 13, 12, 7, 14, 13, 7, 8, 14, 4, 12, 3, 9, 13, 14, 12, 13, 9, 14, 8, 9 ],
				"vertices": [ 1, 9, 19.62999, -3.5, 1, 1, 9, 13.95, -5.61, 1, 1, 9, -2.77, -3.22, 1, 1, 3, 46.78, 4.81, 1, 1, 8, -3.69, 1.56, 1, 1, 8, 0.99, 3.38, 1, 1, 8, 10.06, 3.61, 1, 1, 8, 17.03, 0.6, 1, 1, 8, 18.85, -4.09, 1, 1, 3, 63.78, 4.52, 1, 1, 9, 14.36, 7.05, 1, 1, 9, 22.82, 2.67, 1, 1, 8, -2.71, -2.53, 1, 1, 8, 6.59, -2.53, 1, 1, 8, 11.34, -7.45, 1, 1, 9, -1.82, 2.87, 1, 1, 9, 8.35999, 2.16, 1 ],
				"hull": 12,
				"edges": [ 24, 8, 24, 26, 26, 28, 28, 16, 14, 16, 14, 12, 8, 10, 12, 10, 30, 4, 30, 32, 20, 22, 32, 20, 4, 2, 0, 22, 2, 0, 18, 20, 4, 6, 6, 8, 18, 6, 16, 18 ],
				"width": 50,
				"height": 17
			}
		},
		"shenti2": {
			"shenti": {
				"type": "mesh",
				"uvs": [ 0.91417, 0.23223, 1, 0.62953, 0.99999, 0.95523, 0.77391, 0.95523, 0.49045, 0.95523, 0.25084, 0.94977, 0, 0.94977, 0, 0.61834, 0.06089, 0.25462, 0.24499, 0, 0.48169, 0, 0.76222, 0, 0.7593, 0.37213, 0.76806, 0.67989, 0.49045, 0.35534, 0.49337, 0.65751, 0.25375, 0.37213, 0.25083, 0.6743 ],
				"triangles": [ 14, 10, 11, 12, 14, 11, 14, 16, 9, 14, 9, 10, 8, 9, 16, 0, 12, 11, 7, 8, 16, 12, 0, 1, 15, 14, 12, 13, 15, 12, 16, 14, 15, 17, 7, 16, 15, 17, 16, 1, 13, 12, 6, 7, 17, 4, 5, 17, 6, 17, 5, 15, 4, 17, 4, 15, 13, 2, 13, 1, 3, 4, 13, 2, 3, 13 ],
				"vertices": [ 34.65, -45.01, 16.04, -52.88, 0.73, -53, 0.57, -32.65, 0.37, -7.14, 0.46, 14.41, 0.28, 36.99, 15.86, 37.11, 33, 31.77, 45.09, 15.29, 45.26, -6, 45.46, -31.25, 27.97, -31.12, 13.51, -32.03, 28.57, -6.92, 14.37, -7.3, 27.61, 14.36, 13.41, 14.52 ],
				"hull": 12,
				"edges": [ 22, 0, 4, 2, 0, 2, 22, 24, 24, 26, 4, 6, 26, 6, 20, 22, 20, 28, 28, 30, 6, 8, 30, 8, 18, 20, 18, 32, 32, 34, 8, 10, 10, 12, 34, 10, 18, 16, 12, 14, 16, 14 ],
				"width": 90,
				"height": 47
			}
		},
		"shou2": {
			"shou": { "x": 16.56, "y": -0.48, "rotation": -47.29, "width": 32, "height": 33 }
		},
		"shouwan2": {
			"shouwan": { "x": 17.7, "y": 0.03, "rotation": -48.65, "width": 35, "height": 37 }
		},
		"tou2": {
			"tou": { "x": 26.33, "y": -2.11, "rotation": -89.54, "width": 54, "height": 63 }
		},
		"toufahou2": {
			"toufahou": {
				"type": "skinnedmesh",
				"uvs": [ 0.90418, 0.05336, 1, 0.07262, 0.86815, 0.18431, 0.86487, 0.30883, 0.86431, 0.43779, 0.80081, 0.57725, 0.79189, 0.67698, 1, 0.73515, 1, 0.77238, 1, 0.86482, 0.8434, 0.93029, 0.58461, 1, 0.30289, 1, 0.10961, 0.93414, 0.05303, 0.84415, 0.06703, 0.74542, 0.08586, 0.65975, 0.29961, 0.54644, 0.48155, 0.42969, 0.56349, 0.29086, 0.64211, 0.17404, 0.45987, 0.9323, 0.47747, 0.85341, 0.4789, 0.75733, 0.47594, 0.66927, 0.53741, 0.56106, 0.66817, 0.43364, 0.70675, 0.2994, 0.76683, 0.1797 ],
				"triangles": [ 28, 20, 0, 2, 28, 0, 2, 0, 1, 26, 19, 27, 4, 27, 3, 19, 20, 27, 27, 28, 3, 27, 20, 28, 3, 28, 2, 10, 22, 9, 22, 13, 14, 21, 22, 10, 21, 13, 22, 12, 13, 21, 11, 21, 10, 12, 21, 11, 23, 24, 6, 16, 24, 23, 15, 16, 23, 6, 7, 8, 23, 6, 8, 22, 15, 23, 22, 23, 8, 14, 15, 22, 22, 8, 9, 18, 19, 26, 26, 27, 4, 25, 18, 26, 17, 18, 25, 5, 26, 4, 25, 26, 5, 24, 17, 25, 16, 17, 24, 6, 25, 5, 24, 25, 6 ],
				"vertices": [ 1, 3, 61.72, 18.94, 1, 1, 3, 60.31, 16.15, 1, 1, 3, 52.02, 19.91, 1, 3, 14, -11.14, 4.3, 0.19, 16, -27.46, 7.62, 3.0E-5, 3, 42.8, 19.93, 0.80996, 3, 14, -1.82, 6.34, 0.74583, 16, -17.95999, 8.55, 0.00416, 3, 33.25999, 19.87, 0.25, 3, 14, 8.64999, 6.77, 0.85037, 16, -7.51, 7.75, 0.14031, 18, -15.41, 16.59, 0.0093, 3, 14, 15.91, 8.10999, 0.49071, 16, -0.14, 8.22999, 0.4503, 18, -8.60999, 13.7, 0.05897, 3, 14, 18.81, 14.93, 0.17398, 16, 3.53, 14.66, 0.66185, 18, -2.43, 17.79, 0.16416, 3, 14, 21.5, 15.52, 0.02458, 16, 6.27, 14.94, 0.73742, 18, 0.13, 16.79999, 0.23798, 3, 14, 28.18, 16.99, 0.00923, 16, 13.08, 15.62, 0.48321, 18, 6.51, 14.34, 0.50752, 2, 16, 18.35, 11.59, 0.18161, 18, 9.41, 8.37, 0.81838, 2, 16, 24.23, 4.63, 0.06612, 18, 11.53, -0.48, 0.93387, 2, 16, 25.05, -3.49, 0.10634, 18, 8.59, -8.10999, 0.89365, 3, 14, 38.75999, -7.1, 1.1E-4, 16, 20.76, -9.55, 0.23521, 18, 2.03, -11.59, 0.76466, 3, 14, 32.61, -10.14, 0.01856, 16, 14.29, -11.85, 0.56409, 18, -4.76, -10.73, 0.41734, 3, 14, 25.39, -11.32, 0.09211, 16, 6.98, -12.17, 0.7957, 18, -11.43, -7.73, 0.11218, 3, 14, 19.08, -12.15, 0.44327, 16, 0.62, -12.26, 0.53895, 18, -17.16, -4.94, 0.01775, 3, 14, 9.56, -7.91, 0.7998, 16, -8.33, -6.93, 0.19977, 18, -22.76, 3.84, 4.2E-4, 4, 14, -0.01, -4.62, 0.73216, 16, -17.45, -2.54, 0.01782, 18, -28.93, 11.87, 0, 3, 33.77, 30.97, 0.25, 4, 14, -10.55, -4.51, 0.19, 16, -27.91, -1.2, 3.0E-5, 18, -37.66, 17.78, 0, 3, 44.06, 28.68, 0.80996, 1, 3, 52.73, 26.47, 1, 2, 16, 19.61, 0.52999, 0.20016, 18, 5.55, -2.06, 0.79983, 3, 14, 30.63, 2.02, 9.0E-5, 16, 13.75, 0.46, 0.52502, 18, 0.29, 0.5, 0.47487, 3, 14, 23.67, 0.52, 0.12215, 16, 6.67, -0.2, 0.71265, 18, -6.32, 3.09, 0.16519, 3, 14, 17.33, -0.95, 0.44356, 16, 0.19, -0.93, 0.54865, 18, -12.44, 5.35, 0.00778, 3, 14, 9.13, -0.94, 0.8766, 16, -7.94, 0.03, 0.12339, 18, -19.27, 9.89, 0, 4, 14, -0.89, 0.72, 0.74996, 16, -17.7, 2.86, 3.0E-5, 18, -26.71, 16.82, 0, 3, 33.52, 25.56, 0.25, 3, 14, -10.83, -0.32, 0.19, 16, -27.7, 2.99, 3.0E-5, 3, 43.46, 24.52, 0.80996, 1, 3, 52.34, 22.85, 1 ],
				"hull": 21,
				"edges": [ 18, 16, 16, 14, 12, 14, 20, 18, 20, 22, 32, 30, 30, 28, 28, 26, 22, 24, 26, 24, 8, 10, 10, 12, 36, 34, 34, 32, 8, 6, 6, 4, 36, 38, 38, 40, 40, 0, 0, 2, 2, 4, 26, 42, 42, 20, 22, 42, 18, 44, 44, 28, 42, 44, 16, 46, 46, 30, 44, 46, 32, 48, 48, 12, 46, 48, 34, 50, 50, 10, 48, 50, 36, 52, 52, 8, 50, 52, 38, 54, 54, 6, 52, 54, 40, 56, 56, 4, 54, 56, 56, 0 ],
				"width": 29,
				"height": 74
			}
		},
		"toufaqian2": {
			"toufaqian": {
				"type": "skinnedmesh",
				"uvs": [ 0.54742, 0.04141, 0.60584, 0.14836, 0.63122, 0.27671, 0.80666, 0.43053, 0.94522, 0.53748, 0.9308, 0.62395, 0.94175, 0.83331, 0.74822, 0.94253, 0.38672, 1, 0.08365, 0.93114, 0.06175, 0.81281, 0.1786, 0.72862, 0.32466, 0.70359, 0.31005, 0.63988, 0.28815, 0.58981, 0.26989, 0.46693, 0.28842, 0.33534, 0.29181, 0.20069, 0.24435, 0.10057, 0.13846, 0, 0.31008, 0, 0.51091, 0, 0.38424, 0.07326, 0.46109, 0.17248, 0.48348, 0.30198, 0.54612, 0.4482, 0.6293, 0.60794, 0.63408, 0.73909, 0.54538, 0.8281, 0.28835, 0.87172 ],
				"triangles": [ 17, 18, 22, 23, 22, 0, 24, 17, 23, 24, 23, 1, 17, 22, 23, 23, 0, 1, 18, 20, 22, 18, 19, 20, 22, 21, 0, 22, 20, 21, 9, 29, 8, 8, 28, 7, 8, 29, 28, 9, 10, 29, 10, 11, 29, 29, 12, 28, 29, 11, 12, 28, 27, 7, 7, 27, 6, 27, 5, 6, 28, 12, 27, 27, 13, 26, 27, 26, 5, 27, 12, 13, 13, 14, 26, 26, 3, 5, 5, 3, 4, 14, 25, 26, 26, 25, 3, 14, 15, 25, 15, 24, 25, 15, 16, 24, 25, 2, 3, 25, 24, 2, 24, 16, 17, 24, 1, 2 ],
				"vertices": [ 1, 3, 53.21, -32.43999, 1, 3, 15, -10.12, 8.57, 0.23999, 17, -30.2, -4.67999, 0, 3, 45.85, -35.00999, 0.76, 3, 15, -1.25, 7.6, 0.76428, 17, -21.75, -1.82, 0.01571, 3, 37, -36.16999, 0.22, 2, 15, 10.8, 12.51, 0.88347, 17, -12.88, 7.7, 0.11652, 3, 15, 19.35, 16.62, 0.63954, 17, -6.85, 15.02, 0.35808, 19, -25.31, 6.83, 0.00236, 3, 15, 25.01, 14.64, 0.35006, 17, -0.88, 15.62, 0.5996, 19, -19.9, 9.43, 0.05033, 3, 15, 39.18, 11.79, 0.10231, 17, 13.16, 18.99, 0.69699, 19, -7.84, 17.37999, 0.20068, 3, 15, 44.61, 1.96, 0.00402, 17, 22.22, 12.36, 0.40945, 19, 2.93, 14.23, 0.58651, 2, 17, 29.24, -2.05, 0.12382, 19, 14.44, 3.06, 0.87617, 2, 17, 27.21, -15.77, 0.01823, 19, 17.20999, -10.52, 0.98175, 2, 17, 19.41, -18.34, 0.07514, 19, 10.74, -15.59, 0.92485, 3, 15, 24.62, -18.48, 0.01693, 17, 12.7, -14.59, 0.21883, 19, 3.16, -14.35, 0.76423, 3, 15, 24.38, -11.98, 0.10879, 17, 9.74, -8.79, 0.43945, 19, -1.58, -9.89999, 0.45175, 3, 15, 19.95999, -11.58, 0.26941, 17, 5.57, -10.29, 0.61302, 19, -5, -12.74, 0.11756, 3, 15, 16.37999, -11.7, 0.58852, 17, 2.36999, -11.91, 0.39664, 19, -7.45, -15.35, 0.01482, 3, 15, 7.95, -10.52, 0.90043, 17, -5.76, -14.39, 0.09781, 19, -14.27, -20.45, 0.00175, 3, 15, -0.7, -7.66, 0.77369, 17, -14.82, -15.44, 0.0063, 3, 32.84, -21.46, 0.22, 3, 15, -9.7, -5.39, 0.23999, 17, -23.94, -17.17, 0, 3, 42.13, -21.54, 0.76, 1, 3, 49.02, -19.44, 1, 1, 3, 55.93, -14.83, 1, 1, 3, 55.99, -22.21, 1, 1, 3, 56.05, -30.85, 1, 1, 3, 50.96, -25.44, 1, 3, 15, -9.93, 2.13, 0.23999, 17, -27.32, -10.43999, 0, 3, 44.14, -28.8, 0.76, 3, 15, -1.01, 1.02, 0.77999, 17, -18.76, -7.69, 0, 3, 35.21, -29.83, 0.22, 2, 15, 9.42, 1.33, 0.85439, 17, -9.42, -3.02, 0.1456, 3, 15, 20.95999, 2.28, 0.48242, 17, 0.64, 2.7, 0.50365, 19, -14.06, -2.19, 0.01391, 3, 15, 29.82, 0.4, 0.15537, 17, 9.46, 4.71999, 0.66304, 19, -6.45, 2.71, 0.18157, 3, 15, 34.91999, -4.71, 0.01522, 17, 16.24, 2.23, 0.48006, 19, 0.76, 2.67, 0.5047, 2, 17, 21.42, -7.98, 0.13853, 19, 9.10999, -5.16, 0.86146 ],
				"hull": 22,
				"edges": [ 42, 0, 0, 2, 2, 4, 4, 6, 6, 8, 8, 10, 10, 12, 12, 14, 14, 16, 16, 18, 18, 20, 20, 22, 22, 24, 24, 26, 28, 30, 30, 32, 32, 34, 34, 36, 36, 38, 38, 40, 40, 42, 36, 44, 44, 0, 40, 44, 34, 46, 46, 2, 44, 46, 32, 48, 48, 4, 46, 48, 30, 50, 50, 6, 48, 50, 28, 52, 52, 10, 50, 52, 26, 54, 54, 12, 52, 54, 24, 56, 56, 14, 54, 56, 16, 58, 58, 22, 56, 58, 58, 20, 28, 26 ],
				"width": 43,
				"height": 69
			}
		},
		"touguan2": {
			"touguan": { "x": 9.07, "y": -2.83, "rotation": -88.64, "width": 81, "height": 40 }
		},
		"yanjing2": {
			"yanjing": {
				"type": "skinnedmesh",
				"uvs": [ 1, 0.33131, 1, 1, 0.89281, 1, 0.7533, 0.71716, 0.59662, 1, 0.46354, 1, 0.35628, 1, 0.20389, 0.73746, 0.10945, 1, 0, 1, 0, 0.487, 0.18028, 0, 0.27257, 0, 0.45925, 0, 0.67174, 0, 0.85243, 0, 0.52047, 0.49757, 0.51377, 0.84429, 0.40777, 0.3374, 0.41065, 0.78494 ],
				"triangles": [ 5, 13, 16, 18, 13, 5, 4, 17, 3, 3, 17, 16, 1, 3, 0, 14, 15, 0, 16, 14, 0, 1, 2, 3, 3, 16, 0, 5, 17, 4, 16, 17, 5, 14, 16, 13, 6, 7, 19, 19, 7, 18, 8, 9, 7, 9, 10, 7, 10, 11, 18, 7, 10, 18, 11, 12, 18, 5, 6, 19, 18, 5, 19, 18, 12, 13 ],
				"vertices": [ 1, 12, 7.34, -8.75, 1, 1, 12, -1.34, -8.82, 1, 1, 12, -1.38, -4.42, 1, 1, 12, 2.24, 1.32, 1, 1, 12, -1.47, 7.71, 1, 1, 3, 33.77, 4.92999, 1, 1, 11, -1.82, -5.27, 1, 1, 11, 1.54, 1, 1, 1, 11, -1.9, 4.84, 1, 1, 11, -1.93, 9.33, 1, 1, 11, 4.73, 9.38, 1, 1, 11, 11.12, 2.04, 1, 1, 11, 11.15, -1.73, 1, 1, 3, 46.77, 5.21, 1, 1, 12, 11.54, 4.73, 1, 1, 12, 11.6, -2.67, 1, 1, 12, 5.02, 10.88, 1, 1, 12, 0.51, 11.12, 1, 1, 11, 6.8, -7.31, 1, 1, 11, 0.99, -7.47, 1 ],
				"hull": 16,
				"edges": [ 26, 10, 32, 28, 34, 32, 34, 8, 8, 6, 2, 4, 6, 4, 28, 30, 2, 0, 30, 0, 36, 24, 22, 24, 18, 20, 22, 20, 16, 18, 16, 14, 14, 12, 38, 36, 12, 38, 10, 12, 24, 26, 8, 10, 26, 28 ],
				"width": 41,
				"height": 13
			}
		}
	}
},
"animations": {
	"animation": {
		"slots": {
			"bone2": {
				"attachment": [
					{ "time": 0, "name": "bizi" },
					{ "time": 0.4, "name": "bizi" }
				]
			},
			"bone3": {
				"attachment": [
					{ "time": 0, "name": "zui" },
					{ "time": 0.4, "name": "zui" }
				]
			},
			"bone4": {
				"attachment": [
					{ "time": 0, "name": "saihong" },
					{ "time": 0.4, "name": "saihong" }
				]
			},
			"huzi2": {
				"attachment": [
					{ "time": 0, "name": "huzi" },
					{ "time": 0.4, "name": "huzi" }
				]
			},
			"huzixia2": {
				"attachment": [
					{ "time": 0, "name": "huzixia" },
					{ "time": 0.4, "name": "huzixia" }
				]
			},
			"meimao2": {
				"attachment": [
					{ "time": 0, "name": "meimao" },
					{ "time": 0.4, "name": "meimao" }
				]
			},
			"shenti2": {
				"attachment": [
					{ "time": 0, "name": "shenti" },
					{ "time": 0.4, "name": "shenti" }
				]
			},
			"shou2": {
				"attachment": [
					{ "time": 0, "name": "shou" },
					{ "time": 0.4, "name": "shou" }
				]
			},
			"shouwan2": {
				"attachment": [
					{ "time": 0, "name": "shouwan" },
					{ "time": 0.4, "name": "shouwan" }
				]
			},
			"tou2": {
				"attachment": [
					{ "time": 0, "name": "tou" },
					{ "time": 0.4, "name": "tou" }
				]
			},
			"toufahou2": {
				"attachment": [
					{ "time": 0, "name": "toufahou" },
					{ "time": 0.4, "name": "toufahou" }
				]
			},
			"toufaqian2": {
				"attachment": [
					{ "time": 0, "name": "toufaqian" },
					{ "time": 0.4, "name": "toufaqian" }
				]
			},
			"touguan2": {
				"attachment": [
					{ "time": 0, "name": "touguan" },
					{ "time": 0.4, "name": "touguan" }
				]
			},
			"yanjing2": {
				"attachment": [
					{ "time": 0, "name": "yanjing" },
					{ "time": 0.4, "name": "yanjing" }
				]
			}
		},
		"bones": {
			"root": {
				"rotate": [
					{ "time": 0, "angle": 0, "curve": "stepped" },
					{ "time": 0.4, "angle": 0 }
				],
				"translate": [
					{ "time": 0, "x": 0, "y": 0, "curve": "stepped" },
					{ "time": 0.4, "x": 0, "y": 0 }
				],
				"scale": [
					{ "time": 0, "x": 1, "y": 1, "curve": "stepped" },
					{ "time": 0.4, "x": 1, "y": 1 }
				]
			},
			"bone": {
				"rotate": [
					{ "time": 0, "angle": 0, "curve": "stepped" },
					{ "time": 0.4, "angle": 0 }
				],
				"translate": [
					{ "time": 0, "x": 0, "y": 0, "curve": "stepped" },
					{ "time": 0.4, "x": 0, "y": 0 }
				],
				"scale": [
					{ "time": 0, "x": 1, "y": 1, "curve": "stepped" },
					{ "time": 0.4, "x": 1, "y": 1 }
				]
			},
			"bone16": {
				"rotate": [
					{ "time": 0, "angle": 0 },
					{ "time": 0.1, "angle": -0.9 },
					{ "time": 0.2, "angle": 0 },
					{ "time": 0.3, "angle": -0.9 },
					{ "time": 0.4, "angle": 0 }
				],
				"translate": [
					{ "time": 0, "x": 0, "y": 0 },
					{ "time": 0.0666, "x": -1.7, "y": -0.43 },
					{ "time": 0.1666, "x": 0, "y": 0 },
					{ "time": 0.2666, "x": -1.7, "y": -0.43 },
					{ "time": 0.4, "x": 0, "y": 0 }
				],
				"scale": [
					{ "time": 0, "x": 1, "y": 1, "curve": "stepped" },
					{ "time": 0.4, "x": 1, "y": 1 }
				]
			},
			"bone2": {
				"rotate": [
					{ "time": 0, "angle": 0 },
					{ "time": 0.1, "angle": 3.35 },
					{ "time": 0.2, "angle": 0 },
					{ "time": 0.3, "angle": 3.35 },
					{ "time": 0.4, "angle": 0 }
				],
				"translate": [
					{ "time": 0, "x": 0, "y": 0 },
					{ "time": 0.1, "x": -2.57, "y": -0.02 },
					{ "time": 0.2, "x": 0, "y": 0 },
					{ "time": 0.3, "x": -2.57, "y": -0.02 },
					{ "time": 0.4, "x": 0, "y": 0 }
				],
				"scale": [
					{ "time": 0, "x": 1, "y": 1, "curve": "stepped" },
					{ "time": 0.4, "x": 1, "y": 1 }
				]
			},
			"bone10": {
				"rotate": [
					{ "time": 0, "angle": 0 },
					{ "time": 0.1, "angle": -23.26 },
					{ "time": 0.2, "angle": 0 },
					{ "time": 0.3, "angle": -23.26 },
					{ "time": 0.4, "angle": 0 }
				],
				"translate": [
					{ "time": 0, "x": 0, "y": 0, "curve": "stepped" },
					{ "time": 0.4, "x": 0, "y": 0 }
				],
				"scale": [
					{ "time": 0, "x": 1, "y": 1, "curve": "stepped" },
					{ "time": 0.4, "x": 1, "y": 1 }
				]
			},
			"bone11": {
				"rotate": [
					{
						"time": 0,
						"angle": 0,
						"curve": [ 0.25, 0, 0.75, 1 ]
					},
					{
						"time": 0.1,
						"angle": 14.45,
						"curve": [ 0.25, 0, 0.75, 1 ]
					},
					{
						"time": 0.2,
						"angle": 0,
						"curve": [ 0.25, 0, 0.75, 1 ]
					},
					{
						"time": 0.3,
						"angle": 14.45,
						"curve": [ 0.25, 0, 0.75, 1 ]
					},
					{ "time": 0.4, "angle": 0 }
				],
				"translate": [
					{ "time": 0, "x": 0, "y": 0, "curve": "stepped" },
					{ "time": 0.4, "x": 0, "y": 0 }
				],
				"scale": [
					{ "time": 0, "x": 1, "y": 1, "curve": "stepped" },
					{ "time": 0.4, "x": 1, "y": 1 }
				]
			},
			"bone12": {
				"rotate": [
					{ "time": 0, "angle": 0, "curve": "stepped" },
					{ "time": 0.4, "angle": 0 }
				],
				"translate": [
					{ "time": 0, "x": 0, "y": 0, "curve": "stepped" },
					{ "time": 0.4, "x": 0, "y": 0 }
				],
				"scale": [
					{ "time": 0, "x": 1, "y": 1, "curve": "stepped" },
					{ "time": 0.4, "x": 1, "y": 1 }
				]
			},
			"bone13": {
				"rotate": [
					{ "time": 0, "angle": 0 },
					{ "time": 0.1, "angle": -14.77 },
					{ "time": 0.2, "angle": 4.05 },
					{ "time": 0.3, "angle": -14.77 },
					{ "time": 0.4, "angle": 0 }
				],
				"translate": [
					{ "time": 0, "x": 0, "y": 0, "curve": "stepped" },
					{ "time": 0.4, "x": 0, "y": 0 }
				],
				"scale": [
					{ "time": 0, "x": 1, "y": 1, "curve": "stepped" },
					{ "time": 0.4, "x": 1, "y": 1 }
				]
			},
			"bone14": {
				"rotate": [
					{ "time": 0, "angle": 0 },
					{ "time": 0.1, "angle": 14.65 },
					{ "time": 0.2, "angle": 0 },
					{ "time": 0.3, "angle": 14.65 },
					{ "time": 0.4, "angle": 0 }
				],
				"translate": [
					{ "time": 0, "x": 0, "y": 0, "curve": "stepped" },
					{ "time": 0.4, "x": 0, "y": 0 }
				],
				"scale": [
					{ "time": 0, "x": 1, "y": 1, "curve": "stepped" },
					{ "time": 0.4, "x": 1, "y": 1 }
				]
			},
			"bone15": {
				"rotate": [
					{ "time": 0, "angle": 0 },
					{ "time": 0.1, "angle": -15.89 },
					{ "time": 0.2, "angle": 0 },
					{ "time": 0.3, "angle": -15.89 },
					{ "time": 0.4, "angle": 0 }
				],
				"translate": [
					{ "time": 0, "x": 0, "y": 0, "curve": "stepped" },
					{ "time": 0.4, "x": 0, "y": 0 }
				],
				"scale": [
					{ "time": 0, "x": 1, "y": 1, "curve": "stepped" },
					{ "time": 0.4, "x": 1, "y": 1 }
				]
			},
			"bone17": {
				"rotate": [
					{ "time": 0, "angle": 0 },
					{ "time": 0.1, "angle": -4.17 },
					{ "time": 0.2, "angle": 0 },
					{ "time": 0.3, "angle": -4.17 },
					{ "time": 0.4, "angle": 0 }
				],
				"translate": [
					{ "time": 0, "x": 0, "y": 0, "curve": "stepped" },
					{ "time": 0.4, "x": 0, "y": 0 }
				],
				"scale": [
					{ "time": 0, "x": 1, "y": 1 },
					{ "time": 0.1, "x": 0.893, "y": 1 },
					{ "time": 0.2, "x": 1, "y": 1 },
					{ "time": 0.3, "x": 0.893, "y": 1 },
					{ "time": 0.4, "x": 1, "y": 1 }
				]
			},
			"bone18": {
				"rotate": [
					{ "time": 0, "angle": 0, "curve": "stepped" },
					{ "time": 0.4, "angle": 0 }
				],
				"translate": [
					{ "time": 0, "x": 0, "y": 0, "curve": "stepped" },
					{ "time": 0.4, "x": 0, "y": 0 }
				],
				"scale": [
					{ "time": 0, "x": 1, "y": 1, "curve": "stepped" },
					{ "time": 0.4, "x": 1, "y": 1 }
				]
			},
			"bone19": {
				"rotate": [
					{ "time": 0, "angle": 0, "curve": "stepped" },
					{ "time": 0.4, "angle": 0 }
				],
				"translate": [
					{ "time": 0, "x": 0, "y": 0, "curve": "stepped" },
					{ "time": 0.4, "x": 0, "y": 0 }
				],
				"scale": [
					{ "time": 0, "x": 1, "y": 1, "curve": "stepped" },
					{ "time": 0.4, "x": 1, "y": 1 }
				]
			},
			"bone3": {
				"rotate": [
					{
						"time": 0,
						"angle": 0,
						"curve": [ 0.25, 0, 0.75, 1 ]
					},
					{
						"time": 0.0666,
						"angle": -2.58,
						"curve": [ 0.25, 0, 0.75, 1 ]
					},
					{
						"time": 0.1666,
						"angle": 3.27,
						"curve": [ 0.25, 0, 0.75, 1 ]
					},
					{
						"time": 0.2666,
						"angle": -2.58,
						"curve": [ 0.242, 0, 0.666, 0.66 ]
					},
					{
						"time": 0.3666,
						"angle": 2.75,
						"curve": [ 0.379, 0.6, 0.724, 1 ]
					},
					{ "time": 0.4, "angle": 0 }
				],
				"translate": [
					{
						"time": 0,
						"x": 0,
						"y": 0,
						"curve": [ 0.25, 0, 0.75, 1 ]
					},
					{
						"time": 0.1,
						"x": 2.35,
						"y": -0.11,
						"curve": [ 0.25, 0, 0.75, 1 ]
					},
					{
						"time": 0.2,
						"x": 0,
						"y": 0,
						"curve": [ 0.25, 0, 0.75, 1 ]
					},
					{
						"time": 0.3,
						"x": 2.35,
						"y": -0.11,
						"curve": [ 0.25, 0, 0.75, 1 ]
					},
					{ "time": 0.4, "x": 0, "y": 0 }
				],
				"scale": [
					{ "time": 0, "x": 1, "y": 1, "curve": "stepped" },
					{ "time": 0.4, "x": 1, "y": 1 }
				]
			},
			"bone4": {
				"rotate": [
					{ "time": 0, "angle": 0 },
					{ "time": 0.2, "angle": -9.11 },
					{ "time": 0.4, "angle": 0 }
				],
				"translate": [
					{ "time": 0, "x": 0, "y": 0, "curve": "stepped" },
					{ "time": 0.4, "x": 0, "y": 0 }
				],
				"scale": [
					{ "time": 0, "x": 1, "y": 1, "curve": "stepped" },
					{ "time": 0.4, "x": 1, "y": 1 }
				]
			},
			"bone7": {
				"rotate": [
					{
						"time": 0,
						"angle": 0,
						"curve": [ 0.25, 0, 0.75, 1 ]
					},
					{
						"time": 0.2,
						"angle": 9.14,
						"curve": [ 0.25, 0, 0.75, 1 ]
					},
					{ "time": 0.4, "angle": 0 }
				],
				"translate": [
					{ "time": 0, "x": 0, "y": 0, "curve": "stepped" },
					{ "time": 0.4, "x": 0, "y": 0 }
				],
				"scale": [
					{ "time": 0, "x": 1, "y": 1, "curve": "stepped" },
					{ "time": 0.4, "x": 1, "y": 1 }
				]
			},
			"bone5": {
				"rotate": [
					{ "time": 0, "angle": 0, "curve": "stepped" },
					{ "time": 0.4, "angle": 0 }
				],
				"translate": [
					{ "time": 0, "x": 0, "y": 0, "curve": "stepped" },
					{ "time": 0.4, "x": 0, "y": 0 }
				],
				"scale": [
					{ "time": 0, "x": 1, "y": 1, "curve": "stepped" },
					{ "time": 0.4, "x": 1, "y": 1 }
				]
			},
			"bone8": {
				"rotate": [
					{ "time": 0, "angle": 0 },
					{ "time": 0.1, "angle": -10.5 },
					{ "time": 0.2666, "angle": 5.13 },
					{ "time": 0.4, "angle": 0 }
				],
				"translate": [
					{ "time": 0, "x": 0, "y": 0, "curve": "stepped" },
					{ "time": 0.4, "x": 0, "y": 0 }
				],
				"scale": [
					{ "time": 0, "x": 1, "y": 1, "curve": "stepped" },
					{ "time": 0.4, "x": 1, "y": 1 }
				]
			},
			"bone6": {
				"rotate": [
					{ "time": 0, "angle": 0, "curve": "stepped" },
					{ "time": 0.4, "angle": 0 }
				],
				"translate": [
					{ "time": 0, "x": 0, "y": 0, "curve": "stepped" },
					{ "time": 0.4, "x": 0, "y": 0 }
				],
				"scale": [
					{ "time": 0, "x": 1, "y": 1, "curve": "stepped" },
					{ "time": 0.4, "x": 1, "y": 1 }
				]
			},
			"bone9": {
				"rotate": [
					{ "time": 0, "angle": 0, "curve": "stepped" },
					{ "time": 0.4, "angle": 0 }
				],
				"translate": [
					{ "time": 0, "x": 0, "y": 0, "curve": "stepped" },
					{ "time": 0.4, "x": 0, "y": 0 }
				],
				"scale": [
					{ "time": 0, "x": 1, "y": 1, "curve": "stepped" },
					{ "time": 0.4, "x": 1, "y": 1 }
				]
			}
		},
		"ffd": {
			"default": {
				"bone3": {
					"zui": [
						{ "time": 0 },
						{
							"time": 0.1,
							"vertices": [ 4.36632, -4.39542, 2.50533, -3.02916, 0, 0, 0, 0, 0, 0, 0, 0, 0, 0, 0, 0, 0, 0, 2.50533, -3.02916, 4.36632, -4.39542, 4.36632, -4.39542 ]
						},
						{ "time": 0.2 },
						{
							"time": 0.3,
							"vertices": [ 4.36632, -4.39542, 2.50533, -3.02916, 0, 0, 0, 0, 0, 0, 0, 0, 0, 0, 0, 0, 0, 0, 2.50533, -3.02916, 4.36632, -4.39542, 4.36632, -4.39542 ]
						},
						{ "time": 0.4 }
					]
				},
				"huzi2": {
					"huzi": [
						{ "time": 0, "curve": "stepped" },
						{ "time": 0.4 }
					]
				},
				"huzixia2": {
					"huzixia": [
						{ "time": 0, "curve": "stepped" },
						{ "time": 0.4 }
					]
				},
				"meimao2": {
					"meimao": [
						{ "time": 0, "curve": "stepped" },
						{ "time": 0.4 }
					]
				},
				"shenti2": {
					"shenti": [
						{ "time": 0, "curve": "stepped" },
						{ "time": 0.4 }
					]
				},
				"toufahou2": {
					"toufahou": [
						{ "time": 0, "curve": "stepped" },
						{ "time": 0.4 }
					]
				},
				"toufaqian2": {
					"toufaqian": [
						{ "time": 0, "curve": "stepped" },
						{ "time": 0.4 }
					]
				},
				"yanjing2": {
					"yanjing": [
						{ "time": 0 },
						{
							"time": 0.1,
							"vertices": [ -0.51165, -2.08269, -0.51165, -2.08269, -0.51165, -2.08269, -0.66928, -1.99357, 0, 0, -0.6898, -2.39804, -0.68986, -2.39804, 0.11518, -2.5201, 0, 0, 0, 0, 0, 0, 0.61688, -2.2212, 0.34944, -2.69422, 0, 0, -0.49929, -1.84001, -0.86403, -2.6325, 0, 0, 0, 0, -0.68986, -2.39804, -0.68986, -2.39804 ]
						},
						{ "time": 0.2 },
						{
							"time": 0.3,
							"vertices": [ -0.51165, -2.08269, -0.51165, -2.08269, -0.51165, -2.08269, -0.66928, -1.99357, 0, 0, -0.6898, -2.39804, -0.68986, -2.39804, 0.11518, -2.5201, 0, 0, 0, 0, 0, 0, 0.61688, -2.2212, 0.34944, -2.69422, 0, 0, -0.49929, -1.84001, -0.86403, -2.6325, 0, 0, 0, 0, -0.68986, -2.39804, -0.68986, -2.39804 ]
						},
						{ "time": 0.4 }
					]
				}
			}
		},
		"drawOrder": [
			{ "time": 0 },
			{ "time": 0.4 }
		]
	}
}
}