{
"skeleton": { "hash": "Xm1/35kBo9DzwfNTCFMlTXHsJqw", "spine": "2.1.27", "width": 108.01, "height": 127.01, "images": "" },
"bones": [
	{ "name": "root" },
	{ "name": "bone", "parent": "root", "length": 41.55, "x": 0.02, "y": 0.55, "rotation": 90 },
	{ "name": "bone18", "parent": "root", "length": 10.62, "x": -2.67, "y": 96.69, "rotation": -90.45 },
	{ "name": "bone19", "parent": "root", "length": 13.45, "x": -29.81, "y": 75.94, "rotation": -91.8 },
	{ "name": "bone20", "parent": "root", "length": 13.94, "x": 27.53, "y": 90.55, "rotation": -90 },
	{ "name": "bone28", "parent": "root", "length": 12.65, "x": 32.73, "y": 67, "rotation": -92.25 },
	{ "name": "bone2", "parent": "bone", "length": 56.23, "x": 41.54, "y": -0.27 },
	{ "name": "huwan", "parent": "bone", "length": 22.96, "x": 5.67, "y": -48.03, "rotation": 16.1 },
	{ "name": "bone10", "parent": "bone2", "length": 14.37, "x": -8.3, "y": 4.15, "rotation": 117.46 },
	{ "name": "bone11", "parent": "bone2", "length": 15.24, "x": -8.58, "y": -2.76, "rotation": -114.54 },
	{ "name": "bone12", "parent": "bone2", "length": 18.24, "x": 20.49, "y": 7.2, "rotation": 138.08 },
	{ "name": "bone13", "parent": "bone2", "length": 18.41, "x": 22.99, "y": -8.03, "rotation": -105.4 },
	{ "name": "bone14", "parent": "bone2", "x": 36.76, "y": 14.43 },
	{ "name": "bone15", "parent": "bone2", "x": 36.59, "y": -14.44 },
	{ "name": "bone16", "parent": "bone2", "length": 16.62, "x": 48.45, "y": 9.12, "rotation": 58.11 },
	{ "name": "bone17", "parent": "bone2", "length": 17.59, "x": 48.45, "y": -7.97, "rotation": -63.79 },
	{ "name": "bone21", "parent": "huwan", "length": 28.24, "x": 22.17, "y": -0.11, "rotation": 30.67 },
	{ "name": "bone26", "parent": "bone2", "length": 6.63, "x": 11.82, "y": 0.36, "rotation": -2.25 },
	{ "name": "bone27", "parent": "bone2", "length": 5.5, "x": 5.75, "y": 0.07, "rotation": -178.64 },
	{ "name": "bone3", "parent": "bone2", "length": 27.7, "x": 56.23, "y": 0.27, "rotation": 0.45 },
	{ "name": "bone4", "parent": "bone2", "length": 22.08, "x": 30.74, "y": 27.97, "rotation": 160.48 },
	{ "name": "bone7", "parent": "bone2", "length": 19.62, "x": 31.02, "y": -28.53, "rotation": -161.29 },
	{ "name": "bone22", "parent": "bone21", "length": 18, "x": 16.32, "y": -0.39, "rotation": -29.74 },
	{ "name": "bone5", "parent": "bone4", "length": 14.99, "x": 22.07, "y": -0.11, "rotation": 30.89 },
	{ "name": "bone8", "parent": "bone7", "length": 15.67, "x": 19.62, "y": 0.08, "rotation": -26.74 },
	{ "name": "bone23", "parent": "bone22", "length": 14, "x": -1.11, "y": 1.06, "rotation": 161.29 },
	{ "name": "bone6", "parent": "bone5", "length": 9.53, "x": 14.99, "y": 0.08, "rotation": 23.79 },
	{ "name": "bone9", "parent": "bone8", "length": 12.68, "x": 14.88, "y": -0.42, "rotation": 136.27 },
	{ "name": "bone24", "parent": "bone23", "length": 11.7, "x": 14, "y": -0.04, "rotation": -9.38 },
	{ "name": "bone25", "parent": "bone24", "length": 9.8, "x": 11.7, "y": -0.05, "rotation": -21.48 }
],
"slots": [
	{ "name": "shenti2", "bone": "bone", "attachment": "shenti" },
	{ "name": "tou2", "bone": "bone2", "attachment": "tou" },
	{ "name": "bone2", "bone": "bone2", "attachment": "zui" },
	{ "name": "toufa2", "bone": "bone4", "attachment": "toufa" },
	{ "name": "touguan2", "bone": "bone3", "attachment": "touguan" },
	{ "name": "huzi", "bone": "bone13", "attachment": "huzi" },
	{ "name": "bone3", "bone": "bone2", "attachment": "bizi" },
	{ "name": "bone4", "bone": "bone2", "attachment": "yanjing" },
	{ "name": "meimao2", "bone": "bone16", "attachment": "meimao" },
	{ "name": "8", "bone": "bone28", "attachment": "4" },
	{ "name": "7", "bone": "bone20", "attachment": "3" },
	{ "name": "5", "bone": "bone18", "attachment": "2" },
	{ "name": "6", "bone": "bone19", "attachment": "1" },
	{ "name": "shoupa2", "bone": "bone22", "attachment": "shoupa" },
	{ "name": "huwan2", "bone": "huwan", "attachment": "huwan" },
	{ "name": "huwan", "bone": "huwan" },
	{ "name": "shou2", "bone": "bone21", "attachment": "shou1" },
	{ "name": "bone5", "bone": "bone2" },
	{ "name": "biyan", "bone": "root" }
],
"skins": {
	"default": {
		"5": {
			"2": { "x": 3.82, "y": -0.26, "rotation": 90.45, "width": 9, "height": 16 }
		},
		"6": {
			"1": { "x": 5.56, "y": 0.1, "rotation": 91.8, "width": 10, "height": 19 }
		},
		"7": {
			"3": { "x": 5.67, "y": 0.49, "rotation": 90, "width": 11, "height": 18 }
		},
		"8": {
			"4": { "x": 6.63, "y": 0.04, "rotation": 92.25, "width": 10, "height": 17 }
		},
		"bone2": {
			"zui": {
				"type": "skinnedmesh",
				"uvs": [ 1, 0.21595, 1, 0.47781, 1, 0.77324, 0.93596, 1, 0.77929, 1, 0.67589, 0.89409, 0.50982, 0.86724, 0.36569, 0.89409, 0.22469, 1, 0.05862, 1, 0, 0.74638, 0, 0.45095, 0, 0.18909, 0.13069, 0, 0.31242, 0, 0.50042, 0, 0.69469, 0, 0.88896, 0, 0.14949, 0.36366, 0.32182, 0.32338, 0.50982, 0.30995, 0.70722, 0.33681, 0.87642, 0.39052, 0.15262, 0.65909, 0.32809, 0.60538, 0.50356, 0.59195, 0.70409, 0.59867, 0.86389, 0.65909 ],
				"triangles": [ 7, 24, 6, 5, 6, 26, 24, 19, 25, 24, 25, 6, 6, 25, 26, 26, 25, 21, 3, 4, 2, 4, 5, 2, 7, 8, 23, 23, 8, 10, 8, 9, 10, 23, 24, 7, 5, 27, 2, 5, 26, 27, 27, 1, 2, 10, 11, 23, 23, 18, 24, 27, 26, 22, 11, 18, 23, 20, 14, 15, 20, 15, 16, 25, 19, 20, 11, 12, 18, 12, 13, 18, 19, 13, 14, 19, 18, 13, 20, 16, 21, 21, 16, 17, 20, 19, 14, 18, 19, 24, 27, 22, 1, 25, 20, 21, 22, 0, 1, 22, 21, 0, 21, 17, 0, 26, 21, 22 ],
				"vertices": [ 1, 17, 0.54, -15.57, 1, 1, 17, -3.11, -15.71, 1, 1, 18, 2.16, 15.25, 1, 1, 18, 5.29, 13.25, 1, 1, 18, 5.17999, 8.55, 1, 1, 18, 3.62, 5.49, 1, 1, 18, 3.13, 0.52, 1, 1, 18, 3.4, -3.81, 1, 1, 18, 4.79, -8.07, 1, 1, 18, 4.67, -13.05, 1, 1, 18, 1.08, -14.73, 1, 2, 17, -3.92, 14.27, 0.53954, 18, -3.05, -14.63, 0.46045, 1, 17, -0.25, 14.41, 1, 1, 17, 2.54, 10.6, 1, 1, 17, 2.75, 5.15, 1, 1, 17, 2.97, -0.47, 1, 1, 17, 3.2, -6.3, 1, 1, 17, 3.43, -12.12, 1, 1, 17, -2.52, 9.84, 1, 1, 17, -1.75, 4.69, 1, 1, 17, -1.34, -0.92, 1, 1, 17, -1.49, -6.86, 1, 1, 17, -2.04, -11.96, 1, 1, 18, -0.03, -10.12, 1, 1, 18, -0.64999, -4.84, 1, 1, 18, -0.72, 0.42, 1, 1, 18, -0.48, 6.43, 1, 1, 18, 0.47, 11.2, 1 ],
				"hull": 18,
				"edges": [ 22, 36, 36, 38, 38, 40, 40, 42, 42, 44, 44, 2, 20, 22, 20, 46, 46, 48, 48, 50, 50, 52, 52, 54, 2, 4, 54, 4, 22, 24, 26, 24, 26, 28, 28, 30, 30, 32, 32, 34, 2, 0, 34, 0, 16, 14, 14, 12, 12, 10, 10, 8, 6, 8, 4, 6, 16, 18, 20, 18 ],
				"width": 30,
				"height": 14
			}
		},
		"bone3": {
			"bizi": { "x": 25.77, "y": -0.22, "rotation": -90, "width": 18, "height": 14 }
		},
		"bone4": {
			"yanjing": {
				"type": "skinnedmesh",
				"uvs": [ 1, 0.3025, 1, 0.7232, 0.86693, 1, 0.66508, 1, 0.50624, 1, 0.315, 1, 0.12262, 1, 0, 0.75885, 0, 0.31676, 0.12577, 0, 0.31816, 0, 0.49959, 0, 0.67454, 0, 0.85431, 0, 0.54943, 0.33121, 0.55056, 0.68751, 0.44406, 0.35999, 0.44082, 0.70225 ],
				"triangles": [ 4, 16, 11, 14, 4, 11, 1, 2, 15, 2, 3, 15, 13, 0, 14, 14, 12, 13, 0, 15, 14, 15, 0, 1, 4, 15, 3, 14, 15, 4, 14, 11, 12, 5, 17, 4, 4, 17, 16, 16, 10, 11, 17, 5, 7, 5, 6, 7, 17, 7, 16, 8, 10, 16, 10, 8, 9, 16, 7, 8 ],
				"vertices": [ 1, 13, 4.21999, -11.77, 1, 1, 13, -5.45, -11.77, 1, 1, 13, -11.82, -4.85, 1, 1, 13, -11.82, 5.64, 1, 1, 6, 24.77, -0.54, 1, 1, 12, -11.98, -5.03, 1, 1, 12, -11.98, 4.96, 1, 1, 12, -6.44, 11.34, 1, 1, 12, 3.72, 11.34, 1, 1, 12, 11.01, 4.8, 1, 1, 12, 11.01, -5.19999, 1, 1, 6, 47.77, -0.19, 1, 1, 13, 11.17, 5.14, 1, 1, 13, 11.17, -4.19, 1, 1, 13, 3.56, 11.65, 1, 1, 13, -4.63, 11.59, 1, 1, 12, 2.73, -11.74, 1, 1, 12, -5.13, -11.58, 1 ],
				"hull": 14,
				"edges": [ 28, 24, 24, 26, 26, 0, 30, 28, 30, 6, 0, 2, 4, 6, 2, 4, 20, 32, 34, 32, 34, 10, 10, 12, 14, 12, 18, 20, 14, 16, 18, 16, 20, 22, 22, 24, 6, 8, 8, 10, 22, 8 ],
				"width": 52,
				"height": 23
			}
		},
		"bone5": {
			"biyan": {
				"type": "mesh",
				"uvs": [ 1, 1, 0, 1, 0, 0, 1, 0 ],
				"triangles": [ 1, 2, 3, 1, 3, 0 ],
				"vertices": [ 32.18, -21.94, 32.18, 22.05, 37.18, 22.05, 37.18, -21.94 ],
				"hull": 4,
				"edges": [ 0, 2, 2, 4, 4, 6, 0, 6 ],
				"width": 44,
				"height": 5
			}
		},
		"huwan2": {
			"huwan": { "x": 16.09, "y": 1.11, "rotation": -106.1, "width": 34, "height": 37 }
		},
		"huzi": {
			"huzi": {
				"type": "skinnedmesh",
				"uvs": [ 0.92011, 0.09471, 1, 0.30089, 1, 0.42239, 0.92461, 0.5807, 0.85447, 0.60503, 0.78661, 0.62857, 0.66212, 0.51443, 0.57548, 0.41517, 0.48624, 0.34586, 0.45921, 0.33523, 0.43702, 0.32887, 0.40116, 0.42861, 0.35285, 0.563, 0.27804, 0.82927, 0.15085, 1, 0, 1, 0, 0.67318, 0.08352, 0.42068, 0.1602, 0.47577, 0.2238, 0.22328, 0.31484, 0.14622, 0.38652, 0.08555, 0.43808, 0.13575, 0.47607, 0.14899, 0.55514, 0, 0.67712, 0, 0.83611, 0, 0.07017, 0.8252, 0.20768, 0.6182, 0.2874, 0.39071, 0.41834, 0.19906, 0.56595, 0.22056, 0.75512, 0.16098, 0.66953, 0.26011, 0.7698, 0.37894, 0.84584, 0.32065, 0.9225, 0.35205, 0.34966, 0.27263 ],
				"triangles": [ 21, 30, 20, 9, 30, 22, 22, 30, 21, 23, 24, 31, 37, 20, 30, 30, 9, 10, 22, 23, 9, 37, 30, 10, 9, 23, 8, 31, 8, 23, 8, 31, 7, 10, 11, 37, 32, 25, 26, 35, 32, 26, 31, 24, 25, 33, 31, 25, 32, 33, 25, 0, 35, 26, 0, 36, 35, 34, 33, 32, 1, 36, 0, 35, 34, 32, 7, 31, 33, 6, 7, 33, 36, 1, 2, 34, 6, 33, 3, 36, 2, 35, 4, 34, 35, 36, 4, 36, 3, 4, 5, 6, 34, 4, 5, 34, 19, 20, 37, 29, 19, 37, 11, 29, 37, 29, 18, 19, 12, 29, 11, 18, 29, 12, 28, 18, 12, 16, 17, 18, 16, 18, 28, 27, 16, 28, 13, 28, 12, 27, 28, 13, 15, 16, 27, 14, 27, 13, 15, 27, 14 ],
				"vertices": [ 1, 11, 16.78, 6.38, 1, 1, 11, 22.14, 3.15, 1, 1, 11, 22.85, 0.58, 1, 1, 11, 19.85, -3.85, 1, 1, 11, 16.34, -5.37, 1, 1, 11, 12.94, -6.85, 1, 2, 11, 5.79, -6.21, 0.75, 6, 15.46, -11.97, 0.25, 2, 11, 0.7, -5.35, 0.5, 6, 17.64, -7.29, 0.5, 2, 11, -4.34, -5.15, 0.25, 6, 19.16, -2.47, 0.75, 1, 6, 19.4, -1.01, 1, 2, 10, -3.97, 5.86, 0.25, 6, 19.54, 0.18, 0.75, 2, 10, -1.04999, 5.88, 0.46299, 6, 17.34, 2.10999, 0.537, 2, 10, 2.88, 5.92, 0.75, 6, 14.39, 4.71999, 0.25, 1, 10, 9.93999, 6.82, 1, 1, 10, 17.33, 4.21999, 1, 1, 10, 22.77, -1.83, 1, 1, 10, 17.42, -6.63, 1, 1, 10, 10.27, -6.99, 1, 1, 10, 8.41, -3.1, 1, 2, 10, 1.98, -4.25, 0.75, 6, 21.86, 11.69, 0.25, 2, 10, -2.56, -1.73, 0.47026, 6, 23.56, 6.77, 0.52973, 2, 10, -6.14, 0.25, 0.25, 6, 24.89, 2.9, 0.75, 1, 6, 23.79, 0.12, 1, 2, 11, -6.02, -1.12, 0.25, 6, 23.5, -1.92, 0.75, 2, 11, -2.77, 3.16, 0.5, 6, 26.77, -6.19, 0.5, 2, 11, 3.57, 4.91, 0.75, 6, 26.77, -12.78, 0.25, 1, 11, 11.85, 7.19, 1, 1, 10, 17.37, -1.58, 1, 1, 10, 9.02, 0.89, 1, 2, 10, 2.42, 0.75, 0.75, 6, 18.18, 8.25, 0.25, 2, 10, -5.43, 3.2, 0.25, 6, 22.39, 1.17999, 0.75, 2, 11, -0.92, -1.35, 0.5, 6, 21.92, -6.78, 0.5, 1, 11, 8.57, 2.60999, 1, 2, 11, 4.69999, -0.71, 0.75, 6, 21.05, -12.37, 0.25, 1, 11, 10.61, -1.79, 1, 1, 11, 14.23, 0.52, 1, 1, 11, 18.4, 0.96, 1, 2, 10, -1.74, 1.52, 0.45014, 6, 20.78, 4.89, 0.54985 ],
				"hull": 27,
				"edges": [ 24, 26, 28, 30, 26, 28, 36, 38, 36, 34, 30, 32, 34, 32, 28, 54, 54, 32, 26, 56, 56, 36, 24, 58, 58, 38, 20, 60, 60, 42, 46, 48, 46, 16, 16, 14, 48, 62, 62, 14, 64, 52, 52, 0, 0, 2, 48, 50, 50, 52, 50, 64, 14, 12, 12, 10, 2, 4, 6, 4, 10, 8, 8, 6, 50, 66, 66, 12, 64, 68, 68, 10, 52, 70, 70, 8, 0, 72, 72, 6, 42, 44, 44, 46, 18, 44, 20, 18, 18, 16, 38, 40, 40, 42, 40, 74, 20, 22, 22, 24, 74, 22 ],
				"width": 54,
				"height": 22
			}
		},
		"meimao2": {
			"meimao": {
				"type": "skinnedmesh",
				"uvs": [ 1, 0.43686, 0.94414, 0.67305, 0.83036, 0.88554, 0.66759, 1, 0.57835, 0.89112, 0.5077, 0.89677, 0.42585, 0.90331, 0.34076, 1, 0.16752, 0.87877, 0.04854, 0.66008, 0, 0.39421, 0, 0, 0.15712, 0, 0.22709, 0.27638, 0.24631, 0.48314, 0.3478, 0.69, 0.4283, 0.68419, 0.50106, 0.6963, 0.57137, 0.70801, 0.65538, 0.71993, 0.76566, 0.50744, 0.79369, 0.1708, 0.85497, 0, 1, 0 ],
				"triangles": [ 5, 17, 18, 6, 17, 5, 2, 19, 1, 4, 18, 19, 4, 19, 2, 5, 18, 4, 21, 22, 23, 0, 21, 23, 20, 21, 0, 1, 20, 0, 19, 20, 1, 3, 4, 2, 13, 11, 12, 8, 9, 15, 13, 10, 11, 10, 13, 14, 9, 10, 14, 9, 14, 15, 6, 15, 16, 6, 16, 17, 8, 15, 6, 7, 8, 6 ],
				"vertices": [ 1, 15, 20.07, -2.8, 1, 1, 15, 15.69, -4.86, 1, 1, 15, 8.68, -5.19999, 1, 1, 15, -0.01, -2.97, 1, 1, 15, -3.56, 0.71, 1, 1, 6, 47.43, -0.63, 1, 1, 14, -5.13, -1.86, 1, 1, 14, -2.05, 1.88, 1, 1, 14, 6.91, 5.17, 1, 2, 14, 14.21, 5.6, 1, 15, -27.61, 16.65, 0, 1, 14, 18.68, 3.38, 1, 2, 14, 22.02, -1.97, 1, 15, -25.3, 27.28, 0, 1, 14, 14.82, -6.45, 1, 1, 14, 9.27, -4.69999, 1, 1, 14, 6.64, -2.44, 1, 1, 14, 0.24, -2.53, 1, 1, 14, -3.39, -4.9, 1, 1, 6, 50.63, -0.27, 1, 1, 15, -2.60999, 3.51, 1, 1, 15, 1.37, 1.33, 1, 1, 15, 8.21, 1.76, 1, 1, 15, 11.95, 5.92, 1, 1, 15, 16.12, 6.91, 1, 1, 15, 23.15, 3.46, 1 ],
				"hull": 24,
				"edges": [ 12, 32, 12, 14, 14, 16, 16, 18, 20, 22, 18, 20, 22, 24, 24, 26, 26, 28, 28, 30, 30, 32, 36, 8, 8, 6, 6, 4, 4, 2, 0, 46, 2, 0, 36, 38, 38, 40, 40, 42, 44, 46, 42, 44, 32, 34, 34, 36, 12, 10, 10, 8, 34, 10 ],
				"width": 54,
				"height": 16
			}
		},
		"shenti2": {
			"shenti": {
				"type": "mesh",
				"uvs": [ 0.92005, 0.17709, 1, 0.70816, 1, 1, 0.74583, 1, 0.50727, 1, 0.28212, 1, 0, 1, 0, 0.66943, 0.09449, 0.17709, 0.26603, 0, 0.49655, 0, 0.72974, 0, 0.27407, 0.37071, 0.27944, 0.69709, 0.49923, 0.33199, 0.50727, 0.6639, 0.73242, 0.34305, 0.74583, 0.6639 ],
				"triangles": [ 14, 10, 11, 16, 14, 11, 0, 16, 11, 14, 12, 9, 14, 9, 10, 8, 9, 12, 1, 17, 16, 15, 14, 16, 15, 16, 17, 12, 14, 15, 7, 8, 12, 13, 7, 12, 15, 13, 12, 1, 16, 0, 6, 7, 13, 4, 5, 13, 6, 13, 5, 3, 4, 15, 4, 13, 15, 17, 3, 15, 3, 17, 1, 3, 1, 2 ],
				"vertices": [ 36, -40.74, 11.04, -48.49, -2.67, -48.49, -2.67, -23.84, -2.67, -0.7, -2.67, 21.13, -2.67, 48.5, 12.86, 48.5, 36, 39.33, 44.32, 22.69, 44.32, 0.33, 44.32, -22.28, 26.9, 21.91, 11.56, 21.39, 28.72, 0.07, 13.12, -0.7, 28.2, -22.54, 13.12, -23.84 ],
				"hull": 12,
				"edges": [ 18, 24, 24, 26, 10, 12, 26, 10, 18, 20, 20, 28, 28, 30, 8, 10, 30, 8, 20, 22, 22, 32, 32, 34, 4, 6, 6, 8, 34, 6, 22, 0, 4, 2, 0, 2, 18, 16, 12, 14, 16, 14 ],
				"width": 97,
				"height": 47
			}
		},
		"shou2": {
			"shou1": { "x": 13.25, "y": -1.69, "rotation": -136.77, "width": 28, "height": 30 }
		},
		"shoupa2": {
			"shoupa": {
				"type": "skinnedmesh",
				"uvs": [ 0.66428, 0.07484, 0.79746, 0.14575, 1, 0.25358, 1, 0.41395, 0.91606, 0.48518, 0.83808, 0.67758, 0.73264, 0.79514, 0.57682, 0.90556, 0.48059, 1, 0.2973, 1, 0.20107, 1, 0.23778, 0.92637, 0.26073, 0.83776, 0.14624, 0.74508, 0.18293, 0.65244, 0, 0.57708, 0, 0.52054, 0, 0.38871, 0.0667, 0.25005, 0.12363, 0.1317, 0.28863, 0, 0.54061, 0, 0.44421, 0.38526, 0.34165, 0.95787, 0.3927, 0.86607, 0.44793, 0.77083, 0.46717, 0.66335, 0.49929, 0.50127, 0.42137, 0.24581 ],
				"triangles": [ 9, 23, 8, 23, 24, 8, 8, 24, 7, 10, 11, 9, 9, 11, 23, 11, 12, 23, 23, 12, 24, 24, 25, 7, 7, 25, 6, 24, 12, 25, 12, 13, 25, 25, 26, 6, 6, 26, 5, 13, 14, 25, 25, 14, 26, 26, 27, 5, 26, 14, 27, 27, 14, 16, 14, 15, 16, 16, 22, 27, 16, 17, 22, 27, 22, 4, 22, 18, 28, 22, 17, 18, 5, 27, 4, 3, 4, 2, 4, 22, 2, 22, 1, 2, 22, 28, 1, 18, 19, 28, 28, 0, 1, 28, 19, 0, 19, 21, 0, 19, 20, 21 ],
				"vertices": [ 2, 22, 12.75, -12.3, 1, 28, -32.34999, 3.01, 0, 1, 22, 7.46, -16.53, 1, 3, 22, -0.58999, -22.96, 0.98998, 25, -8.2, 22.58, 0.00798, 28, -25.59, 18.70999, 0.00203, 3, 22, -8.87, -20.42, 0.94434, 25, 0.45, 22.84, 0.03948, 28, -17.09, 20.37, 0.01617, 3, 22, -11.52, -15.92, 0.86065, 25, 4.4, 19.43, 0.09154, 28, -12.64, 17.65, 0.04779, 3, 22, -20.5, -9.75, 0.43402, 25, 14.88, 16.45999, 0.23017, 28, -1.82, 16.43, 0.3358, 4, 22, -25.27, -3.66, 0.16252, 25, 21.36, 12.23, 0.14407, 28, 5.25, 13.31, 0.67854, 29, -10.88, 10.07, 0.01486, 4, 22, -29.06, 4.33, 0.01023, 25, 27.51, 5.86, 0.00436, 28, 12.36, 8.03, 0.66403, 29, -2.33999, 7.77, 0.32136, 2, 28, 18.15, 5.05, 0.19421, 29, 4.13, 7.11, 0.80578, 2, 28, 19.62999, -2.5, 7.7E-4, 29, 8.27, 0.62, 0.99922, 2, 25, 33.08, -9.75, 1.0E-5, 29, 10.45, -2.78, 0.99998, 2, 28, 16.20999, -5.71, 0.01819, 29, 6.27, -3.62, 0.9818, 3, 25, 24.25, -7.51, 0.02386, 28, 11.32, -5.69, 0.52918, 29, 1.72, -5.38, 0.44694, 3, 25, 19.39, -12.46, 0.27426, 28, 7.34, -11.37, 0.67778, 29, 0.09, -12.13, 0.04795, 3, 25, 14.34, -11.07, 0.62598, 28, 2.13, -10.82, 0.37044, 29, -4.94999, -13.52, 0.00357, 2, 25, 10.5, -18.87, 0.91694, 28, -0.37, -19.14, 0.08305, 2, 25, 7.45, -18.95999, 0.93499, 28, -3.37, -19.73, 0.065, 3, 22, 4.71, 19.33, 0.00305, 25, 0.34, -19.17, 0.97893, 28, -10.35999, -21.1, 0.01801, 3, 22, 11.05, 14.46, 0.17715, 25, -7.22, -16.6, 0.82251, 28, -18.24, -19.79, 3.2E-4, 3, 22, 16.45999, 10.3, 0.63103, 25, -13.68, -14.4, 0.36896, 28, -24.97, -18.67, 0, 3, 22, 21.24, 1.6, 0.99555, 25, -21, -7.68, 0.00443, 28, -33.29, -13.24, 0, 2, 22, 18.14, -8.51, 1, 28, -35.32, -2.85, 0, 1, 25, -0.39, -0.52999, 1, 1, 29, 5.35, 0.96, 1, 2, 28, 11.76, 0.03, 0.5, 29, 0.02, 0.1, 0.5, 2, 22, -20.51, 7.38, 0.00497, 28, 6.27, 1.32, 0.99502, 3, 22, -15.2, 4.91, 0.02809, 25, 14.58, 0.87, 0.44565, 28, 0.41, 1, 0.52625, 3, 22, -7.23, 1.05999, 0.22117, 25, 5.79, 1.96, 0.7704, 28, -8.42, 0.64, 0.00841, 2, 22, 6.91, 0.15, 0.9496, 25, -7.89, -1.71, 0.05039 ],
				"hull": 22,
				"edges": [ 34, 44, 44, 4, 32, 34, 4, 6, 8, 6, 8, 10, 10, 12, 12, 14, 30, 32, 28, 30, 28, 26, 26, 24, 24, 22, 16, 14, 22, 20, 16, 18, 18, 20, 16, 46, 46, 22, 24, 48, 48, 14, 26, 50, 50, 12, 28, 52, 52, 10, 32, 54, 54, 8, 38, 40, 38, 0, 40, 42, 0, 42, 34, 36, 36, 38, 36, 56, 4, 2, 2, 0, 56, 2 ],
				"width": 42,
				"height": 54
			}
		},
		"tou2": {
			"tou": { "x": 23.27, "y": 0.27, "rotation": -90, "width": 53, "height": 63 }
		},
		"toufa2": {
			"toufa": {
				"type": "skinnedmesh",
				"uvs": [ 0.8075, 0.10126, 0.83659, 0.23963, 0.91852, 0.34917, 0.96449, 0.46137, 0.93609, 0.55764, 1, 0.68329, 0.97661, 0.8233, 0.91447, 0.90783, 0.61808, 1, 0.3915, 1, 0.11097, 0.9267, 0.04992, 0.86113, 0, 0.72554, 0.05683, 0.57284, 0.04394, 0.44471, 0.13473, 0.29147, 0.17644, 0.18022, 0.20957, 0.06447, 0.24392, 0, 0.2844, 0, 0.33839, 0, 0.65928, 0, 0.71369, 0, 0.75403, 0, 0.50416, 0.75291, 0.4621, 0.83674, 0.53396, 0.8414, 0.50416, 0.9229, 0.43056, 0.77852, 0.56726, 0.77154, 0.53221, 0.70866, 0.46911, 0.71099, 0.54996, 0.97754, 0.67515, 0.97513, 0.71053, 0.91244, 0.60439, 0.79189, 0.64884, 0.77984, 0.69602, 0.80636, 0.58083, 0.87226, 0.63439, 0.8833, 0.68553, 0.89122, 0.45229, 0.97271, 0.39967, 0.79069, 0.36882, 0.77381, 0.34161, 0.97995, 0.328, 0.77984, 0.28536, 0.87266, 0.30078, 0.94378, 0.42352, 0.87317, 0.37995, 0.88475, 0.3346, 0.8769, 0.29192, 0.6864, 0.25794, 0.57284, 0.26457, 0.62716, 0.30545, 0.74757, 0.27056, 0.87073, 0.19257, 0.93926, 0.28072, 0.31429, 0.26723, 0.44145, 0.24883, 0.54578, 0.2844, 0.20467, 0.28809, 0.10197, 0.27704, 0.28781, 0.24737, 0.08253, 0.22794, 0.19188, 0.20581, 0.30258, 0.16059, 0.443, 0.14849, 0.57284, 0.13579, 0.67505, 0.17443, 0.77123, 0.20929, 0.83614, 0.74832, 0.55046, 0.71995, 0.6797, 0.74561, 0.61508, 0.69698, 0.75347, 0.72996, 0.86987, 0.8097, 0.93967, 0.80506, 0.83017, 0.83852, 0.74604, 0.85254, 0.64375, 0.85663, 0.5546, 0.73089, 0.37784, 0.7384, 0.46136, 0.84066, 0.46137, 0.81992, 0.36424, 0.72495, 0.25833, 0.72213, 0.12993, 0.75965, 0.11733, 0.78591, 0.24812 ],
				"triangles": [ 65, 16, 64, 62, 64, 60, 71, 30, 31, 28, 31, 24, 31, 53, 71, 87, 23, 0, 22, 23, 87, 86, 22, 87, 21, 22, 86, 87, 0, 1, 86, 87, 88, 60, 86, 85, 86, 61, 21, 61, 20, 21, 63, 18, 19, 17, 18, 63, 61, 19, 20, 63, 19, 61, 16, 17, 63, 64, 63, 61, 60, 61, 86, 51, 53, 31, 24, 30, 29, 24, 31, 30, 26, 24, 29, 60, 64, 61, 64, 16, 63, 85, 62, 60, 88, 87, 1, 85, 86, 88, 62, 85, 81, 45, 55, 54, 69, 51, 54, 11, 69, 70, 70, 69, 54, 9, 10, 56, 56, 55, 47, 56, 10, 70, 56, 70, 55, 55, 70, 54, 10, 11, 70, 68, 13, 67, 69, 11, 12, 53, 68, 67, 51, 69, 68, 51, 68, 53, 12, 13, 68, 69, 12, 68, 67, 13, 14, 53, 67, 52, 67, 59, 52, 71, 53, 52, 57, 82, 58, 65, 64, 62, 15, 16, 65, 81, 57, 62, 65, 62, 57, 58, 65, 57, 66, 15, 65, 66, 65, 58, 14, 15, 66, 59, 66, 58, 59, 67, 66, 58, 71, 52, 66, 67, 14, 52, 59, 58, 31, 43, 51, 25, 28, 24, 28, 43, 31, 41, 48, 27, 46, 45, 50, 56, 47, 44, 25, 48, 42, 48, 49, 42, 47, 46, 50, 50, 44, 47, 49, 44, 50, 44, 49, 9, 42, 49, 43, 50, 45, 43, 49, 50, 43, 9, 56, 44, 41, 49, 48, 45, 54, 43, 55, 46, 47, 46, 55, 45, 48, 25, 27, 42, 43, 28, 25, 42, 28, 41, 9, 49, 9, 41, 32, 25, 24, 26, 43, 54, 51, 27, 25, 26, 41, 27, 32, 32, 27, 38, 27, 26, 38, 38, 26, 35, 26, 29, 35, 75, 34, 37, 35, 29, 36, 38, 35, 39, 40, 39, 37, 37, 34, 40, 39, 35, 36, 39, 36, 37, 33, 34, 76, 8, 33, 76, 39, 32, 38, 8, 39, 33, 8, 32, 39, 33, 39, 40, 33, 40, 34, 37, 36, 74, 8, 9, 32, 36, 29, 30, 72, 36, 30, 76, 77, 7, 7, 77, 6, 8, 76, 7, 34, 75, 76, 75, 77, 76, 75, 37, 74, 77, 75, 74, 77, 74, 78, 77, 78, 6, 73, 72, 30, 71, 73, 30, 72, 74, 36, 6, 78, 5, 74, 72, 78, 80, 73, 71, 78, 79, 5, 79, 73, 80, 79, 80, 4, 79, 72, 73, 78, 72, 79, 79, 4, 5, 84, 88, 1, 82, 81, 84, 81, 88, 84, 84, 1, 2, 82, 57, 81, 82, 84, 83, 83, 84, 2, 83, 2, 3, 58, 82, 71, 3, 4, 83, 71, 83, 80, 71, 82, 83, 4, 80, 83, 81, 85, 88 ],
				"vertices": [ 1, 6, 45.38, -29.54, 1, 3, 21, -2.8, 5, 0.39, 8, -52.51, -21.84, 0, 6, 35.28, -32.36, 0.61, 3, 21, 7.32, 9.96, 0.74, 8, -55.87, -11.08, 0, 6, 27.28, -40.31, 0.26, 3, 21, 16.5, 11.56, 0.85942, 24, -7.94, 8.85, 0.14057, 8, -56.05, -1.76, 0, 3, 21, 22.28, 6.69, 0.43615, 24, -0.6, 7.1, 0.56383, 8, -50.37, 3.2, 0, 4, 21, 32.95, 9.62, 0.02339, 24, 7.61, 14.52, 0.83426, 27, -12.6, 10.82, 0.14233, 8, -51.64, 14.2, 0, 3, 24, 18.04999, 13.69, 0.5779, 27, -2.7, 14.21, 0.42209, 8, -44.91, 22.22, 0, 4, 21, 45.82, -3.49, 4.0E-5, 24, 25, 8.59, 0.29813, 27, 5.7, 12.29, 0.7018, 8, -36.72, 24.92, 0, 1, 9, 12.47, -7.09, 1, 2, 21, 35.91999, -53.7, 0, 8, 11.39, 7.5, 1, 4, 21, 22.12, -77.76, 0, 9, -34.49, -22.65, 0, 23, 23.84, -7.41, 0.21786, 26, 5.07, -10.43, 0.78213, 4, 21, 15.68, -81.83, 0, 9, -41.87, -20.76, 0, 23, 17.98, -12.27, 0.54916, 26, -2.25, -12.51, 0.45083, 5, 21, 4.75, -83.24, 0, 9, -50.39, -13.76, 0, 20, 36.09999, -9.28, 0.04137, 23, 7.32, -15.06, 0.82992, 26, -13.13, -10.77, 0.12869, 4, 21, -4.03, -74.44, 0, 9, -50, -1.33, 0, 20, 23.75, -7.8, 0.49254, 23, -2.51, -7.46, 0.50745, 2, 20, 15.35, -12.1, 0.93299, 23, -11.92, -6.83, 0.067, 4, 21, -21.06, -60.7, 0, 9, -51.66, 20.49, 0, 20, 1.87, -7.54, 0.73999, 6, 31.5, 35.71, 0.26, 3, 21, -27.45, -54.26, 0, 20, -7.13, -6.43, 0.33999, 6, 39.62, 31.66, 0.66, 1, 6, 48.07, 28.45, 1, 1, 6, 52.77, 25.11, 1, 1, 6, 52.77, 21.19, 1, 1, 6, 52.77, 15.95, 1, 1, 6, 52.77, -15.17, 1, 1, 6, 52.77, -20.44, 1, 1, 6, 52.77, -24.36, 1, 1, 6, -2.18, -0.12, 1, 2, 9, -6.23, -2.53, 0.23, 8, -0.17, 0.08, 0.77, 2, 9, 0.24, 0.04, 0.75, 8, -6.2, 3.6, 0.25, 3, 21, 34.09, -41.54, 0, 9, 0.08, -6.56, 0.5411, 8, -0.9, 7.54, 0.45889, 2, 8, 0.57, -5.09, 0.74389, 6, -4.05, 7.01, 0.2561, 2, 9, 1.05999, 6.03, 0.56976, 6, -3.54, -6.24, 0.43022, 2, 9, -3.93, 8.79, 0.25413, 6, 1.04, -2.84, 0.74586, 1, 6, 0.87, 3.27, 1, 1, 9, 5.78, -8.34, 1, 1, 9, 16.76, -3.14, 1, 1, 9, 17.98, 2.44, 1, 1, 9, 4.96, 6.17, 1, 1, 9, 8.51, 8.76, 1, 1, 9, 13.48, 8.89999, 1, 1, 9, 5.31, -0.11, 1, 1, 9, 10.37, 1.30999, 1, 1, 9, 15.13, 2.84, 1, 2, 21, 35.91999, -47.47, 0, 8, 5.23999, 8.45, 1, 2, 21, 21.7, -48.04, 0, 8, 3.64, -5.68, 1, 3, 21, 19.57, -50.48, 0, 9, -16.37, -2.10999, 0, 8, 5.73, -8.16, 1, 1, 8, 15.01, 3.97, 1, 2, 21, 18.71999, -54.38, 0, 8, 9.43999, -9.59, 1, 2, 21, 23.81, -60.47, 0, 8, 16.24, -5.49, 1, 2, 21, 29.21, -60.72, 0, 8, 17.29999, -0.19, 1, 2, 21, 28.14, -47.79, 0, 8, 4.36, 0.72, 1, 1, 8, 8.5, -0.47, 1, 2, 21, 25.63, -56.04, 0, 8, 12.14, -3.01, 1, 5, 21, 11.13, -55.5, 0, 9, -25.81, 0.58999, 0, 20, 23.95, 16.45, 0.13733, 23, 10.10999, 13.25, 0.42299, 26, 0.85, 14.01, 0.43965, 4, 21, 2.22, -55.96, 0, 20, 17.24, 10.58, 0.665, 23, 1.34, 11.66, 0.30969, 26, -7.82, 16.09, 0.0253, 5, 21, 6.19, -56.63, 0, 9, -30.02, 3.42, 0, 20, 20.76, 12.51, 0.40648, 23, 5.35, 11.5, 0.45237, 26, -4.19999, 14.33, 0.14114, 5, 21, 15.78, -55.69, 0, 9, -22.76, -2.92, 0, 20, 27.72, 19.18, 0.13733, 23, 14.75, 13.66, 0.42299, 26, 5.25, 12.51, 0.43965, 4, 21, 23.21, -61.78, 0, 20, 37.33, 18.99, 0.00109, 23, 22.9, 8.56, 0.02036, 26, 10.65, 4.56, 0.97853, 3, 21, 25.53, -70.55, 0, 9, -26.91, -20.2, 0, 26, 10.38, -4.48999, 0.99999, 4, 21, -14.94, -47.82, 0, 8, -2.15, -41.86, 5.0E-5, 20, -1.28, 6.36, 0.73994, 6, 29.83, 21.54, 0.26, 4, 9, -35.41, 15.86, 0, 20, 7.9, 8.22, 0.93787, 23, -7.88, 14.43, 0.05901, 26, -15.14, 22.36, 0.0031, 4, 21, 0.07, -56.17, 0, 20, 15.67, 9.08, 0.665, 23, -0.76, 11.18, 0.30969, 26, -9.93999, 16.51, 0.0253, 3, 21, -22.4, -44.91, 0, 20, -8.93999, 4.02, 0.33999, 6, 37.83, 21.19, 0.66, 1, 6, 45.33, 20.83, 1, 4, 21, -16.87999, -47.53, 0, 8, -2.72, -43.74, 5.0E-5, 20, -2.98, 5.38, 0.73994, 6, 31.76, 21.9, 0.26, 1, 6, 46.75, 24.78, 1, 3, 21, -25.04, -49.8, 0, 20, -7.99, -1.44, 0.33999, 6, 38.77, 26.66, 0.66, 2, 20, 0.33, -0.77, 0.74, 6, 30.68, 28.81, 0.26, 1, 20, 11.46, -1.48, 1, 2, 20, 20.78, 0.57, 0.5, 23, -0.75, 1.25, 0.5, 1, 23, 6.31, -1.42, 1, 2, 23, 13.93, 0.86, 0.5, 26, -0.64999, 1.13, 0.5, 1, 26, 5.16, 1.16, 1, 4, 21, 15.94, -10.38, 0.58998, 24, 1.41, -11, 0.37872, 27, -8.14999, -15.06, 0.03128, 8, -34.45, -5.65, 0, 4, 21, 23.99, -16.02, 0.18663, 24, 11.14, -12.41, 0.6161, 27, 1.33, -12.49, 0.19725, 8, -27.65, 1.44, 0, 4, 21, 20.32, -12.14, 0.16446, 24, 6.12, -10.6, 0.73403, 27, -3.98, -12.82, 0.1015, 8, -32.04, -1.59, 0, 4, 21, 28.38, -19.85, 0.08681, 24, 16.78, -13.87, 0.4062, 27, 7.09, -11.58, 0.50698, 8, -23.19, 5.19, 0, 1, 27, 12.67, -4.42, 1, 4, 21, 44.76, -13.86, 0, 24, 28.72, -1.14, 0.06434, 27, 12.98, 4.83, 0.93564, 8, -26.63, 22.29, 0, 1, 27, 6.4, 0.28, 1, 2, 24, 14.33, -0.35, 0.5, 27, -0.52999, -0.15, 0.5, 1, 24, 6.75, -0.04, 1, 2, 21, 19.59, -0.52999, 0.5, 24, 0.25, -0.55, 0.5, 3, 21, 3.46, -7.94, 0.73278, 24, -10.82, -14.43, 0.00721, 6, 25.19, -22.11, 0.26, 3, 21, 9.47, -9.21, 0.86698, 24, -4.88, -12.86, 0.13301, 8, -36.59, -11.87, 0, 1, 21, 12.65, 0.18, 1, 2, 21, 5.29, 0.55, 0.74, 6, 26.18, -30.75, 0.26, 3, 21, -4.98, -5.69, 0.39, 8, -42.27, -25.62, 0, 6, 33.91, -21.54, 0.61, 1, 6, 43.29, -21.26, 1, 1, 6, 44.21, -24.9, 1, 2, 21, -3.79, 0.14, 0.39, 6, 34.66, -27.45, 0.61 ],
				"hull": 24,
				"edges": [ 56, 50, 50, 54, 54, 52, 52, 58, 60, 48, 48, 62, 62, 56, 60, 58, 16, 64, 64, 54, 16, 66, 66, 68, 74, 68, 74, 72, 72, 70, 70, 58, 64, 76, 76, 70, 16, 78, 78, 72, 66, 80, 80, 74, 48, 52, 52, 76, 76, 78, 78, 80, 80, 68, 16, 18, 18, 82, 82, 54, 18, 88, 90, 92, 92, 94, 94, 88, 90, 86, 86, 84, 84, 56, 82, 96, 96, 84, 18, 98, 98, 86, 88, 100, 100, 90, 92, 100, 100, 98, 98, 96, 96, 50, 50, 48, 20, 22, 26, 24, 24, 22, 108, 110, 110, 112, 112, 20, 108, 102, 102, 106, 106, 104, 114, 116, 116, 118, 30, 28, 28, 26, 122, 120, 120, 124, 122, 40, 36, 34, 34, 32, 32, 30, 34, 126, 126, 122, 36, 38, 38, 40, 32, 128, 128, 120, 30, 130, 130, 114, 28, 132, 132, 116, 26, 134, 134, 104, 24, 136, 136, 106, 22, 138, 138, 102, 108, 140, 140, 20, 38, 126, 126, 128, 128, 130, 130, 132, 132, 134, 134, 136, 136, 138, 138, 140, 140, 110, 10, 8, 10, 12, 12, 14, 144, 148, 148, 150, 150, 152, 152, 14, 148, 154, 154, 14, 150, 154, 144, 156, 156, 12, 154, 156, 10, 158, 158, 146, 156, 158, 142, 160, 160, 8, 158, 160, 4, 6, 6, 8, 162, 164, 164, 142, 142, 146, 146, 144, 164, 166, 166, 6, 162, 168, 168, 4, 46, 0, 0, 2, 2, 4, 40, 42, 42, 172, 172, 170, 170, 162, 42, 44, 44, 46, 172, 174, 174, 0, 170, 176, 176, 2, 44, 174, 174, 176, 176, 168, 168, 166, 166, 160, 14, 16, 18, 20 ],
				"width": 97,
				"height": 73
			}
		},
		"touguan2": {
			"touguan": { "x": 6.54, "y": -0.04, "rotation": -90.45, "width": 83, "height": 40 }
		}
	}
},
"animations": {
	"animation": {
		"slots": {
			"5": {
				"attachment": [
					{ "time": 0, "name": "2" },
					{ "time": 0.2666, "name": null },
					{ "time": 0.3666, "name": "2" },
					{ "time": 0.7, "name": null },
					{ "time": 0.7666, "name": "2" },
					{ "time": 1.1, "name": null },
					{ "time": 1.3, "name": null }
				]
			},
			"6": {
				"attachment": [
					{ "time": 0, "name": "1" },
					{ "time": 0.2, "name": null },
					{ "time": 0.2333, "name": "1" },
					{ "time": 0.4666, "name": null },
					{ "time": 0.5, "name": "1" },
					{ "time": 0.7, "name": null },
					{ "time": 0.7333, "name": "1" },
					{ "time": 0.9333, "name": null },
					{ "time": 0.9666, "name": "1" },
					{ "time": 1.1666, "name": null },
					{ "time": 1.3, "name": null }
				]
			},
			"7": {
				"attachment": [
					{ "time": 0, "name": "3" },
					{ "time": 0.2333, "name": null },
					{ "time": 0.4, "name": "3" },
					{ "time": 0.6333, "name": null },
					{ "time": 1.3, "name": null }
				]
			},
			"8": {
				"attachment": [
					{ "time": 0, "name": "4" },
					{ "time": 1.3, "name": "4" }
				]
			},
			"biyan": {
				"attachment": [
					{ "time": 0, "name": null },
					{ "time": 1.3, "name": null }
				]
			},
			"bone2": {
				"attachment": [
					{ "time": 0, "name": "zui" },
					{ "time": 1.3, "name": "zui" }
				]
			},
			"bone3": {
				"attachment": [
					{ "time": 0, "name": "bizi" },
					{ "time": 1.3, "name": "bizi" }
				]
			},
			"bone4": {
				"attachment": [
					{ "time": 0, "name": "yanjing" },
					{ "time": 0.6666, "name": null },
					{ "time": 1.3, "name": null }
				]
			},
			"bone5": {
				"attachment": [
					{ "time": 0, "name": null },
					{ "time": 0.6666, "name": "biyan" },
					{ "time": 1.3, "name": "biyan" }
				]
			},
			"huwan": {
				"attachment": [
					{ "time": 0, "name": null },
					{ "time": 1.3, "name": null }
				]
			},
			"huwan2": {
				"attachment": [
					{ "time": 0, "name": "huwan" },
					{ "time": 1.3, "name": "huwan" }
				]
			},
			"huzi": {
				"attachment": [
					{ "time": 0, "name": "huzi" },
					{ "time": 1.3, "name": "huzi" }
				]
			},
			"meimao2": {
				"attachment": [
					{ "time": 0, "name": "meimao" },
					{ "time": 1.3, "name": "meimao" }
				]
			},
			"shenti2": {
				"attachment": [
					{ "time": 0, "name": "shenti" },
					{ "time": 1.3, "name": "shenti" }
				]
			},
			"shou2": {
				"attachment": [
					{ "time": 0, "name": "shou1" },
					{ "time": 1.3, "name": "shou1" }
				]
			},
			"shoupa2": {
				"attachment": [
					{ "time": 0, "name": "shoupa" },
					{ "time": 1.3, "name": "shoupa" }
				]
			},
			"tou2": {
				"attachment": [
					{ "time": 0, "name": "tou" },
					{ "time": 1.3, "name": "tou" }
				]
			},
			"toufa2": {
				"attachment": [
					{ "time": 0, "name": "toufa" },
					{ "time": 1.3, "name": "toufa" }
				]
			},
			"touguan2": {
				"attachment": [
					{ "time": 0, "name": "touguan" },
					{ "time": 1.3, "name": "touguan" }
				]
			}
		},
		"bones": {
			"root": {
				"rotate": [
					{ "time": 0, "angle": 0, "curve": "stepped" },
					{ "time": 0.5666, "angle": 0, "curve": "stepped" },
					{ "time": 0.7333, "angle": 0, "curve": "stepped" },
					{ "time": 1.3, "angle": 0 }
				],
				"translate": [
					{ "time": 0, "x": 0, "y": 0, "curve": "stepped" },
					{ "time": 0.5666, "x": 0, "y": 0, "curve": "stepped" },
					{ "time": 0.7333, "x": 0, "y": 0, "curve": "stepped" },
					{ "time": 1.3, "x": 0, "y": 0 }
				],
				"scale": [
					{ "time": 0, "x": 1, "y": 1, "curve": "stepped" },
					{ "time": 0.5666, "x": 1, "y": 1, "curve": "stepped" },
					{ "time": 0.7333, "x": 1, "y": 1, "curve": "stepped" },
					{ "time": 1.3, "x": 1, "y": 1 }
				]
			},
			"bone": {
				"rotate": [
					{ "time": 0, "angle": 0, "curve": "stepped" },
					{ "time": 0.7333, "angle": 0, "curve": "stepped" },
					{ "time": 1.3, "angle": 0 }
				],
				"translate": [
					{ "time": 0, "x": 0, "y": 0, "curve": "stepped" },
					{ "time": 0.7333, "x": 0, "y": 0, "curve": "stepped" },
					{ "time": 1.3, "x": 0, "y": 0 }
				],
				"scale": [
					{ "time": 0, "x": 1, "y": 1, "curve": "stepped" },
					{ "time": 0.7333, "x": 1, "y": 1, "curve": "stepped" },
					{ "time": 1.3, "x": 1, "y": 1 }
				]
			},
			"bone2": {
				"rotate": [
					{
						"time": 0,
						"angle": 0,
						"curve": [ 0.25, 0, 0.75, 1 ]
					},
					{
						"time": 0.0333,
						"angle": -0.85,
						"curve": [ 0.25, 0, 0.75, 1 ]
					},
					{
						"time": 0.1333,
						"angle": 0.64,
						"curve": [ 0.25, 0, 0.75, 1 ]
					},
					{
						"time": 0.2333,
						"angle": -0.85,
						"curve": [ 0.25, 0, 0.75, 1 ]
					},
					{
						"time": 0.3333,
						"angle": 0.64,
						"curve": [ 0.25, 0, 0.75, 1 ]
					},
					{
						"time": 0.4,
						"angle": -0.85,
						"curve": [ 0.25, 0, 0.75, 1 ]
					},
					{
						"time": 0.5,
						"angle": 0.64,
						"curve": [ 0.25, 0, 0.75, 1 ]
					},
					{
						"time": 0.6,
						"angle": -0.85,
						"curve": [ 0.25, 0, 0.75, 1 ]
					},
					{
						"time": 0.6666,
						"angle": 0.64,
						"curve": [ 0.25, 0, 0.75, 1 ]
					},
					{
						"time": 0.8,
						"angle": -0.85,
						"curve": [ 0.25, 0, 0.75, 1 ]
					},
					{
						"time": 0.9,
						"angle": 0.64,
						"curve": [ 0.25, 0, 0.75, 1 ]
					},
					{
						"time": 1.0333,
						"angle": -0.85,
						"curve": [ 0.25, 0, 0.75, 1 ]
					},
					{
						"time": 1.1333,
						"angle": 0.64,
						"curve": [ 0.25, 0, 0.75, 1 ]
					},
					{ "time": 1.3, "angle": 0 }
				],
				"translate": [
					{
						"time": 0,
						"x": 0,
						"y": 0,
						"curve": [ 0.25, 0, 0.75, 1 ]
					},
					{
						"time": 0.1,
						"x": -2.86,
						"y": 0,
						"curve": [ 0.25, 0, 0.75, 1 ]
					},
					{
						"time": 0.2,
						"x": 0,
						"y": 0,
						"curve": [ 0.25, 0, 0.75, 1 ]
					},
					{
						"time": 0.2666,
						"x": -2.86,
						"y": 0,
						"curve": [ 0.25, 0, 0.75, 1 ]
					},
					{
						"time": 0.3666,
						"x": 0,
						"y": 0,
						"curve": [ 0.25, 0, 0.75, 1 ]
					},
					{
						"time": 0.4666,
						"x": -2.86,
						"y": 0,
						"curve": [ 0.25, 0, 0.75, 1 ]
					},
					{
						"time": 0.5666,
						"x": 0,
						"y": 0,
						"curve": [ 0.25, 0, 0.75, 1 ]
					},
					{
						"time": 0.6333,
						"x": -2.86,
						"y": 0,
						"curve": [ 0.25, 0, 0.75, 1 ]
					},
					{
						"time": 0.7666,
						"x": 0,
						"y": 0,
						"curve": [ 0.25, 0, 0.75, 1 ]
					},
					{
						"time": 0.8666,
						"x": -2.86,
						"y": 0,
						"curve": [ 0.25, 0, 0.75, 1 ]
					},
					{
						"time": 1,
						"x": 0,
						"y": 0,
						"curve": [ 0.25, 0, 0.75, 1 ]
					},
					{
						"time": 1.1,
						"x": -2.86,
						"y": 0,
						"curve": [ 0.25, 0, 0.75, 1 ]
					},
					{ "time": 1.2333, "x": 0, "y": 0, "curve": "stepped" },
					{ "time": 1.3, "x": 0, "y": 0 }
				],
				"scale": [
					{ "time": 0, "x": 1, "y": 1, "curve": "stepped" },
					{ "time": 1.3, "x": 1, "y": 1 }
				]
			},
			"huwan": {
				"rotate": [
					{ "time": 0, "angle": 0 },
					{ "time": 0.2, "angle": -1.8 },
					{ "time": 0.5333, "angle": 0 },
					{ "time": 0.7, "angle": -6.27 },
					{ "time": 0.8333, "angle": 10.19 },
					{ "time": 0.9666, "angle": -6.59 },
					{ "time": 1.1333, "angle": 10.4 },
					{ "time": 1.3, "angle": 0 }
				],
				"translate": [
					{ "time": 0, "x": 4.22, "y": 0.93 },
					{ "time": 0.2333, "x": 4.22, "y": -0.14 },
					{ "time": 0.5333, "x": 4.22, "y": 0.93 },
					{ "time": 0.7, "x": 35.38, "y": 6.54, "curve": "stepped" },
					{ "time": 1.1333, "x": 35.38, "y": 6.54 },
					{ "time": 1.3, "x": 4.22, "y": 0.93 }
				],
				"scale": [
					{ "time": 0, "x": 1, "y": 1, "curve": "stepped" },
					{ "time": 0.5333, "x": 1, "y": 1, "curve": "stepped" },
					{ "time": 1.3, "x": 1, "y": 1 }
				]
			},
			"bone10": {
				"rotate": [
					{
						"time": 0,
						"angle": 0,
						"curve": [ 0.286, 0, 0.626, 0.38 ]
					},
					{
						"time": 0.1333,
						"angle": 20.46,
						"curve": [ 0.306, 0.24, 0.649, 0.6 ]
					},
					{
						"time": 0.3333,
						"angle": -11.51,
						"curve": [ 0.339, 0.35, 0.687, 0.73 ]
					},
					{
						"time": 0.5666,
						"angle": 15.23,
						"curve": [ 0.379, 0.6, 0.724, 1 ]
					},
					{ "time": 0.7333, "angle": 0 },
					{ "time": 0.9, "angle": -14.42 },
					{ "time": 1.1, "angle": 1.81 },
					{ "time": 1.3, "angle": -8.94 }
				],
				"translate": [
					{ "time": 0, "x": 0, "y": 0, "curve": "stepped" },
					{ "time": 0.7333, "x": 0, "y": 0, "curve": "stepped" },
					{ "time": 1.3, "x": 0, "y": 0 }
				],
				"scale": [
					{ "time": 0, "x": 1, "y": 1, "curve": "stepped" },
					{ "time": 0.7333, "x": 1, "y": 1, "curve": "stepped" },
					{ "time": 1.3, "x": 1, "y": 1 }
				]
			},
			"bone11": {
				"rotate": [
					{
						"time": 0,
						"angle": 0,
						"curve": [ 0.275, 0, 0.62, 0.4 ]
					},
					{
						"time": 0.2,
						"angle": -19.79,
						"curve": [ 0.312, 0.26, 0.66, 0.64 ]
					},
					{
						"time": 0.4,
						"angle": 10.98,
						"curve": [ 0.35, 0.39, 0.693, 0.75 ]
					},
					{
						"time": 0.6,
						"angle": -14.44,
						"curve": [ 0.373, 0.61, 0.713, 1 ]
					},
					{ "time": 0.7333, "angle": 0 },
					{ "time": 0.9333, "angle": 10.93 },
					{ "time": 1.1, "angle": -0.77 },
					{ "time": 1.3, "angle": 10.93 }
				],
				"translate": [
					{ "time": 0, "x": 0, "y": 0, "curve": "stepped" },
					{ "time": 0.7333, "x": 0, "y": 0, "curve": "stepped" },
					{ "time": 1.3, "x": 0, "y": 0 }
				],
				"scale": [
					{ "time": 0, "x": 1, "y": 1, "curve": "stepped" },
					{ "time": 0.7333, "x": 1, "y": 1, "curve": "stepped" },
					{ "time": 1.3, "x": 1, "y": 1 }
				]
			},
			"bone12": {
				"rotate": [
					{
						"time": 0,
						"angle": 0,
						"curve": [ 0.286, 0, 0.626, 0.38 ]
					},
					{
						"time": 0.1333,
						"angle": -20.29,
						"curve": [ 0.306, 0.24, 0.649, 0.6 ]
					},
					{
						"time": 0.3333,
						"angle": 1.61,
						"curve": [ 0.339, 0.35, 0.687, 0.73 ]
					},
					{
						"time": 0.5666,
						"angle": -21.5,
						"curve": [ 0.379, 0.6, 0.724, 1 ]
					},
					{ "time": 0.7333, "angle": 0 },
					{ "time": 0.9333, "angle": -15.08 },
					{ "time": 1.1, "angle": 0.72 },
					{ "time": 1.3, "angle": -9.37 }
				],
				"translate": [
					{ "time": 0, "x": 0, "y": 0, "curve": "stepped" },
					{ "time": 0.7333, "x": 0, "y": 0, "curve": "stepped" },
					{ "time": 1.3, "x": 0, "y": 0 }
				],
				"scale": [
					{ "time": 0, "x": 1, "y": 1, "curve": "stepped" },
					{ "time": 0.7333, "x": 1, "y": 1, "curve": "stepped" },
					{ "time": 1.3, "x": 1, "y": 1 }
				]
			},
			"bone13": {
				"rotate": [
					{
						"time": 0,
						"angle": 0,
						"curve": [ 0.269, 0, 0.618, 0.41 ]
					},
					{
						"time": 0.1666,
						"angle": 9.18,
						"curve": [ 0.319, 0.28, 0.665, 0.66 ]
					},
					{
						"time": 0.3333,
						"angle": -13.74,
						"curve": [ 0.38, 0.54, 0.743, 1 ]
					},
					{ "time": 0.5666, "angle": 19.91 },
					{ "time": 0.7333, "angle": 0 },
					{ "time": 0.9333, "angle": -23.19 },
					{ "time": 1.0666, "angle": -6.2, "curve": "stepped" },
					{ "time": 1.3, "angle": -6.2 }
				],
				"translate": [
					{ "time": 0, "x": 0, "y": 0, "curve": "stepped" },
					{ "time": 0.5666, "x": 0, "y": 0, "curve": "stepped" },
					{ "time": 0.7333, "x": 0, "y": 0, "curve": "stepped" },
					{ "time": 1.3, "x": 0, "y": 0 }
				],
				"scale": [
					{ "time": 0, "x": 1, "y": 1, "curve": "stepped" },
					{ "time": 0.5666, "x": 1, "y": 1, "curve": "stepped" },
					{ "time": 0.7333, "x": 1, "y": 1, "curve": "stepped" },
					{ "time": 1.3, "x": 1, "y": 1 }
				]
			},
			"bone14": {
				"rotate": [
					{ "time": 0, "angle": 0, "curve": "stepped" },
					{ "time": 0.7333, "angle": 0, "curve": "stepped" },
					{ "time": 1.3, "angle": 0 }
				],
				"translate": [
					{ "time": 0, "x": 0, "y": 0, "curve": "stepped" },
					{ "time": 0.7333, "x": 0, "y": 0, "curve": "stepped" },
					{ "time": 1.3, "x": 0, "y": 0 }
				],
				"scale": [
					{
						"time": 0,
						"x": 1,
						"y": 1,
						"curve": [ 0.286, 0, 0.626, 0.38 ]
					},
					{
						"time": 0.1333,
						"x": 1.156,
						"y": 1.156,
						"curve": [ 0.316, 0.27, 0.757, 1 ]
					},
					{
						"time": 0.2666,
						"x": 0.902,
						"y": 0.902,
						"curve": [ 0.286, 0, 0.626, 0.38 ]
					},
					{
						"time": 0.4,
						"x": 1.156,
						"y": 1.156,
						"curve": [ 0.316, 0.27, 0.757, 1 ]
					},
					{
						"time": 0.5666,
						"x": 0.902,
						"y": 0.902,
						"curve": [ 0.286, 0, 0.626, 0.38 ]
					},
					{
						"time": 0.7,
						"x": 1.156,
						"y": 1.156,
						"curve": [ 0.316, 0.27, 0.757, 1 ]
					},
					{ "time": 0.7333, "x": 1, "y": 1, "curve": "stepped" },
					{ "time": 1.3, "x": 1, "y": 1 }
				]
			},
			"bone15": {
				"rotate": [
					{ "time": 0, "angle": 0, "curve": "stepped" },
					{ "time": 0.7333, "angle": 0, "curve": "stepped" },
					{ "time": 1.3, "angle": 0 }
				],
				"translate": [
					{ "time": 0, "x": 0, "y": 0, "curve": "stepped" },
					{ "time": 0.7333, "x": 0, "y": 0, "curve": "stepped" },
					{ "time": 1.3, "x": 0, "y": 0 }
				],
				"scale": [
					{
						"time": 0,
						"x": 1,
						"y": 1,
						"curve": [ 0.286, 0, 0.626, 0.38 ]
					},
					{
						"time": 0.1333,
						"x": 1.174,
						"y": 1.174,
						"curve": [ 0.316, 0.27, 0.757, 1 ]
					},
					{
						"time": 0.2666,
						"x": 0.867,
						"y": 0.867,
						"curve": [ 0.286, 0, 0.626, 0.38 ]
					},
					{
						"time": 0.4,
						"x": 1.174,
						"y": 1.174,
						"curve": [ 0.316, 0.27, 0.757, 1 ]
					},
					{
						"time": 0.5666,
						"x": 0.867,
						"y": 0.867,
						"curve": [ 0.286, 0, 0.626, 0.38 ]
					},
					{
						"time": 0.7,
						"x": 1.174,
						"y": 1.174,
						"curve": [ 0.316, 0.27, 0.757, 1 ]
					},
					{ "time": 0.7333, "x": 1, "y": 1, "curve": "stepped" },
					{ "time": 1.3, "x": 1, "y": 1 }
				]
			},
			"bone16": {
				"rotate": [
					{
						"time": 0,
						"angle": 0,
						"curve": [ 0.25, 0, 0.75, 1 ]
					},
					{
						"time": 0.1333,
						"angle": -11.75,
						"curve": [ 0.25, 0, 0.75, 1 ]
					},
					{
						"time": 0.2666,
						"angle": 0,
						"curve": [ 0.25, 0, 0.75, 1 ]
					},
					{
						"time": 0.4,
						"angle": -11.75,
						"curve": [ 0.25, 0, 0.75, 1 ]
					},
					{
						"time": 0.5666,
						"angle": 0,
						"curve": [ 0.25, 0, 0.75, 1 ]
					},
					{
						"time": 0.7,
						"angle": -11.75,
						"curve": [ 0.25, 0, 0.75, 1 ]
					},
					{ "time": 0.7333, "angle": 0 },
					{ "time": 0.9, "angle": -15.57 },
					{ "time": 1.1, "angle": 1.46 },
					{ "time": 1.3, "angle": -12.2 }
				],
				"translate": [
					{ "time": 0, "x": 0, "y": 0, "curve": "stepped" },
					{ "time": 0.7333, "x": 0, "y": 0, "curve": "stepped" },
					{ "time": 1.3, "x": 0, "y": 0 }
				],
				"scale": [
					{ "time": 0, "x": 1, "y": 1, "curve": "stepped" },
					{ "time": 0.7333, "x": 1, "y": 1, "curve": "stepped" },
					{ "time": 1.3, "x": 1, "y": 1 }
				]
			},
			"bone17": {
				"rotate": [
					{
						"time": 0,
						"angle": 0,
						"curve": [ 0.286, 0, 0.626, 0.38 ]
					},
					{
						"time": 0.1333,
						"angle": 7.6,
						"curve": [ 0.316, 0.27, 0.757, 1 ]
					},
					{
						"time": 0.2666,
						"angle": 0,
						"curve": [ 0.286, 0, 0.626, 0.38 ]
					},
					{
						"time": 0.4,
						"angle": 7.6,
						"curve": [ 0.316, 0.27, 0.757, 1 ]
					},
					{
						"time": 0.5666,
						"angle": 0,
						"curve": [ 0.286, 0, 0.626, 0.38 ]
					},
					{
						"time": 0.7,
						"angle": 7.6,
						"curve": [ 0.316, 0.27, 0.757, 1 ]
					},
					{ "time": 0.7333, "angle": 0 },
					{ "time": 0.9, "angle": 15.11 },
					{ "time": 1.1, "angle": -5.14 },
					{ "time": 1.3, "angle": 15.11 }
				],
				"translate": [
					{ "time": 0, "x": 0, "y": 0, "curve": "stepped" },
					{ "time": 0.7333, "x": 0, "y": 0, "curve": "stepped" },
					{ "time": 1.3, "x": 0, "y": 0 }
				],
				"scale": [
					{ "time": 0, "x": 1, "y": 1, "curve": "stepped" },
					{ "time": 0.7333, "x": 1, "y": 1, "curve": "stepped" },
					{ "time": 1.3, "x": 1, "y": 1 }
				]
			},
			"bone18": {
				"rotate": [
					{ "time": 0, "angle": 0, "curve": "stepped" },
					{ "time": 0.2666, "angle": 0, "curve": "stepped" },
					{ "time": 0.3666, "angle": 0, "curve": "stepped" },
					{ "time": 0.7, "angle": 0, "curve": "stepped" },
					{ "time": 0.7333, "angle": 0, "curve": "stepped" },
					{ "time": 0.7666, "angle": 0, "curve": "stepped" },
					{ "time": 1.1, "angle": 0, "curve": "stepped" },
					{ "time": 1.3, "angle": 0 }
				],
				"translate": [
					{
						"time": 0,
						"x": 0,
						"y": 0,
						"curve": [ 0.267, 0, 0.617, 0.42 ]
					},
					{
						"time": 0.2666,
						"x": 0,
						"y": -70.74,
						"curve": [ 0.347, 0.38, 0.757, 1 ]
					},
					{
						"time": 0.3666,
						"x": 0,
						"y": 0,
						"curve": [ 0.267, 0, 0.617, 0.42 ]
					},
					{
						"time": 0.7,
						"x": 0,
						"y": -70.74,
						"curve": [ 0.347, 0.38, 0.757, 1 ]
					},
					{ "time": 0.7333, "x": 0, "y": 0, "curve": "stepped" },
					{
						"time": 0.7666,
						"x": 0,
						"y": 0,
						"curve": [ 0.267, 0, 0.617, 0.42 ]
					},
					{ "time": 1.1, "x": 0, "y": -70.74, "curve": "stepped" },
					{ "time": 1.3, "x": 0, "y": -70.74 }
				],
				"scale": [
					{ "time": 0, "x": 1, "y": 1, "curve": "stepped" },
					{ "time": 0.2666, "x": 1, "y": 1, "curve": "stepped" },
					{ "time": 0.3666, "x": 1, "y": 1, "curve": "stepped" },
					{ "time": 0.7, "x": 1, "y": 1, "curve": "stepped" },
					{ "time": 0.7333, "x": 1, "y": 1, "curve": "stepped" },
					{ "time": 0.7666, "x": 1, "y": 1, "curve": "stepped" },
					{ "time": 1.1, "x": 1, "y": 1, "curve": "stepped" },
					{ "time": 1.3, "x": 1, "y": 1 }
				]
			},
			"bone19": {
				"rotate": [
					{ "time": 0, "angle": 0, "curve": "stepped" },
					{ "time": 0.2333, "angle": 0, "curve": "stepped" },
					{ "time": 0.5, "angle": 0, "curve": "stepped" },
					{ "time": 0.7333, "angle": 0, "curve": "stepped" },
					{ "time": 0.9666, "angle": 0, "curve": "stepped" },
					{ "time": 1.3, "angle": 0 }
				],
				"translate": [
					{
						"time": 0,
						"x": 0,
						"y": 0,
						"curve": [ 0.318, 0, 0.652, 0.34 ]
					},
					{
						"time": 0.2,
						"x": 0,
						"y": -40.19,
						"curve": [ 0.291, 0.12, 0.632, 0.49 ]
					},
					{
						"time": 0.2333,
						"x": 0,
						"y": 0,
						"curve": [ 0.318, 0, 0.652, 0.34 ]
					},
					{
						"time": 0.4666,
						"x": 0,
						"y": -40.19,
						"curve": [ 0.291, 0.12, 0.632, 0.49 ]
					},
					{
						"time": 0.5,
						"x": 0,
						"y": 0,
						"curve": [ 0.318, 0, 0.652, 0.34 ]
					},
					{
						"time": 0.7,
						"x": 0,
						"y": -40.19,
						"curve": [ 0.291, 0.12, 0.632, 0.49 ]
					},
					{
						"time": 0.7333,
						"x": 0,
						"y": 0,
						"curve": [ 0.318, 0, 0.652, 0.34 ]
					},
					{
						"time": 0.9333,
						"x": 0,
						"y": -40.19,
						"curve": [ 0.291, 0.12, 0.632, 0.49 ]
					},
					{
						"time": 0.9666,
						"x": 0,
						"y": 0,
						"curve": [ 0.318, 0, 0.652, 0.34 ]
					},
					{ "time": 1.1666, "x": 0, "y": -40.19, "curve": "stepped" },
					{ "time": 1.3, "x": 0, "y": -40.19 }
				],
				"scale": [
					{ "time": 0, "x": 1, "y": 1, "curve": "stepped" },
					{ "time": 0.2333, "x": 1, "y": 1, "curve": "stepped" },
					{ "time": 0.5, "x": 1, "y": 1, "curve": "stepped" },
					{ "time": 0.7333, "x": 1, "y": 1, "curve": "stepped" },
					{ "time": 0.9666, "x": 1, "y": 1, "curve": "stepped" },
					{ "time": 1.3, "x": 1, "y": 1 }
				]
			},
			"bone20": {
				"rotate": [
					{ "time": 0, "angle": 0, "curve": "stepped" },
					{ "time": 0.2333, "angle": 0, "curve": "stepped" },
					{ "time": 0.4, "angle": 0, "curve": "stepped" },
					{ "time": 0.6333, "angle": 0, "curve": "stepped" },
					{ "time": 0.7333, "angle": 0, "curve": "stepped" },
					{ "time": 1.3, "angle": 0 }
				],
				"translate": [
					{
						"time": 0,
						"x": 0,
						"y": 0,
						"curve": [ 0.267, 0, 0.617, 0.42 ]
					},
					{
						"time": 0.2333,
						"x": 0,
						"y": -49.12,
						"curve": [ 0.347, 0.38, 0.757, 1 ]
					},
					{
						"time": 0.4,
						"x": 0,
						"y": 0,
						"curve": [ 0.267, 0, 0.617, 0.42 ]
					},
					{
						"time": 0.6333,
						"x": 0,
						"y": -49.12,
						"curve": [ 0.347, 0.38, 0.757, 1 ]
					},
					{ "time": 0.7333, "x": 0, "y": 0, "curve": "stepped" },
					{ "time": 1.3, "x": 0, "y": 0 }
				],
				"scale": [
					{ "time": 0, "x": 1, "y": 1, "curve": "stepped" },
					{ "time": 0.2333, "x": 1, "y": 1, "curve": "stepped" },
					{ "time": 0.4, "x": 1, "y": 1, "curve": "stepped" },
					{ "time": 0.6333, "x": 1, "y": 1, "curve": "stepped" },
					{ "time": 0.7333, "x": 1, "y": 1, "curve": "stepped" },
					{ "time": 1.3, "x": 1, "y": 1 }
				]
			},
			"bone21": {
				"rotate": [
					{ "time": 0, "angle": 0, "curve": "stepped" },
					{ "time": 0.5666, "angle": 0, "curve": "stepped" },
					{ "time": 0.7333, "angle": 0, "curve": "stepped" },
					{ "time": 1.3, "angle": 0 }
				],
				"translate": [
					{ "time": 0, "x": 0, "y": 0, "curve": "stepped" },
					{ "time": 0.5666, "x": 0, "y": 0, "curve": "stepped" },
					{ "time": 0.7333, "x": 0, "y": 0, "curve": "stepped" },
					{ "time": 1.3, "x": 0, "y": 0 }
				],
				"scale": [
					{ "time": 0, "x": 1, "y": 1, "curve": "stepped" },
					{ "time": 0.5666, "x": 1, "y": 1, "curve": "stepped" },
					{ "time": 0.7333, "x": 1, "y": 1, "curve": "stepped" },
					{ "time": 1.3, "x": 1, "y": 1 }
				]
			},
			"bone26": {
				"rotate": [
					{ "time": 0, "angle": 0, "curve": "stepped" },
					{ "time": 0.7333, "angle": 0, "curve": "stepped" },
					{ "time": 1.3, "angle": 0 }
				],
				"translate": [
					{
						"time": 0,
						"x": 0,
						"y": 0,
						"curve": [ 0.299, 0, 0.635, 0.36 ]
					},
					{
						"time": 0.1,
						"x": -1.77,
						"y": 0,
						"curve": [ 0.297, 0.2, 0.755, 1 ]
					},
					{
						"time": 0.2,
						"x": 0,
						"y": 0,
						"curve": [ 0.299, 0, 0.635, 0.36 ]
					},
					{
						"time": 0.2666,
						"x": -1.77,
						"y": 0,
						"curve": [ 0.297, 0.2, 0.755, 1 ]
					},
					{
						"time": 0.3666,
						"x": 0,
						"y": 0,
						"curve": [ 0.299, 0, 0.635, 0.36 ]
					},
					{
						"time": 0.4666,
						"x": -1.77,
						"y": 0,
						"curve": [ 0.297, 0.2, 0.755, 1 ]
					},
					{
						"time": 0.5666,
						"x": 0,
						"y": 0,
						"curve": [ 0.299, 0, 0.635, 0.36 ]
					},
					{
						"time": 0.6333,
						"x": -1.77,
						"y": 0,
						"curve": [ 0.297, 0.2, 0.755, 1 ]
					},
					{ "time": 0.7333, "x": 0, "y": 0, "curve": "stepped" },
					{ "time": 1.3, "x": 0, "y": 0 }
				],
				"scale": [
					{ "time": 0, "x": 1, "y": 1, "curve": "stepped" },
					{ "time": 0.7333, "x": 1, "y": 1, "curve": "stepped" },
					{ "time": 1.3, "x": 1, "y": 1 }
				]
			},
			"bone27": {
				"rotate": [
					{ "time": 0, "angle": 0, "curve": "stepped" },
					{ "time": 0.7333, "angle": 0, "curve": "stepped" },
					{ "time": 1.3, "angle": 0 }
				],
				"translate": [
					{
						"time": 0,
						"x": 0,
						"y": 0,
						"curve": [ 0.29, 0, 0.629, 0.37 ]
					},
					{
						"time": 0.1,
						"x": 1.15,
						"y": 0,
						"curve": [ 0.31, 0.25, 0.756, 1 ]
					},
					{
						"time": 0.2,
						"x": 0,
						"y": 0,
						"curve": [ 0.29, 0, 0.629, 0.37 ]
					},
					{
						"time": 0.2666,
						"x": 1.15,
						"y": 0,
						"curve": [ 0.31, 0.25, 0.756, 1 ]
					},
					{
						"time": 0.3666,
						"x": 0,
						"y": 0,
						"curve": [ 0.29, 0, 0.629, 0.37 ]
					},
					{
						"time": 0.4666,
						"x": 1.15,
						"y": 0,
						"curve": [ 0.31, 0.25, 0.756, 1 ]
					},
					{
						"time": 0.5666,
						"x": 0,
						"y": 0,
						"curve": [ 0.29, 0, 0.629, 0.37 ]
					},
					{
						"time": 0.6333,
						"x": 1.15,
						"y": 0,
						"curve": [ 0.31, 0.25, 0.756, 1 ]
					},
					{ "time": 0.7333, "x": 0, "y": 0, "curve": "stepped" },
					{ "time": 1.3, "x": 0, "y": 0 }
				],
				"scale": [
					{ "time": 0, "x": 1, "y": 1, "curve": "stepped" },
					{ "time": 0.7333, "x": 1, "y": 1, "curve": "stepped" },
					{ "time": 1.3, "x": 1, "y": 1 }
				]
			},
			"bone28": {
				"rotate": [
					{ "time": 0, "angle": 0, "curve": "stepped" },
					{ "time": 0.5666, "angle": 0, "curve": "stepped" },
					{ "time": 0.7333, "angle": 0, "curve": "stepped" },
					{ "time": 1.3, "angle": 0 }
				],
				"translate": [
					{ "time": 0, "x": 0, "y": 0 },
					{ "time": 0.2, "x": 0, "y": -36.53 },
					{ "time": 0.2333, "x": 0, "y": 0 },
					{ "time": 0.4333, "x": 0, "y": -36.53 },
					{ "time": 0.5666, "x": 0, "y": 0, "curve": "stepped" },
					{ "time": 0.7333, "x": 0, "y": 0, "curve": "stepped" },
					{ "time": 1.3, "x": 0, "y": 0 }
				],
				"scale": [
					{ "time": 0, "x": 1, "y": 1, "curve": "stepped" },
					{ "time": 0.5666, "x": 1, "y": 1, "curve": "stepped" },
					{ "time": 0.7333, "x": 1, "y": 1, "curve": "stepped" },
					{ "time": 1.3, "x": 1, "y": 1 }
				]
			},
			"bone3": {
				"rotate": [
					{ "time": 0, "angle": 0, "curve": "stepped" },
					{ "time": 0.7333, "angle": 0, "curve": "stepped" },
					{ "time": 1.3, "angle": 0 }
				],
				"translate": [
					{
						"time": 0,
						"x": 0,
						"y": 0,
						"curve": [ 0.25, 0, 0.75, 1 ]
					},
					{
						"time": 0.1333,
						"x": 3.15,
						"y": -0.03,
						"curve": [ 0.25, 0, 0.75, 1 ]
					},
					{
						"time": 0.2666,
						"x": 0,
						"y": 0,
						"curve": [ 0.25, 0, 0.75, 1 ]
					},
					{
						"time": 0.4,
						"x": 3.15,
						"y": -0.03,
						"curve": [ 0.25, 0, 0.75, 1 ]
					},
					{
						"time": 0.5666,
						"x": 0,
						"y": 0,
						"curve": [ 0.25, 0, 0.75, 1 ]
					},
					{
						"time": 0.7,
						"x": 3.15,
						"y": -0.03,
						"curve": [ 0.25, 0, 0.75, 1 ]
					},
					{ "time": 0.7333, "x": 0, "y": 0, "curve": "stepped" },
					{ "time": 1.3, "x": 0, "y": 0 }
				],
				"scale": [
					{ "time": 0, "x": 1, "y": 1, "curve": "stepped" },
					{ "time": 0.7333, "x": 1, "y": 1, "curve": "stepped" },
					{ "time": 1.3, "x": 1, "y": 1 }
				]
			},
			"bone4": {
				"rotate": [
					{
						"time": 0,
						"angle": 0,
						"curve": [ 0.25, 0, 0.75, 1 ]
					},
					{
						"time": 0.2,
						"angle": -5.86,
						"curve": [ 0.25, 0, 0.75, 1 ]
					},
					{
						"time": 0.4,
						"angle": 3.73,
						"curve": [ 0.25, 0, 0.75, 1 ]
					},
					{
						"time": 0.6333,
						"angle": -5.86,
						"curve": [ 0.25, 0, 0.75, 1 ]
					},
					{ "time": 0.7333, "angle": 0, "curve": "stepped" },
					{ "time": 1.3, "angle": 0 }
				],
				"translate": [
					{ "time": 0, "x": 0, "y": 0, "curve": "stepped" },
					{ "time": 0.7333, "x": 0, "y": 0, "curve": "stepped" },
					{ "time": 1.3, "x": 0, "y": 0 }
				],
				"scale": [
					{ "time": 0, "x": 1, "y": 1, "curve": "stepped" },
					{ "time": 0.7333, "x": 1, "y": 1, "curve": "stepped" },
					{ "time": 1.3, "x": 1, "y": 1 }
				]
			},
			"bone7": {
				"rotate": [
					{ "time": 0, "angle": 0, "curve": "stepped" },
					{ "time": 0.5666, "angle": 0, "curve": "stepped" },
					{ "time": 0.7333, "angle": 0, "curve": "stepped" },
					{ "time": 1.3, "angle": 0 }
				],
				"translate": [
					{ "time": 0, "x": 0, "y": 0, "curve": "stepped" },
					{ "time": 0.5666, "x": 0, "y": 0, "curve": "stepped" },
					{ "time": 0.7333, "x": 0, "y": 0, "curve": "stepped" },
					{ "time": 1.3, "x": 0, "y": 0 }
				],
				"scale": [
					{ "time": 0, "x": 1, "y": 1, "curve": "stepped" },
					{ "time": 0.5666, "x": 1, "y": 1, "curve": "stepped" },
					{ "time": 0.7333, "x": 1, "y": 1, "curve": "stepped" },
					{ "time": 1.3, "x": 1, "y": 1 }
				]
			},
			"bone22": {
				"rotate": [
					{ "time": 0, "angle": 0, "curve": "stepped" },
					{ "time": 0.5666, "angle": 0, "curve": "stepped" },
					{ "time": 0.7333, "angle": 0, "curve": "stepped" },
					{ "time": 1.3, "angle": 0 }
				],
				"translate": [
					{ "time": 0, "x": 0, "y": 0, "curve": "stepped" },
					{ "time": 0.5666, "x": 0, "y": 0, "curve": "stepped" },
					{ "time": 0.7333, "x": 0, "y": 0, "curve": "stepped" },
					{ "time": 1.3, "x": 0, "y": 0 }
				],
				"scale": [
					{ "time": 0, "x": 1, "y": 1, "curve": "stepped" },
					{ "time": 0.5666, "x": 1, "y": 1, "curve": "stepped" },
					{ "time": 0.7333, "x": 1, "y": 1, "curve": "stepped" },
					{ "time": 1.3, "x": 1, "y": 1 }
				]
			},
			"bone5": {
				"rotate": [
					{
						"time": 0,
						"angle": 0,
						"curve": [ 0.25, 0, 0.75, 1 ]
					},
					{
						"time": 0.1,
						"angle": 20.19,
						"curve": [ 0.25, 0, 0.75, 1 ]
					},
					{
						"time": 0.3333,
						"angle": -17.03,
						"curve": [ 0.25, 0, 0.75, 1 ]
					},
					{
						"time": 0.5666,
						"angle": 20.19,
						"curve": [ 0.25, 0, 0.75, 1 ]
					},
					{ "time": 0.7333, "angle": 0, "curve": "stepped" },
					{ "time": 1.3, "angle": 0 }
				],
				"translate": [
					{ "time": 0, "x": 0, "y": 0, "curve": "stepped" },
					{ "time": 0.7333, "x": 0, "y": 0, "curve": "stepped" },
					{ "time": 1.3, "x": 0, "y": 0 }
				],
				"scale": [
					{ "time": 0, "x": 1, "y": 1, "curve": "stepped" },
					{ "time": 0.7333, "x": 1, "y": 1, "curve": "stepped" },
					{ "time": 1.3, "x": 1, "y": 1 }
				]
			},
			"bone8": {
				"rotate": [
					{ "time": 0, "angle": 0, "curve": "stepped" },
					{ "time": 0.5666, "angle": 0, "curve": "stepped" },
					{ "time": 0.7333, "angle": 0, "curve": "stepped" },
					{ "time": 1.3, "angle": 0 }
				],
				"translate": [
					{ "time": 0, "x": 0, "y": 0, "curve": "stepped" },
					{ "time": 0.5666, "x": 0, "y": 0, "curve": "stepped" },
					{ "time": 0.7333, "x": 0, "y": 0, "curve": "stepped" },
					{ "time": 1.3, "x": 0, "y": 0 }
				],
				"scale": [
					{ "time": 0, "x": 1, "y": 1, "curve": "stepped" },
					{ "time": 0.5666, "x": 1, "y": 1, "curve": "stepped" },
					{ "time": 0.7333, "x": 1, "y": 1, "curve": "stepped" },
					{ "time": 1.3, "x": 1, "y": 1 }
				]
			},
			"bone23": {
				"rotate": [
					{ "time": 0, "angle": 0, "curve": "stepped" },
					{ "time": 0.5666, "angle": 0, "curve": "stepped" },
					{ "time": 0.7333, "angle": 0, "curve": "stepped" },
					{ "time": 1.3, "angle": 0 }
				],
				"translate": [
					{ "time": 0, "x": 0, "y": 0, "curve": "stepped" },
					{ "time": 0.5666, "x": 0, "y": 0, "curve": "stepped" },
					{ "time": 0.7333, "x": 0, "y": 0, "curve": "stepped" },
					{ "time": 1.3, "x": 0, "y": 0 }
				],
				"scale": [
					{ "time": 0, "x": 1, "y": 1, "curve": "stepped" },
					{ "time": 0.5666, "x": 1, "y": 1, "curve": "stepped" },
					{ "time": 0.7333, "x": 1, "y": 1, "curve": "stepped" },
					{ "time": 1.3, "x": 1, "y": 1 }
				]
			},
			"bone6": {
				"rotate": [
					{
						"time": 0,
						"angle": 0,
						"curve": [ 0.25, 0, 0.75, 1 ]
					},
					{
						"time": 0.2,
						"angle": 13.55,
						"curve": [ 0.25, 0, 0.75, 1 ]
					},
					{
						"time": 0.4,
						"angle": -22,
						"curve": [ 0.25, 0, 0.75, 1 ]
					},
					{
						"time": 0.6333,
						"angle": 13.55,
						"curve": [ 0.25, 0, 0.75, 1 ]
					},
					{ "time": 0.7333, "angle": 0, "curve": "stepped" },
					{ "time": 1.3, "angle": 0 }
				],
				"translate": [
					{ "time": 0, "x": 0, "y": 0, "curve": "stepped" },
					{ "time": 0.7333, "x": 0, "y": 0, "curve": "stepped" },
					{ "time": 1.3, "x": 0, "y": 0 }
				],
				"scale": [
					{ "time": 0, "x": 1, "y": 1, "curve": "stepped" },
					{ "time": 0.7333, "x": 1, "y": 1, "curve": "stepped" },
					{ "time": 1.3, "x": 1, "y": 1 }
				]
			},
			"bone9": {
				"rotate": [
					{ "time": 0, "angle": 0, "curve": "stepped" },
					{ "time": 0.5666, "angle": 0, "curve": "stepped" },
					{ "time": 0.7333, "angle": 0, "curve": "stepped" },
					{ "time": 1.3, "angle": 0 }
				],
				"translate": [
					{ "time": 0, "x": 0, "y": 0, "curve": "stepped" },
					{ "time": 0.5666, "x": 0, "y": 0, "curve": "stepped" },
					{ "time": 0.7333, "x": 0, "y": 0, "curve": "stepped" },
					{ "time": 1.3, "x": 0, "y": 0 }
				],
				"scale": [
					{ "time": 0, "x": 1, "y": 1, "curve": "stepped" },
					{ "time": 0.5666, "x": 1, "y": 1, "curve": "stepped" },
					{ "time": 0.7333, "x": 1, "y": 1, "curve": "stepped" },
					{ "time": 1.3, "x": 1, "y": 1 }
				]
			},
			"bone24": {
				"rotate": [
					{ "time": 0, "angle": 0, "curve": "stepped" },
					{ "time": 0.5666, "angle": 0, "curve": "stepped" },
					{ "time": 0.7333, "angle": 0, "curve": "stepped" },
					{ "time": 1.3, "angle": 0 }
				],
				"translate": [
					{ "time": 0, "x": 0, "y": 0, "curve": "stepped" },
					{ "time": 0.5666, "x": 0, "y": 0, "curve": "stepped" },
					{ "time": 0.7333, "x": 0, "y": 0, "curve": "stepped" },
					{ "time": 1.3, "x": 0, "y": 0 }
				],
				"scale": [
					{ "time": 0, "x": 1, "y": 1, "curve": "stepped" },
					{ "time": 0.5666, "x": 1, "y": 1, "curve": "stepped" },
					{ "time": 0.7333, "x": 1, "y": 1, "curve": "stepped" },
					{ "time": 1.3, "x": 1, "y": 1 }
				]
			},
			"bone25": {
				"rotate": [
					{ "time": 0, "angle": 0, "curve": "stepped" },
					{ "time": 0.5666, "angle": 0, "curve": "stepped" },
					{ "time": 0.7333, "angle": 0, "curve": "stepped" },
					{ "time": 1.3, "angle": 0 }
				],
				"translate": [
					{ "time": 0, "x": 0, "y": 0, "curve": "stepped" },
					{ "time": 0.5666, "x": 0, "y": 0, "curve": "stepped" },
					{ "time": 0.7333, "x": 0, "y": 0, "curve": "stepped" },
					{ "time": 1.3, "x": 0, "y": 0 }
				],
				"scale": [
					{ "time": 0, "x": 1, "y": 1, "curve": "stepped" },
					{ "time": 0.5666, "x": 1, "y": 1, "curve": "stepped" },
					{ "time": 0.7333, "x": 1, "y": 1, "curve": "stepped" },
					{ "time": 1.3, "x": 1, "y": 1 }
				]
			}
		},
		"ffd": {
			"default": {
				"bone2": {
					"zui": [
						{ "time": 0, "curve": "stepped" },
						{ "time": 1.3 }
					]
				},
				"bone4": {
					"yanjing": [
						{ "time": 0, "curve": "stepped" },
						{ "time": 1.3 }
					]
				},
				"bone5": {
					"biyan": [
						{ "time": 0 },
						{
							"time": 0.6666,
							"vertices": [ 0.93038, -0.68055, 0.93038, -0.68055, 0.93038, -0.68055, 0.93038, -0.68055 ],
							"curve": "stepped"
						},
						{
							"time": 1.3,
							"vertices": [ 0.93038, -0.68055, 0.93038, -0.68055, 0.93038, -0.68055, 0.93038, -0.68055 ]
						}
					]
				},
				"huzi": {
					"huzi": [
						{ "time": 0, "curve": "stepped" },
						{ "time": 1.3 }
					]
				},
				"meimao2": {
					"meimao": [
						{ "time": 0, "curve": "stepped" },
						{ "time": 1.3 }
					]
				},
				"shenti2": {
					"shenti": [
						{ "time": 0, "curve": "stepped" },
						{ "time": 1.3 }
					]
				},
				"shoupa2": {
					"shoupa": [
						{ "time": 0, "curve": "stepped" },
						{ "time": 1.3 }
					]
				},
				"toufa2": {
					"toufa": [
						{ "time": 0, "curve": "stepped" },
						{ "time": 1.3 }
					]
				}
			}
		},
		"drawOrder": [
			{ "time": 0 },
			{
				"time": 0.6666,
				"offsets": [
					{ "slot": "bone5", "offset": -10 }
				]
			},
			{
				"time": 1.3,
				"offsets": [
					{ "slot": "bone5", "offset": -10 }
				]
			}
		]
	}
}
}