{
"skeleton": { "hash": "B4zCjPTitPrYMegMF6dYYi1tD4k", "spine": "2.1.27", "width": 45.62, "height": 51.56, "images": "" },
"bones": [
	{ "name": "root" },
	{ "name": "bone", "parent": "root", "x": -30.72, "y": 50.74 },
	{ "name": "bone2", "parent": "root", "x": -164.39, "y": -1.01 },
	{ "name": "bone3", "parent": "root", "x": -131.15, "y": 56.12 },
	{ "name": "bone4", "parent": "bone3", "x": 16.04, "y": 15.05 },
	{ "name": "bone5", "parent": "bone3", "x": -14.11, "y": 15.52 }
],
"slots": [
	{ "name": "19", "bone": "bone3" },
	{ "name": "bone4", "bone": "bone3" },
	{ "name": "20", "bone": "bone5" },
	{ "name": "bone3", "bone": "bone3" },
	{ "name": "21", "bone": "bone4" },
	{ "name": "bone5", "bone": "bone3" },
	{ "name": "18", "bone": "bone2" },
	{ "name": "17", "bone": "bone", "attachment": "8" },
	{ "name": "bone", "bone": "bone", "attachment": "7" },
	{ "name": "bone2", "bone": "bone", "attachment": "6" }
],
"skins": {
	"default": {
		"17": {
			"8": { "x": -0.22, "y": 0.2, "scaleX": 0.671, "scaleY": 0.671, "width": 50, "height": 50 }
		},
		"18": {
			"9": { "x": -0.55, "y": -0.05, "scaleX": 0.671, "scaleY": 0.671, "width": 126, "height": 128 },
			"10": { "x": 0.34, "y": -2.72, "scaleX": 0.671, "scaleY": 0.671, "width": 80, "height": 70 }
		},
		"19": {
			"16": { "x": -0.38, "y": 2.52, "scaleX": 0.671, "scaleY": 0.671, "width": 112, "height": 112 }
		},
		"20": {
			"14": { "x": 0.06, "y": -0.32, "scaleX": 0.671, "scaleY": 0.671, "width": 15, "height": 16 }
		},
		"21": {
			"12": { "x": 0.05, "y": -0.03, "scaleX": 0.671, "scaleY": 0.671, "width": 15, "height": 16 }
		},
		"bone": {
			"7": { "x": -12.23, "y": 13.69, "scaleX": 0.671, "scaleY": 0.671, "width": 26, "height": 24 }
		},
		"bone2": {
			"1": { "x": -15.54, "y": 19.02, "scaleX": 0.671, "scaleY": 0.671, "width": 28, "height": 26 },
			"2": { "x": -17.56, "y": 20.96, "scaleX": 0.671, "scaleY": 0.671, "width": 23, "height": 24 },
			"3": { "x": -20.08, "y": 20.95, "scaleX": 0.671, "scaleY": 0.671, "width": 27, "height": 24 },
			"4": { "x": -20.08, "y": 20.96, "scaleX": 0.671, "scaleY": 0.671, "width": 27, "height": 24 },
			"5": { "x": -19.4, "y": 21.91, "scaleX": 0.671, "scaleY": 0.671, "width": 25, "height": 27 },
			"6": { "x": -20, "y": 23.91, "scaleX": 0.671, "scaleY": 0.671, "width": 27, "height": 33 }
		},
		"bone3": {
			"13": { "x": 15.1, "y": 15.02, "scaleX": 0.671, "scaleY": 0.671, "width": 47, "height": 48 }
		},
		"bone4": {
			"15": { "x": -15.37, "y": 15.19, "scaleX": 0.671, "scaleY": 0.671, "width": 48, "height": 48 }
		},
		"bone5": {
			"11": { "x": 28.48, "y": -0.6, "scaleX": 0.671, "scaleY": 0.671, "width": 14, "height": 27 }
		}
	}
},
"animations": {
	"animation": {
		"slots": {
			"17": {
				"attachment": [
					{ "time": 0, "name": "8" },
					{ "time": 0.3666, "name": null },
					{ "time": 0.9, "name": null }
				]
			},
			"18": {
				"attachment": [
					{ "time": 0, "name": null },
					{ "time": 0.3666, "name": "10" },
					{ "time": 0.4333, "name": "9" },
					{ "time": 0.9, "name": "9" }
				],
				"color": [
					{ "time": 0.4333, "color": "ffffffff" },
					{ "time": 0.5333, "color": "ffffff00" }
				]
			},
			"19": {
				"attachment": [
					{ "time": 0, "name": null },
					{ "time": 0.3666, "name": "16" },
					{ "time": 0.9, "name": "16" }
				]
			},
			"20": {
				"attachment": [
					{ "time": 0, "name": null },
					{ "time": 0.3666, "name": "14" },
					{ "time": 0.9, "name": "14" }
				]
			},
			"21": {
				"attachment": [
					{ "time": 0, "name": null },
					{ "time": 0.3666, "name": "12" },
					{ "time": 0.9, "name": "12" }
				]
			},
			"bone": {
				"attachment": [
					{ "time": 0, "name": "7" },
					{ "time": 0.3666, "name": null },
					{ "time": 0.9, "name": null }
				]
			},
			"bone2": {
				"attachment": [
					{ "time": 0, "name": "6" },
					{ "time": 0.0666, "name": "5" },
					{ "time": 0.1333, "name": "4" },
					{ "time": 0.2, "name": "3" },
					{ "time": 0.2666, "name": "2" },
					{ "time": 0.3333, "name": "1" },
					{ "time": 0.3666, "name": null },
					{ "time": 0.9, "name": null }
				]
			},
			"bone3": {
				"attachment": [
					{ "time": 0, "name": null },
					{ "time": 0.3666, "name": "13" },
					{ "time": 0.9, "name": "13" }
				]
			},
			"bone4": {
				"attachment": [
					{ "time": 0, "name": null },
					{ "time": 0.3666, "name": "15" },
					{ "time": 0.9, "name": "15" }
				]
			},
			"bone5": {
				"attachment": [
					{ "time": 0, "name": null },
					{ "time": 0.3666, "name": "11" },
					{ "time": 0.9, "name": "11" }
				]
			}
		},
		"bones": {
			"root": {
				"rotate": [
					{ "time": 0, "angle": 0, "curve": "stepped" },
					{ "time": 0.8333, "angle": 0, "curve": "stepped" },
					{ "time": 0.9, "angle": 0 }
				],
				"translate": [
					{ "time": 0, "x": 0, "y": 0, "curve": "stepped" },
					{ "time": 0.8333, "x": 0, "y": 0, "curve": "stepped" },
					{ "time": 0.9, "x": 0, "y": 0 }
				],
				"scale": [
					{ "time": 0, "x": 1, "y": 1, "curve": "stepped" },
					{ "time": 0.8333, "x": 1, "y": 1, "curve": "stepped" },
					{ "time": 0.9, "x": 1, "y": 1 }
				]
			},
			"bone": {
				"rotate": [
					{ "time": 0, "angle": -0.7, "curve": "stepped" },
					{ "time": 0.8333, "angle": -0.7, "curve": "stepped" },
					{ "time": 0.9, "angle": -0.7 }
				],
				"translate": [
					{ "time": 0, "x": -0.7, "y": -3.45, "curve": "stepped" },
					{ "time": 0.8333, "x": -0.7, "y": -3.45, "curve": "stepped" },
					{ "time": 0.9, "x": -0.7, "y": -3.45 }
				],
				"scale": [
					{ "time": 0, "x": 1, "y": 1, "curve": "stepped" },
					{ "time": 0.8333, "x": 1, "y": 1, "curve": "stepped" },
					{ "time": 0.9, "x": 1, "y": 1 }
				]
			},
			"bone2": {
				"rotate": [
					{ "time": 0, "angle": 0, "curve": "stepped" },
					{ "time": 0.4333, "angle": 0, "curve": "stepped" },
					{ "time": 0.8333, "angle": 0, "curve": "stepped" },
					{ "time": 0.9, "angle": 0 }
				],
				"translate": [
					{ "time": 0, "x": 68.92, "y": 29.41 },
					{ "time": 0.3666, "x": 132.1, "y": 56.37, "curve": "stepped" },
					{ "time": 0.4333, "x": 132.1, "y": 56.37, "curve": "stepped" },
					{ "time": 0.8333, "x": 132.1, "y": 56.37, "curve": "stepped" },
					{ "time": 0.9, "x": 132.1, "y": 56.37 }
				],
				"scale": [
					{ "time": 0, "x": 1, "y": 1, "curve": "stepped" },
					{ "time": 0.4333, "x": 1, "y": 1 },
					{ "time": 0.5333, "x": 1.226, "y": 1.226, "curve": "stepped" },
					{ "time": 0.8333, "x": 1.226, "y": 1.226, "curve": "stepped" },
					{ "time": 0.9, "x": 1.226, "y": 1.226 }
				]
			},
			"bone3": {
				"rotate": [
					{ "time": 0, "angle": 0, "curve": "stepped" },
					{ "time": 0.8333, "angle": 0, "curve": "stepped" },
					{ "time": 0.9, "angle": 0 }
				],
				"translate": [
					{ "time": 0, "x": 50.66, "y": -1.11 },
					{ "time": 0.3666, "x": 97.1, "y": -2.14, "curve": "stepped" },
					{ "time": 0.8333, "x": 97.1, "y": -2.14, "curve": "stepped" },
					{ "time": 0.9, "x": 97.1, "y": -2.14 }
				],
				"scale": [
					{ "time": 0, "x": 1, "y": 1, "curve": "stepped" },
					{ "time": 0.8333, "x": 1, "y": 1, "curve": "stepped" },
					{ "time": 0.9, "x": 1, "y": 1 }
				]
			},
			"bone4": {
				"rotate": [
					{ "time": 0, "angle": 0, "curve": "stepped" },
					{ "time": 0.8333, "angle": 0, "curve": "stepped" },
					{ "time": 0.9, "angle": 0 }
				],
				"translate": [
					{ "time": 0, "x": 2.13, "y": -3.15 },
					{ "time": 0.3666, "x": 4.09, "y": -6.04 },
					{ "time": 0.4, "x": 8.13, "y": -2.08 },
					{ "time": 0.4333, "x": 7.79, "y": 4.83 },
					{ "time": 0.4666, "x": 5.38, "y": 8.14 },
					{ "time": 0.5, "x": 1.07, "y": 9.55 },
					{ "time": 0.5333, "x": -7.55, "y": 7.73 },
					{ "time": 0.6, "x": -9.35, "y": 3.09 },
					{ "time": 0.6333, "x": -9.73, "y": -3.88 },
					{ "time": 0.6666, "x": -7.52, "y": -6.2 },
					{ "time": 0.7, "x": -3.91, "y": -8.73 },
					{ "time": 0.7333, "x": 1.38, "y": -8.93 },
					{ "time": 0.7666, "x": 4.09, "y": -6.04 },
					{ "time": 0.8, "x": -1.19, "y": -9.65 },
					{ "time": 0.8333, "x": -6.48, "y": -7.59, "curve": "stepped" },
					{ "time": 0.9, "x": -6.48, "y": -7.59 }
				],
				"scale": [
					{ "time": 0, "x": 1, "y": 1, "curve": "stepped" },
					{ "time": 0.8333, "x": 1, "y": 1, "curve": "stepped" },
					{ "time": 0.9, "x": 1, "y": 1 }
				]
			},
			"bone5": {
				"rotate": [
					{ "time": 0, "angle": 0, "curve": "stepped" },
					{ "time": 0.8333, "angle": 0, "curve": "stepped" },
					{ "time": 0.9, "angle": 0 }
				],
				"translate": [
					{ "time": 0, "x": 0.31, "y": 4.08 },
					{ "time": 0.3666, "x": 0.59, "y": 7.82 },
					{ "time": 0.4, "x": 4.77, "y": 6.78 },
					{ "time": 0.4333, "x": 7.2, "y": 2.25 },
					{ "time": 0.4666, "x": 7.9, "y": -0.52 },
					{ "time": 0.5, "x": 6.48, "y": -5.22 },
					{ "time": 0.5333, "x": -0.79, "y": -9.4 },
					{ "time": 0.6, "x": -5.87, "y": -7.25 },
					{ "time": 0.6333, "x": -9.2, "y": -3.71 },
					{ "time": 0.6666, "x": -11.58, "y": 0.16 },
					{ "time": 0.7, "x": -9.63, "y": 4.5 },
					{ "time": 0.7333, "x": -6.76, "y": 9.22 },
					{ "time": 0.7666, "x": -1.82, "y": 10.84 },
					{ "time": 0.8, "x": 6.76, "y": 2.89 },
					{ "time": 0.8333, "x": 5.8, "y": -7.6, "curve": "stepped" },
					{ "time": 0.9, "x": 5.8, "y": -7.6 }
				],
				"scale": [
					{ "time": 0, "x": 1, "y": 1, "curve": "stepped" },
					{ "time": 0.8333, "x": 1, "y": 1, "curve": "stepped" },
					{ "time": 0.9, "x": 1, "y": 1 }
				]
			}
		},
		"drawOrder": [
			{ "time": 0 },
			{ "time": 0.9 }
		]
	}
}
}