{
"skeleton": { "hash": "xpSvuDQhmDKbb/UK9IHJVcUKhlU", "spine": "2.1.27", "width": 118, "height": 112.99, "images": "" },
"bones": [
	{ "name": "root" },
	{ "name": "bone10", "parent": "root", "length": 40.5, "x": 173.06, "y": -0.37, "rotation": 92.25 },
	{ "name": "bone5", "parent": "root", "length": 61.54, "x": 7.29, "y": 61.35, "rotation": 73.63 },
	{ "name": "bone", "parent": "bone5", "length": 31.58, "x": -6.59, "y": -17.33, "rotation": -140.43 },
	{ "name": "bone11", "parent": "bone10", "length": 50.66, "x": 40.5, "y": 0.1, "rotation": -3.15 },
	{ "name": "bone3", "parent": "bone5", "length": 21.38, "x": -6.99, "y": 32.03, "rotation": 128.79 },
	{ "name": "bone6", "parent": "bone5", "x": 23.84, "y": -25.41 },
	{ "name": "bone7", "parent": "bone5", "x": 18.27, "y": 35.28 },
	{ "name": "bone8", "parent": "bone5", "length": 27.46, "x": 37.04, "y": -40.33, "rotation": 141.28 },
	{ "name": "bone9", "parent": "bone5", "length": 27.74, "x": 31.44, "y": 45.66, "rotation": -132.65 },
	{ "name": "bone12", "parent": "bone11", "length": 31.98, "x": 50.66, "y": -0.06, "rotation": 1.81 },
	{ "name": "bone13", "parent": "bone11", "length": 21.96, "x": 43.02, "y": -5.69, "rotation": -62.18 },
	{ "name": "bone14", "parent": "bone11", "length": 22.09, "x": 42.78, "y": 4.95, "rotation": 61.83 },
	{ "name": "bone15", "parent": "bone11", "length": 19.86, "x": 20.93, "y": -6.16, "rotation": -87.29 },
	{ "name": "bone16", "parent": "bone11", "length": 18.52, "x": 20.95, "y": 5.23, "rotation": 90 },
	{ "name": "bone17", "parent": "bone11", "length": 7.62, "x": 7.28, "y": 0.14, "rotation": -80.05 },
	{ "name": "bone18", "parent": "bone11", "length": 22.47, "x": 40.64, "y": 26.54, "rotation": 167.13 },
	{ "name": "bone2", "parent": "bone", "length": 24.26, "x": 31.59, "y": 0.09, "rotation": -47.86 },
	{ "name": "bone21", "parent": "bone11", "length": 25.45, "x": 42.51, "y": -25.12, "rotation": -163.21 },
	{ "name": "bone24", "parent": "bone11", "length": 17.09, "x": -8.73, "y": 2.52, "rotation": 121.09 },
	{ "name": "bone25", "parent": "bone11", "length": 16.53, "x": -8.3, "y": -4.41, "rotation": -115.65 },
	{ "name": "bone26", "parent": "bone11", "x": 34.44, "y": 13.16 },
	{ "name": "bone27", "parent": "bone11", "x": 35.57, "y": -12.33 },
	{ "name": "bone4", "parent": "bone3", "length": 30.23, "x": 21.38, "y": 0.02, "rotation": 76.17 },
	{ "name": "bone19", "parent": "bone18", "length": 21.64, "x": 22.52, "y": -0.21, "rotation": 10.26 },
	{ "name": "bone22", "parent": "bone21", "length": 19.26, "x": 25.26, "y": -0.25, "rotation": -8.5 },
	{ "name": "bone28", "parent": "bone2", "length": 17.59, "x": 22.15, "y": -0.96, "rotation": 132.89 },
	{ "name": "bone29", "parent": "bone4", "length": 20.12, "x": 30.2, "y": -0.13, "rotation": -150.79 },
	{ "name": "bone20", "parent": "bone19", "length": 12.68, "x": 21.64, "y": 0.14, "rotation": 35.02 },
	{ "name": "bone23", "parent": "bone22", "length": 13.39, "x": 19.64, "y": -0.08, "rotation": -37.87 }
],
"slots": [
	{ "name": "pigu2", "bone": "bone5", "attachment": "pigu" },
	{ "name": "xiang3", "bone": "bone6", "attachment": "xiang2" },
	{ "name": "shou4", "bone": "bone8", "attachment": "shou2" },
	{ "name": "xiang4", "bone": "bone7", "attachment": "xiang1" },
	{ "name": "shou3", "bone": "bone9", "attachment": "shou1" },
	{ "name": "shenti2", "bone": "bone10" },
	{ "name": "bone11", "bone": "bone11" },
	{ "name": "toufa2", "bone": "bone21" },
	{ "name": "touguan", "bone": "bone12" },
	{ "name": "meimao2", "bone": "bone13" },
	{ "name": "huzi2", "bone": "bone15" },
	{ "name": "yanjing2", "bone": "bone27" },
	{ "name": "bozo2", "bone": "bone11" },
	{ "name": "zui2", "bone": "bone17" }
],
"skins": {
	"default": {
		"bone11": {
			"tou": { "x": 22.7, "y": -0.05, "rotation": -89.09, "width": 53, "height": 63 }
		},
		"bozo2": {
			"bozo": { "x": 22.86, "y": -0.68, "rotation": -89.09, "width": 18, "height": 14 }
		},
		"huzi2": {
			"huzi": {
				"type": "skinnedmesh",
				"uvs": [ 1, 0.69706, 0.82058, 1, 0.6845, 1, 0.48878, 0.8489, 0.33758, 1, 0.14395, 1, 0, 0.65013, 0, 0, 0.14031, 0, 0.3107, 0, 0.4955, 0.22214, 0.69458, 0, 0.84247, 0, 1, 0 ],
				"triangles": [ 3, 4, 10, 4, 9, 10, 4, 5, 9, 5, 6, 8, 9, 5, 8, 6, 7, 8, 12, 0, 1, 1, 11, 12, 2, 3, 10, 1, 2, 11, 2, 10, 11, 12, 13, 0 ],
				"vertices": [ 2, 13, 19.68, -3.54, 0.99999, 14, -31.22, 2.61999, 0, 2, 13, 10.59, -7.19, 0.99999, 14, -22.31, 6.7, 0, 2, 13, 3.78, -6.98, 0.87387, 14, -15.51, 6.81, 0.12612, 2, 13, -5.92, -4.71, 0.50894, 14, -5.7, 4.98999, 0.49105, 2, 13, -13.54, -6.43, 0.12707, 14, 1.82, 7.08, 0.87291, 2, 13, -23.22, -6.12, 0.0032, 14, 11.5, 7.23, 0.99679, 1, 14, 18.77, 2.79, 1, 1, 14, 18.9, -5.65, 1, 1, 14, 11.89, -5.76, 1, 2, 13, -14.47, 6.6, 0.13506, 14, 3.37, -5.89, 0.86493, 2, 13, -5.33, 3.42, 0.50572, 14, -5.91, -3.15, 0.49426, 2, 13, 4.69999, 5.99, 0.88185, 14, -15.81, -6.19, 0.11814, 2, 13, 12.09, 5.75, 0.99999, 14, -23.21, -6.31, 0, 2, 13, 19.95999, 5.51, 0.99999, 14, -31.08, -6.43, 0 ],
				"hull": 14,
				"edges": [ 18, 20, 20, 22, 8, 6, 6, 4, 2, 4, 0, 26, 2, 0, 12, 14, 8, 10, 12, 10, 6, 20, 22, 4, 18, 8, 22, 24, 24, 26, 2, 24, 14, 16, 16, 18, 16, 10 ],
				"width": 50,
				"height": 13
			}
		},
		"meimao2": {
			"meimao": {
				"type": "skinnedmesh",
				"uvs": [ 1, 1, 0.54997, 1, 0.47977, 1, 0, 1, 0, 0, 0.46157, 0, 0.56557, 0, 1, 0 ],
				"triangles": [ 3, 5, 2, 2, 5, 6, 3, 4, 5, 1, 6, 0, 6, 7, 0, 1, 2, 6 ],
				"vertices": [ 1, 11, 16.16, -11.45, 1, 1, 11, -3.9, -1.27, 1, 1, 12, -5.07, 0.41, 1, 1, 12, 15.89, 12.06, 1, 1, 12, 23.66, -1.92, 1, 1, 12, 3.49, -13.12, 1, 1, 11, 4.03, 12.64, 1, 1, 11, 23.4, 2.81, 1 ],
				"hull": 8,
				"edges": [ 6, 8, 0, 14, 12, 14, 0, 2, 12, 2, 2, 4, 4, 6, 8, 10, 10, 12, 10, 4 ],
				"width": 50,
				"height": 16
			}
		},
		"pigu2": {
			"pigu": {
				"type": "skinnedmesh",
				"uvs": [ 0.5891, 0.05526, 0.6415, 0.16426, 0.71801, 0.1026, 0.85007, 0.11911, 0.94335, 0.18848, 1, 0.33161, 0.96533, 0.51444, 0.98637, 0.61105, 1, 0.67358, 1, 0.70736, 0.97151, 0.75002, 0.97006, 0.79801, 0.88305, 0.86961, 0.94753, 0.88804, 0.93991, 0.93677, 0.81322, 1, 0.67614, 1, 0.67407, 0.9455, 0.71337, 0.87037, 0.746, 0.78278, 0.64628, 0.78471, 0.5276, 0.70199, 0.45342, 0.72117, 0.37011, 0.64205, 0.29822, 0.64924, 0.19174, 0.55002, 0.19378, 0.64241, 0.21801, 0.72483, 0.20625, 0.76129, 0.19378, 0.79998, 0.08416, 0.75756, 0, 0.64725, 0, 0.54131, 0.04955, 0.55513, 0, 0.40968, 0, 0.32518, 0.12148, 0.26854, 0.20446, 0.22984, 0.25189, 0.09095, 0.35823, 0, 0.49268, 0, 0.12358, 0.59993, 0.09457, 0.43608, 0.21042, 0.40215, 0.80648, 0.86996, 0.83174, 0.77032, 0.80798, 0.64641, 0.75764, 0.52953, 0.54846, 0.45875, 0.33929, 0.35404, 0.60651, 0.316, 0.67072, 0.4369, 0.86568, 0.52168, 0.43594, 0.40242, 0.72628, 0.21117, 0.81566, 0.27906, 0.88028, 0.40761, 0.51041, 0.09995, 0.39766, 0.14906, 0.31103, 0.24728, 0.80961, 0.93041, 0.10579, 0.67108 ],
				"triangles": [ 14, 60, 12, 15, 17, 60, 14, 12, 13, 15, 16, 17, 14, 15, 60, 31, 32, 33, 30, 31, 61, 29, 30, 28, 61, 31, 33, 28, 30, 61, 42, 34, 35, 42, 33, 34, 42, 41, 33, 25, 41, 42, 41, 25, 26, 41, 61, 33, 61, 41, 26, 61, 26, 27, 27, 28, 61, 43, 37, 49, 36, 37, 43, 36, 42, 35, 43, 42, 36, 25, 42, 43, 43, 49, 23, 23, 25, 43, 49, 53, 23, 23, 24, 25, 12, 45, 11, 44, 19, 45, 44, 45, 12, 18, 19, 44, 60, 44, 12, 60, 17, 18, 60, 18, 44, 46, 47, 52, 7, 46, 52, 7, 52, 6, 21, 23, 48, 21, 48, 47, 21, 47, 46, 46, 7, 8, 8, 10, 46, 22, 23, 21, 9, 10, 8, 45, 46, 10, 46, 20, 21, 45, 19, 46, 19, 20, 46, 11, 45, 10, 57, 40, 0, 58, 39, 40, 58, 40, 57, 38, 39, 58, 57, 0, 1, 54, 2, 3, 1, 2, 54, 59, 37, 38, 58, 59, 38, 55, 54, 3, 55, 3, 4, 50, 57, 1, 50, 1, 54, 55, 4, 5, 49, 59, 58, 37, 59, 49, 50, 53, 58, 50, 58, 57, 49, 58, 53, 56, 55, 5, 55, 51, 50, 55, 50, 54, 51, 55, 56, 48, 53, 50, 48, 50, 51, 6, 56, 5, 56, 47, 51, 52, 56, 6, 52, 47, 56, 48, 51, 47, 23, 53, 48 ],
				"vertices": [ 1, 2, 28.5, 9.08, 1, 1, 2, 19.68, 0.81, 1, 1, 2, 27.78, -5.09, 1, 1, 2, 30.08, -18.73, 1, 1, 2, 26.22, -29.97, 1, 1, 2, 14.28, -39.62, 1, 4, 2, -4.09, -41.25, 0.51, 3, 13.3, 20.04, 0.48516, 17, -27.05, -0.16, 0.00483, 5, -58.95, 43.64, 0, 4, 2, -12.65, -46.05, 0.00267, 3, 22.96, 18.28, 0.95873, 17, -19.27, 5.81, 0.03859, 5, -57.32, 53.31, 0, 2, 3, 29.21, 17.15, 0.8897, 17, -14.23, 9.68, 0.11029, 2, 3, 32.28, 15.83, 0.79344, 17, -11.19, 11.07, 0.20655, 4, 2, -26.29, -48.44, 3.7E-4, 3, 35, 11.44, 0.60156, 17, -6.12, 10.14, 0.39794, 5, -50.64, 65.44, 1.0E-4, 2, 3, 39.31, 9.43, 0.40736, 17, -1.74, 11.98, 0.59263, 5, 2, -40.24, -42.95, 9.0E-5, 3, 42.26, -1.67, 0.06921, 17, 8.47, 6.71, 0.43065, 5, -37.62, 72.87999, 2.0E-5, 26, 14.93, 4.79, 0.5, 1, 26, 20.73, 0.96, 1, 1, 26, 18.46999, -3.36, 1, 1, 26, 4, -5.19, 1, 1, 26, -9.53, -0.73, 1, 5, 2, -53.57, -24.21, 5.0E-5, 3, 40.59999, -24.61, 0.00123, 17, 24.36, -9.89999, 0.49869, 5, -14.67, 71.53, 1.0E-5, 26, -8.05, 4.44999, 0.5, 4, 2, -45.28, -26.04, 0.00321, 3, 35.38, -17.92, 0.12037, 17, 15.9, -9.28, 0.87542, 5, -21.28, 66.22, 9.8E-4, 5, 2, -36.00999, -26.85, 0.02368, 3, 28.74, -11.39, 0.41971, 17, 6.6, -9.82, 0.54793, 5, -27.73, 59.49, 0.00835, 23, 46.01, 61.9, 3.0E-4, 5, 2, -39.11, -16.95, 0.11859, 3, 24.83, -21, 0.6121, 17, 11.1, -19.16, 0.20225, 5, -18.07, 55.72, 0.05984, 23, 44.65, 51.62, 0.0072, 5, 2, -34.73, -2.8, 0.1629, 3, 12.44, -29.12, 0.69526, 17, 8.8, -33.8, 0.02273, 5, -9.78, 43.44, 0.10287, 23, 34.71, 40.64, 0.01622, 5, 2, -38.72, 4.06, 0.28333, 3, 11.15, -36.96, 0.39566, 17, 13.74, -40.02, 0.00121, 5, -1.93, 42.25, 0.25836, 23, 35.43, 32.73, 0.06141, 4, 2, -33.65, 14.57, 0.19931, 3, 0.52999, -41.84, 0.18532, 5, 3.08, 31.7, 0.47755, 23, 26.39, 25.33, 0.13779, 4, 2, -36.43999, 21.55, 0.16939, 3, -1.75, -48.99, 0.112, 5, 10.27, 29.51, 0.36801, 23, 25.98, 17.83, 0.35057, 4, 2, -30.13, 34.93999, 0.0572, 3, -15.14, -55.3, 0.03228, 5, 16.76, 16.20999, 0.30325, 23, 14.61, 8.35, 0.60724, 4, 2, -38.84999, 32.16, 0.00823, 3, -6.65, -58.71, 0.00394, 5, 20.04999, 24.74, 0.07421, 23, 23.68, 7.19, 0.91361, 4, 2, -45.97, 27.44, 6.0E-5, 3, 1.84, -59.61, 4.0E-5, 5, 20.83, 33.25, 6.1E-4, 23, 32.13, 8.47, 0.99927, 5, 2, -49.77, 27.6, 1.0E-5, 3, 4.67, -62.15, 1.0E-5, 5, 23.34, 36.12, 1.5E-4, 23, 35.50999, 6.72, 0.49981, 27, -7.98, -3.39, 0.5, 1, 27, -10.21, -0.01, 1, 1, 27, 0.09, 6.41, 1, 1, 27, 14.08, 6.63, 1, 1, 27, 22.37, 0.2, 1, 5, 2, -34.78, 48.99, 6.1E-4, 3, -20.5, -69.08999, 3.0E-4, 5, 30.62, 11.03, 0.06013, 23, 12.9, -6.33, 0.43893, 27, 18.12999, -3.02, 0.5, 2, 5, 29.89, -4.23, 0.36985, 23, -2.09999, -9.28, 0.63014, 2, 5, 26.7, -11.97, 0.65183, 23, -10.37, -8.02, 0.34815, 4, 2, -5.45, 49.8, 0.01627, 3, -43.64, -51.04, 0.00124, 5, 12.88, -12.33, 0.859, 23, -14.03, 5.3, 0.12347, 4, 2, 0.64999, 42.6, 0.51, 3, -43.76, -41.59999, 5.5E-4, 5, 3.44, -12.58, 0.48828, 23, -16.52, 14.4, 0.00115, 1, 2, 15.23, 41.74, 1, 1, 2, 26.98, 33.66, 1, 1, 2, 30.92, 20.25, 1, 4, 2, -36.87, 40.34999, 0.00102, 3, -13.39, -63.76, 5.2E-4, 5, 25.19, 18.07, 0.10996, 23, 18.43, 0.61, 0.88848, 4, 2, -22.15, 47.81, 0.00839, 3, -29.49, -60.15, 0.00412, 5, 21.8, 1.92, 0.45782, 23, 1.94, 0.05, 0.52964, 4, 2, -15.54, 37.2, 0.0722, 3, -27.83, -47.75, 0.05299, 5, 9.38, 3.42, 0.67705, 23, 0.43, 12.46, 0.19774, 4, 2, -42.52, -35.32, 5.1E-4, 3, 39.15, -9, 0.09107, 17, 11.82, -0.5, 0.90826, 5, -30.25, 69.87, 1.4E-4, 4, 2, -32.31, -35.06, 0.0028, 3, 31.12, -2.7, 0.50988, 17, 1.76, -2.22, 0.48644, 5, -36.43999, 61.76, 8.6E-4, 5, 2, -21.24, -29.23, 0.06607, 3, 18.87, -0.14, 0.73266, 17, -8.35, -9.59, 0.15938, 5, -38.84, 49.47, 0.03675, 23, 33.63, 70.29, 0.0051, 4, 2, -11.61, -20.95, 0.51, 3, 6.17, -0.4, 0.46238, 5, -38.41, 36.78, 0.02667, 23, 21.41, 66.85, 9.4E-4, 4, 2, -11.01, 1.89, 0.51, 3, -8.83, -17.64, 0.29891, 5, -20.96999, 22, 0.18659, 23, 11.22, 46.39, 0.00448, 4, 2, -7.19, 25.68, 0.51, 3, -26.93, -33.55, 0.00449, 5, -4.82, 4.12, 0.48177, 23, -2.27, 26.43, 0.00372, 1, 2, 4.23999, 0.08, 1, 3, 2, -5.36, -9.68999, 0.74, 3, -5.81, -5.1, 0.25802, 5, -33.55, 24.86, 0.00197, 3, 2, -7.7, -31.51, 0.51, 3, 9.88, 10.22999, 0.49, 5, -49.09, 40.34999, 0, 4, 2, -8.96, 14.69, 0.51, 3, -18.57, -26.2, 0.04265, 5, -12.28, 12.39, 0.4403, 23, 3.96, 35.65, 0.00704, 1, 2, 17.70999, -8.93999, 1, 1, 2, 13.87, -19.75, 1, 1, 2, 3.56, -29.79, 1, 1, 2, 21.95, 15.69, 1, 1, 2, 13.98, 25.57, 1, 2, 2, 2.10999, 31.48, 0.75, 5, -6.13, -6.76, 0.25, 5, 2, -48.17, -37.31, 1.8E-4, 3, 44.78, -11.06, 0.02467, 17, 17.12, 2.28, 0.47508, 5, -28.27, 75.53, 5.0E-5, 26, 5.8, 1.46, 0.5, 5, 2, -44.15, 40.14, 5.6E-4, 3, -7.64, -68.24, 2.8E-4, 5, 29.59, 23.88, 0.03286, 23, 25.12, -2.27, 0.46627, 27, 5.47, -0.6, 0.5 ],
				"hull": 41,
				"edges": [ 20, 18, 38, 36, 24, 22, 22, 20, 24, 26, 26, 28, 28, 30, 36, 34, 30, 32, 34, 32, 38, 40, 40, 42, 42, 44, 44, 46, 46, 48, 48, 50, 50, 52, 68, 70, 66, 68, 52, 54, 58, 60, 60, 62, 74, 76, 76, 78, 2, 0, 78, 80, 0, 80, 2, 4, 4, 6, 6, 8, 8, 10, 10, 12, 16, 18, 62, 64, 66, 64, 70, 72, 72, 74, 52, 82, 82, 66, 50, 84, 84, 70, 82, 84, 46, 86, 86, 72, 84, 86, 12, 14, 14, 16, 24, 88, 88, 36, 20, 90, 90, 38, 88, 90, 14, 92, 92, 42, 90, 92, 94, 96, 98, 74, 2, 100, 100, 96, 100, 102, 102, 94, 12, 104, 104, 94, 96, 106, 106, 98, 108, 110, 110, 112, 114, 116, 116, 118, 30, 120, 120, 88, 34, 120, 120, 24, 60, 122, 122, 82, 66, 122, 54, 56, 56, 58, 122, 56 ],
				"width": 104,
				"height": 99
			}
		},
		"shenti2": {
			"shenti": { "x": 20.13, "y": -0.07, "rotation": -92.25, "width": 97, "height": 47 }
		},
		"shou3": {
			"shou1": { "x": 12, "y": 1.23, "rotation": 59.01, "width": 33, "height": 32 }
		},
		"shou4": {
			"shou2": { "x": 12.58, "y": -0.48, "rotation": 145.08, "width": 35, "height": 32 }
		},
		"toufa2": {
			"toufa": {
				"type": "skinnedmesh",
				"uvs": [ 0.80852, 0.11376, 0.8316, 0.21953, 0.89735, 0.32665, 0.96196, 0.46384, 0.96814, 0.60229, 1, 0.73729, 0.95594, 0.87393, 0.85141, 0.94516, 0.64888, 1, 0.5684, 1, 0.50027, 0.93067, 0.43677, 1, 0.34959, 1, 0.19334, 0.96033, 0.07597, 0.90744, 0.02723, 0.81554, 0, 0.69127, 0.04276, 0.57053, 0.0461, 0.44848, 0.10439, 0.31888, 0.17533, 0.21529, 0.19545, 0.10789, 0.24199, 0, 0.27992, 0, 0.35267, 0, 0.65177, 0, 0.71537, 0, 0.7631, 0, 0.74104, 0.48223, 0.72431, 0.33891, 0.72258, 0.22949, 0.7197, 0.11989, 0.68818, 0.72629, 0.74086, 0.61529, 0.7127, 0.82852, 0.76564, 0.91845, 0.45136, 0.71584, 0.54455, 0.7142, 0.57094, 0.78105, 0.62538, 0.7794, 0.67775, 0.78433, 0.70703, 0.84461, 0.71033, 0.93447, 0.42233, 0.78339, 0.33112, 0.77418, 0.29128, 0.85319, 0.29244, 0.94678, 0.2861, 0.67907, 0.25436, 0.59585, 0.26822, 0.44626, 0.25402, 0.52615, 0.27724, 0.31888, 0.28224, 0.21529, 0.28035, 0.10873, 0.26172, 0.88981, 0.31275, 0.74121, 0.84222, 0.73172, 0.85606, 0.6087, 0.83723, 0.47423, 0.80826, 0.33296, 0.77342, 0.22485, 0.75549, 0.11742, 0.15489, 0.74824, 0.13323, 0.64129, 0.15057, 0.54788, 0.1608, 0.44733, 0.18565, 0.31888, 0.22231, 0.21529, 0.24063, 0.10834, 0.36804, 0.77791, 0.66193, 0.90248, 0.59743, 0.8876, 0.5397, 0.84721, 0.49379, 0.71509, 0.29181, 0.89554, 0.34054, 0.8893, 0.39768, 0.87369, 0.45144, 0.83838 ],
				"triangles": [ 38, 37, 39, 39, 37, 32, 36, 69, 55, 73, 37, 38, 73, 43, 36, 73, 36, 28, 37, 73, 28, 36, 47, 28, 38, 72, 73, 77, 43, 73, 43, 69, 36, 72, 77, 73, 10, 11, 76, 13, 46, 12, 54, 74, 46, 46, 75, 12, 11, 12, 76, 12, 75, 76, 46, 74, 75, 76, 77, 10, 10, 77, 72, 54, 45, 74, 74, 45, 75, 69, 75, 44, 75, 69, 76, 44, 75, 45, 76, 43, 77, 76, 69, 43, 45, 55, 44, 69, 44, 55, 7, 8, 42, 9, 71, 8, 8, 70, 42, 8, 71, 70, 9, 10, 71, 35, 42, 41, 10, 72, 71, 42, 70, 41, 71, 39, 70, 40, 70, 39, 40, 41, 70, 72, 38, 71, 71, 38, 39, 41, 40, 34, 40, 39, 32, 7, 42, 35, 41, 34, 35, 34, 32, 56, 6, 7, 56, 7, 35, 56, 35, 34, 56, 6, 56, 5, 40, 32, 34, 32, 37, 33, 33, 37, 28, 5, 56, 4, 56, 57, 4, 32, 33, 56, 56, 33, 57, 33, 28, 57, 28, 58, 57, 4, 57, 3, 57, 58, 3, 28, 51, 29, 52, 31, 30, 51, 30, 29, 24, 25, 31, 28, 59, 58, 28, 29, 59, 58, 2, 3, 58, 59, 2, 29, 60, 59, 29, 30, 60, 59, 1, 2, 59, 60, 1, 30, 61, 60, 30, 31, 61, 60, 0, 1, 60, 61, 0, 25, 26, 31, 31, 26, 61, 61, 27, 0, 61, 26, 27, 13, 54, 46, 13, 14, 54, 14, 62, 54, 14, 15, 62, 45, 54, 55, 55, 54, 62, 15, 16, 62, 16, 63, 62, 62, 47, 55, 47, 63, 48, 47, 62, 63, 16, 17, 63, 47, 48, 28, 63, 64, 48, 63, 17, 64, 64, 50, 48, 28, 48, 50, 17, 18, 64, 64, 65, 50, 64, 18, 65, 50, 65, 49, 55, 47, 36, 49, 28, 50, 28, 49, 51, 52, 24, 31, 18, 19, 65, 65, 66, 49, 65, 19, 66, 49, 66, 51, 52, 51, 67, 51, 66, 67, 19, 20, 66, 66, 20, 67, 52, 68, 53, 52, 53, 24, 52, 67, 68, 68, 67, 21, 67, 20, 21, 68, 23, 53, 53, 23, 24, 68, 22, 23, 68, 21, 22, 30, 51, 52 ],
				"vertices": [ 2, 18, -0.54, 4.69999, 0.99936, 25, -26.26, 1.08, 6.3E-4, 2, 18, 7.49, 4.73999, 0.96092, 25, -18.31, 2.31, 0.03907, 3, 18, 16.76, 8.74, 0.79076, 25, -9.74, 7.63, 0.20899, 29, -27.94, -11.93, 2.4E-4, 3, 18, 28.1, 12.03, 0.4247, 25, 0.99, 12.56, 0.54926, 29, -22.48, -1.45, 0.02602, 3, 18, 37.99, 9.84, 0.08815, 25, 11.09, 11.86, 0.77006, 29, -14.08, 4.17999, 0.14177, 3, 18, 48.32, 10.10999, 0.00831, 25, 21.26, 13.66, 0.51902, 29, -7.15, 11.84, 0.47265, 2, 25, 30.61, 8.14, 0.23737, 29, 3.6, 13.22, 0.76262, 2, 25, 34.46, -2.57, 0.06956, 29, 13.22, 7.12, 0.93043, 4, 25, 35.91, -22.57, 1.2E-4, 29, 26.64, -7.77, 0.2, 20, 14.82, -6.44, 0.79196, 19, -8.89999, 19.15, 0.00789, 2, 20, 7.83, -9.93, 0.85052, 19, -2.16, 15.22, 0.14947, 6, 16, 48.89, 38.91999, 0, 24, 32.91, 33.81, 1.0E-5, 18, 48.63, -40.37, 0, 25, 29.04, -36.22, 0, 20, -0.33, -8.35, 0.48718, 19, 1, 7.52, 0.51279, 7, 16, 55.27, 34.14, 3.7E-4, 24, 38.34, 27.97, 0.00266, 28, 29.64, 13.2, 0.00416, 18, 51.82, -47.68, 2.8E-4, 25, 33.27, -42.98, 1.0E-5, 20, -3.58, -15.63, 0.11885, 19, 8.87, 8.8, 0.87363, 7, 16, 57.28, 25.93, 0, 24, 38.86, 19.53, 7.5E-4, 28, 25.22, 5.99, 0.2539, 18, 49.5, -55.81, 0, 25, 32.18999, -51.36, 0, 20, -11.15, -19.41, 0.00676, 19, 16.18, 4.54, 0.73856, 3, 16, 58.08, 10.52, 0, 24, 36.9, 4.21999, 0.06972, 28, 14.83, -5.41, 0.93026, 3, 16, 57.04, -1.45, 0, 24, 33.74, -7.37, 0.20763, 28, 5.59, -13.1, 0.79235, 3, 16, 51.65, -7.64, 0, 24, 27.33, -12.5, 0.46899, 28, -2.58999, -13.62, 0.531, 3, 16, 43.46, -12.36, 0.00789, 24, 18.44, -15.69, 0.76859, 28, -11.71, -11.13, 0.22349, 3, 16, 33.91, -10.43, 0.08793, 24, 9.39, -12.09, 0.84208, 28, -17.04999, -2.98, 0.06998, 3, 16, 25.18, -12.24, 0.41727, 24, 0.47, -12.31, 0.57447, 28, -24.48, 1.94, 0.00824, 2, 16, 14.65, -8.99, 0.78436, 24, -9.31, -7.24, 0.21563, 2, 16, 5.67, -4.11, 0.95684, 24, -17.27, -0.84, 0.04315, 1, 16, -2.4, -4.08, 1, 1, 16, -11.13, -1.57, 1, 1, 16, -12, 1.99, 1, 1, 16, -13.68, 8.85, 1, 2, 18, -12.69, -7.64, 0.99999, 25, -36.43999, -12.92, 0, 2, 18, -11, -1.71, 0.99999, 25, -35.65, -6.81, 0, 2, 18, -9.74, 2.73, 0.99999, 25, -35.06, -2.21, 0, 3, 18, 23.53, -8.95, 0.59972, 25, -0.42, -8.85, 0.39249, 29, -10.45, -19.24, 0.00778, 2, 18, 13.02, -7.64, 0.92394, 25, -11, -9.12, 0.07605, 1, 18, 5.29, -5.62, 1, 2, 18, -2.47, -3.7, 0.99999, 25, -26.92, -7.51, 0, 3, 18, 39.27, -18.75, 0.07134, 25, 16.58, -16.21999, 0.55727, 29, 7.49, -14.62, 0.37138, 3, 18, 32.87, -11.62, 0.24343, 25, 9.2, -10.12, 0.68886, 29, -2.08, -14.33, 0.06769, 3, 18, 47.1, -18.51, 0.0381, 25, 24.29, -14.82, 0.23726, 29, 12.71, -8.78, 0.72462, 3, 18, 54.82, -15.36, 7.4E-4, 25, 31.46, -10.57, 0.18727, 29, 15.77, -1.03, 0.81198, 1, 4, -0.09, 4.48, 1, 1, 4, 0.16, -4.55, 1, 8, 16, 36.65, 42.98, 0.00789, 24, 21.59, 39.98, 0.00415, 18, 40, -30.79, 0.01684, 25, 19.09, -28.02, 0.02121, 29, 16.7, -22.39, 0.00533, 20, 0.91, 4.46999, 0.44305, 19, -10.41, 1.53, 0.02149, 4, -4.66, -7.18, 0.48, 8, 16, 35.28, 48.08, 0.00517, 24, 21.15, 45.24, 0.00233, 18, 41.33, -25.67, 0.01343, 25, 19.65, -22.76, 0.02947, 29, 13.92, -17.9, 0.02386, 20, 5.58, 6.94, 0.73488, 19, -15.03, 4.08, 0.01081, 4, -4.46, -12.46, 0.18, 7, 16, 34.41999, 53.1, 0.00392, 24, 21.2, 50.34, 0.0012, 18, 43.07, -20.87999, 0.01208, 25, 20.66, -17.77, 0.03652, 29, 11.65, -13.34, 0.09133, 20, 10.29, 8.89, 0.85489, 19, -19.24, 6.95, 3.0E-5, 6, 16, 38.02, 56.9, 0.00101, 24, 25.42, 53.44, 9.0E-5, 18, 48.08, -19.36, 0.0041, 25, 25.39, -15.52, 0.02395, 29, 14, -8.66, 0.11137, 20, 14.8, 6.22, 0.85944, 5, 16, 44.31, 58.78, 1.0E-4, 18, 54.47, -20.84, 5.1E-4, 25, 31.93, -16.04, 0.00593, 29, 19.49, -5.06, 0.06296, 20, 18.02, 0.49, 0.93047, 8, 16, 40.25, 29.02, 0.00836, 24, 22.64, 25.6, 0.02637, 28, 15.43, 20.27, 0.01674, 18, 36.22, -44.7, 0.00637, 25, 17.41, -42.33, 0.00132, 20, -11.9, -2.10999, 0.01349, 19, 2.11999, -5.56, 0.44732, 4, -5.06, 7.22, 0.48, 7, 16, 41.7, 20.26, 0.00729, 24, 22.51, 16.73, 0.08045, 28, 10.22999, 13.08, 0.16954, 18, 33.15, -53.03, 0.00449, 25, 15.61, -51.02, 1.9E-4, 20, -20.12, -5.46, 3.2E-4, 19, 9.43, -10.59, 0.73767, 7, 16, 48.22, 17.87999, 0.00579, 24, 28.51, 13.23, 0.0848, 28, 13.13, 6.77, 0.30555, 18, 37.65, -58.32, 0.00343, 25, 20.83, -55.6, 6.0E-5, 20, -21, -12.35, 4.3E-4, 19, 15.67, -7.55, 0.59991, 5, 16, 54.83, 19.62, 5.0E-5, 24, 35.32, 13.76, 0.00565, 28, 19.01, 3.29, 0.2005, 18, 44.25, -60.08, 1.1E-4, 19, 19.01, -1.59, 0.79368, 3, 16, 35.99, 14.37, 0.02105, 24, 15.85, 11.95, 0.67463, 28, 2.03, 12.99, 0.3043, 3, 16, 30.83, 9.93999, 0.06379, 24, 9.97999, 8.5, 0.85729, 28, -4.75, 13.54, 0.0789, 3, 16, 19.9, 8.64, 0.57017, 24, -1, 9.18, 0.42923, 28, -13.35, 20.39, 5.9E-4, 3, 16, 25.89, 8.68999, 0.19321, 24, 4.9, 8.16, 0.79915, 28, -9.1, 16.17, 0.00763, 2, 16, 10.66, 7.28, 0.89491, 24, -10.33, 9.47999, 0.10508, 1, 16, 3.2, 5.95, 1, 1, 16, -4.3, 3.92, 1, 3, 16, 51.5, 15.74, 0.00545, 24, 31.35, 10.53, 0.23416, 28, 13.91, 2.93, 0.76037, 3, 16, 39.78, 17.95999, 0.02158, 24, 20.21999, 14.81, 0.41313, 28, 7.25, 12.82, 0.56527, 3, 18, 43.74, -4.48999, 0.01194, 25, 18.89, -1.46, 0.57542, 29, 0.25, -1.54, 0.41262, 3, 18, 35.47, -0.74, 0.13924, 25, 10.16, 1.02, 0.72937, 29, -8.16, -4.94, 0.13138, 3, 18, 25.52, 0.18, 0.49509, 25, 0.19, 0.47, 0.50471, 29, -15.69, -11.49, 1.9E-4, 2, 18, 14.83, 0.3, 0.86783, 25, -10.39, -0.99, 0.13215, 2, 18, 6.32, -0.78, 0.99949, 25, -18.65, -3.33, 5.0E-4, 2, 18, -1.69, -0.31, 0.99999, 25, -26.65, -4.05, 0, 3, 16, 43.93, 3.21, 0.00542, 24, 21.67, -0.44, 0.55503, 28, -0.31, -0.49, 0.43954, 3, 16, 36.84, -0.68, 0.00739, 24, 14.01, -3.01, 0.82324, 28, -8.06, 1.79, 0.16935, 3, 16, 29.82, -0.67, 0.14724, 24, 7.1, -1.75, 0.83304, 28, -13, 6.79, 0.0197, 2, 16, 22.45, -1.45, 0.47398, 24, -0.28, -1.21, 0.526, 2, 16, 12.77, -1.34, 0.86436, 24, -9.79, 0.62, 0.13563, 1, 16, 4.58, 0.31, 1, 1, 16, -3.41, 0.17, 1, 8, 16, 41.11, 23.81, 0.00884, 24, 22.57, 20.32, 0.07257, 28, 12.34, 15.99, 0.07729, 18, 34.4, -49.66, 0.00589, 25, 16.34, -47.51, 5.8E-4, 20, -16.79, -4.1, 2.6E-4, 19, 6.47, -8.56, 0.65451, 4, -4.73999, 12.49, 0.18, 6, 16, 43.16, 53.66, 5.2E-4, 24, 29.9, 49.33, 5.0E-5, 18, 50.94, -24.72, 0.00204, 25, 29.01, -20.4, 0.00988, 29, 19.86, -10.29, 0.01645, 20, 12.77, 0.49, 0.97103, 7, 16, 43.59, 47.32, 0.00252, 24, 29.2, 43.02, 9.0E-4, 18, 48.19, -30.44, 0.0072, 25, 27.13, -26.47, 0.01484, 29, 22.1, -16.23, 0.00623, 20, 6.69, -1.33, 0.96034, 19, -8.72, 9.55, 0.00793, 9, 16, 42.06, 41.18, 0.00608, 24, 26.6, 37.25, 0.00681, 28, 25.35, 27.54, 3.2E-4, 18, 43.82, -35.02, 0.0083, 25, 23.49, -31.64, 0.00591, 29, 22.4, -22.55, 4.8E-4, 20, 0.36, -1.19, 0.59223, 19, -5.36, 4.17999, 0.18985, 4, -9.54, -4.23, 0.19, 1, 4, 0.02, 0.37, 1, 5, 16, 51.21, 18.67, 7.0E-5, 24, 31.59, 13.47, 0.00844, 28, 15.79, 5.19999, 0.23408, 18, 40.63, -59.12, 1.7E-4, 19, 17.18, -4.86, 0.75721, 7, 16, 49.64, 23.15, 0.00373, 24, 30.85, 18.16, 0.05035, 28, 17.87, 9.46, 0.12026, 18, 41.49, -54.45, 0.00221, 25, 24.06, -51.2, 5.0E-5, 20, -15.54, -12.57, 2.6E-4, 19, 12.87, -2.87, 0.82311, 7, 16, 47.22, 28.26, 0.00269, 24, 29.37, 23.62, 0.01863, 28, 19.79999, 14.78, 0.02231, 18, 41.91, -48.8, 0.00182, 25, 23.64, -45.55, 1.3E-4, 20, -11.09, -9.08, 0.00676, 19, 7.51, -1.07, 0.94763, 8, 16, 43.47, 32.72, 0.00675, 24, 26.48, 28.67, 0.01367, 28, 20.33, 20.58, 0.00579, 18, 40.86, -43.08, 0.00698, 25, 21.75, -40.05, 0.00277, 20, -7.58, -4.44, 0.12451, 19, 1.7, -0.67, 0.64949, 4, -9.03, 4.33, 0.19 ],
				"hull": 28,
				"edges": [ 6, 4, 58, 56, 58, 60, 2, 4, 2, 0, 62, 60, 62, 50, 0, 54, 64, 66, 8, 6, 8, 10, 56, 66, 64, 68, 68, 70, 70, 14, 14, 12, 10, 12, 74, 76, 76, 78, 78, 80, 80, 82, 82, 84, 84, 16, 72, 86, 88, 90, 92, 24, 22, 24, 22, 20, 16, 18, 20, 18, 30, 32, 96, 94, 36, 34, 100, 98, 100, 96, 34, 32, 98, 102, 38, 36, 38, 40, 104, 102, 104, 106, 42, 40, 42, 44, 48, 50, 106, 48, 30, 28, 28, 26, 26, 108, 94, 110, 110, 108, 24, 26, 14, 16, 10, 112, 112, 64, 70, 112, 8, 114, 114, 66, 112, 114, 6, 116, 116, 56, 114, 116, 4, 118, 118, 58, 116, 118, 2, 120, 120, 60, 118, 120, 0, 122, 122, 62, 120, 122, 50, 52, 52, 54, 122, 52, 30, 124, 124, 94, 108, 124, 32, 126, 126, 96, 124, 126, 34, 128, 128, 100, 126, 128, 36, 130, 130, 98, 128, 130, 38, 132, 132, 102, 130, 132, 40, 134, 134, 104, 132, 134, 42, 136, 136, 106, 134, 136, 44, 46, 46, 48, 136, 46, 86, 138, 138, 88, 16, 140, 140, 80, 84, 140, 18, 142, 142, 78, 140, 142, 20, 144, 144, 76, 142, 144, 72, 146, 146, 74, 144, 146, 90, 148, 148, 92, 24, 150, 150, 88, 148, 150, 22, 152, 152, 138, 150, 152, 20, 154, 154, 86, 152, 154, 146, 154 ],
				"width": 97,
				"height": 73
			}
		},
		"touguan": {
			"touguan": { "x": 12.55, "y": 0.03, "rotation": -90.91, "width": 83, "height": 40 }
		},
		"xiang3": {
			"xiang2": { "x": -0.2, "rotation": -73.63, "width": 44, "height": 42 }
		},
		"xiang4": {
			"xiang1": { "x": -0.01, "y": -0.26, "rotation": -73.63, "width": 47, "height": 44 }
		},
		"yanjing2": {
			"yanjing": {
				"type": "skinnedmesh",
				"uvs": [ 1, 1, 0.54773, 1, 0.46073, 1, 0, 1, 0, 0, 0.46473, 0, 0.56273, 0, 1, 0 ],
				"triangles": [ 5, 2, 4, 2, 3, 4, 2, 5, 1, 1, 6, 0, 6, 7, 0, 1, 5, 6 ],
				"vertices": [ 1, 22, -8.5, -10.16, 1, 1, 22, -8.82, 10.18, 1, 1, 21, -7.75, -11.4, 1, 1, 21, -8.07, 9.32, 1, 1, 21, 7.92, 9.57, 1, 1, 21, 8.24, -11.33, 1, 1, 22, 7.18, 9.75, 1, 1, 22, 7.49, -9.91, 1 ],
				"hull": 8,
				"edges": [ 6, 8, 0, 14, 12, 14, 0, 2, 12, 2, 2, 4, 4, 6, 8, 10, 10, 12, 4, 10 ],
				"width": 45,
				"height": 16
			}
		},
		"zui2": {
			"zui": { "x": 4.11, "y": 0.11, "rotation": -9.04, "width": 13, "height": 15 }
		}
	}
},
"animations": {
	"animation": {
		"slots": {
			"bone11": {
				"attachment": [
					{ "time": 0, "name": "tou" },
					{ "time": 0.9666, "name": "tou" },
					{ "time": 1, "name": null },
					{ "time": 2.1666, "name": null }
				]
			},
			"bozo2": {
				"attachment": [
					{ "time": 0, "name": "bozo" },
					{ "time": 0.9666, "name": "bozo" },
					{ "time": 1, "name": null },
					{ "time": 2.1666, "name": null }
				]
			},
			"huzi2": {
				"attachment": [
					{ "time": 0, "name": "huzi" },
					{ "time": 0.9666, "name": "huzi" },
					{ "time": 1, "name": null },
					{ "time": 2.1666, "name": null }
				]
			},
			"meimao2": {
				"attachment": [
					{ "time": 0, "name": "meimao" },
					{ "time": 0.9666, "name": "meimao" },
					{ "time": 1, "name": null },
					{ "time": 2.1666, "name": null }
				]
			},
			"pigu2": {
				"attachment": [
					{ "time": 0, "name": null },
					{ "time": 0.9666, "name": null },
					{ "time": 1, "name": "pigu" },
					{ "time": 1.6666, "name": "pigu" },
					{ "time": 1.7333, "name": "pigu" },
					{ "time": 2.1666, "name": "pigu" }
				]
			},
			"shenti2": {
				"attachment": [
					{ "time": 0, "name": "shenti" },
					{ "time": 0.9666, "name": "shenti" },
					{ "time": 1, "name": null },
					{ "time": 2.1666, "name": null }
				]
			},
			"shou3": {
				"attachment": [
					{ "time": 0, "name": null },
					{ "time": 0.9666, "name": null },
					{ "time": 1, "name": "shou1" },
					{ "time": 1.1, "name": "shou1" },
					{ "time": 1.1333, "name": "shou1" },
					{ "time": 1.2333, "name": "shou1" },
					{ "time": 1.6333, "name": "shou1" },
					{ "time": 1.7333, "name": "shou1" },
					{ "time": 1.8666, "name": "shou1" },
					{ "time": 2.1666, "name": "shou1" }
				]
			},
			"shou4": {
				"attachment": [
					{ "time": 0, "name": null },
					{ "time": 0.9666, "name": null },
					{ "time": 1, "name": "shou2" },
					{ "time": 1.7333, "name": "shou2" },
					{ "time": 2.1666, "name": "shou2" }
				]
			},
			"toufa2": {
				"attachment": [
					{ "time": 0, "name": "toufa" },
					{ "time": 0.9666, "name": "toufa" },
					{ "time": 1, "name": null },
					{ "time": 2.1666, "name": null }
				]
			},
			"touguan": {
				"attachment": [
					{ "time": 0, "name": "touguan" },
					{ "time": 0.9666, "name": "touguan" },
					{ "time": 1, "name": null },
					{ "time": 2.1666, "name": null }
				]
			},
			"xiang3": {
				"attachment": [
					{ "time": 0, "name": null },
					{ "time": 0.9666, "name": null },
					{ "time": 1, "name": null },
					{ "time": 1.3333, "name": "xiang2" },
					{ "time": 1.7333, "name": null },
					{ "time": 1.9333, "name": "xiang2" },
					{ "time": 2.1333, "name": null },
					{ "time": 2.1666, "name": null }
				],
				"color": [
					{ "time": 1.3333, "color": "ffffffff", "curve": "stepped" },
					{ "time": 1.5, "color": "ffffffff" },
					{ "time": 1.7333, "color": "ffffff00", "curve": "stepped" },
					{ "time": 1.9333, "color": "ffffffff", "curve": "stepped" },
					{ "time": 2.0333, "color": "ffffffff" },
					{ "time": 2.1333, "color": "ffffff00" }
				]
			},
			"xiang4": {
				"attachment": [
					{ "time": 0, "name": null },
					{ "time": 0.9666, "name": null },
					{ "time": 1, "name": null },
					{ "time": 1.1, "name": "xiang1" },
					{ "time": 1.6666, "name": null },
					{ "time": 1.7666, "name": "xiang1" },
					{ "time": 2.1666, "name": "xiang1" }
				],
				"color": [
					{ "time": 1.1, "color": "ffffffff", "curve": "stepped" },
					{ "time": 1.2, "color": "ffffffff" },
					{ "time": 1.3333, "color": "ffffff00", "curve": "stepped" },
					{ "time": 1.6666, "color": "ffffff00" },
					{ "time": 1.7666, "color": "ffffffff", "curve": "stepped" },
					{ "time": 1.8666, "color": "ffffffff" },
					{ "time": 2, "color": "ffffff00" }
				]
			},
			"yanjing2": {
				"attachment": [
					{ "time": 0, "name": "yanjing" },
					{ "time": 0.9666, "name": "yanjing" },
					{ "time": 1, "name": null },
					{ "time": 2.1666, "name": null }
				]
			},
			"zui2": {
				"attachment": [
					{ "time": 0, "name": "zui" },
					{ "time": 0.9666, "name": "zui" },
					{ "time": 1, "name": null },
					{ "time": 2.1666, "name": null }
				]
			}
		},
		"bones": {
			"root": {
				"rotate": [
					{ "time": 0, "angle": 0, "curve": "stepped" },
					{ "time": 0.9666, "angle": 0, "curve": "stepped" },
					{ "time": 1, "angle": 0, "curve": "stepped" },
					{ "time": 1.6666, "angle": 0, "curve": "stepped" },
					{ "time": 1.7333, "angle": 0, "curve": "stepped" },
					{ "time": 2.1666, "angle": 0 }
				],
				"translate": [
					{ "time": 0, "x": 0, "y": 0, "curve": "stepped" },
					{ "time": 0.9666, "x": 0, "y": 0, "curve": "stepped" },
					{ "time": 1, "x": 0, "y": 0, "curve": "stepped" },
					{ "time": 1.6666, "x": 0, "y": 0, "curve": "stepped" },
					{ "time": 1.7333, "x": 0, "y": 0, "curve": "stepped" },
					{ "time": 2.1666, "x": 0, "y": 0 }
				],
				"scale": [
					{ "time": 0, "x": 1, "y": 1, "curve": "stepped" },
					{ "time": 0.9666, "x": 1, "y": 1, "curve": "stepped" },
					{ "time": 1, "x": 1, "y": 1, "curve": "stepped" },
					{ "time": 1.6666, "x": 1, "y": 1, "curve": "stepped" },
					{ "time": 1.7333, "x": 1, "y": 1, "curve": "stepped" },
					{ "time": 2.1666, "x": 1, "y": 1 }
				]
			},
			"bone5": {
				"rotate": [
					{ "time": 0, "angle": 0, "curve": "stepped" },
					{ "time": 0.9666, "angle": 0, "curve": "stepped" },
					{ "time": 1, "angle": 0 },
					{ "time": 1.3333, "angle": 22.24 },
					{ "time": 1.7333, "angle": 0 },
					{ "time": 1.9, "angle": 22.24, "curve": "stepped" },
					{ "time": 2.1666, "angle": 22.24 }
				],
				"translate": [
					{ "time": 0, "x": 0, "y": 0, "curve": "stepped" },
					{ "time": 0.9666, "x": 0, "y": 0, "curve": "stepped" },
					{ "time": 1, "x": 0, "y": 0 },
					{ "time": 1.1333, "x": 0, "y": 10.51 },
					{ "time": 1.3333, "x": 0, "y": -1.72 },
					{ "time": 1.5, "x": 0, "y": 19.15 },
					{ "time": 1.6666, "x": 0, "y": 0 },
					{ "time": 1.8666, "x": 0, "y": 10.51 },
					{ "time": 2.0333, "x": 0, "y": -1.72 },
					{ "time": 2.1666, "x": 0, "y": 0 }
				],
				"scale": [
					{ "time": 0, "x": 1, "y": 1, "curve": "stepped" },
					{ "time": 0.9666, "x": 1, "y": 1, "curve": "stepped" },
					{ "time": 1, "x": 1, "y": 1, "curve": "stepped" },
					{ "time": 1.6666, "x": 1, "y": 1, "curve": "stepped" },
					{ "time": 1.7333, "x": 1, "y": 1, "curve": "stepped" },
					{ "time": 2.1666, "x": 1, "y": 1 }
				]
			},
			"bone": {
				"rotate": [
					{ "time": 0, "angle": 0, "curve": "stepped" },
					{ "time": 0.9666, "angle": 0, "curve": "stepped" },
					{ "time": 1, "angle": 0 },
					{ "time": 1.1333, "angle": -19.62 },
					{ "time": 1.2333, "angle": 11 },
					{ "time": 1.3333, "angle": 28.21 },
					{ "time": 1.5, "angle": -0.52 },
					{ "time": 1.7333, "angle": 0 },
					{ "time": 1.8666, "angle": -22.19 },
					{ "time": 1.9333, "angle": 11 },
					{ "time": 2.0333, "angle": 28.21, "curve": "stepped" },
					{ "time": 2.1666, "angle": 28.21 }
				],
				"translate": [
					{ "time": 0, "x": 0, "y": 0, "curve": "stepped" },
					{ "time": 0.9666, "x": 0, "y": 0, "curve": "stepped" },
					{ "time": 1, "x": 0, "y": 0 },
					{ "time": 1.1333, "x": -4.31, "y": 0.26, "curve": "stepped" },
					{ "time": 1.5, "x": -4.31, "y": 0.26 },
					{ "time": 1.7333, "x": 0, "y": 0 },
					{ "time": 1.8666, "x": -4.31, "y": 0.26, "curve": "stepped" },
					{ "time": 2.1666, "x": -4.31, "y": 0.26 }
				],
				"scale": [
					{ "time": 0, "x": 1, "y": 1, "curve": "stepped" },
					{ "time": 0.9666, "x": 1, "y": 1, "curve": "stepped" },
					{ "time": 1, "x": 1, "y": 1, "curve": "stepped" },
					{ "time": 1.5, "x": 1, "y": 1, "curve": "stepped" },
					{ "time": 1.7333, "x": 1, "y": 1, "curve": "stepped" },
					{ "time": 2.1666, "x": 1, "y": 1 }
				]
			},
			"bone3": {
				"rotate": [
					{ "time": 0, "angle": 0, "curve": "stepped" },
					{ "time": 0.9666, "angle": 0, "curve": "stepped" },
					{ "time": 1, "angle": 0 },
					{ "time": 1.1, "angle": -14.45 },
					{ "time": 1.2333, "angle": -8.29 },
					{ "time": 1.3333, "angle": -1.11 },
					{ "time": 1.4, "angle": 24.01 },
					{ "time": 1.5, "angle": -16.43 },
					{ "time": 1.6666, "angle": -4.3 },
					{ "time": 1.7333, "angle": 11.02 },
					{ "time": 1.8, "angle": 11.98 },
					{ "time": 1.9333, "angle": 19.56 },
					{ "time": 2.1666, "angle": 12.02 }
				],
				"translate": [
					{ "time": 0, "x": 0, "y": 0, "curve": "stepped" },
					{ "time": 0.9666, "x": 0, "y": 0, "curve": "stepped" },
					{ "time": 1, "x": 0, "y": 0 },
					{ "time": 1.3333, "x": -4.08, "y": 3.24 },
					{ "time": 1.4, "x": -10.77, "y": 4.73 },
					{ "time": 2.1666, "x": 0, "y": 0 }
				],
				"scale": [
					{ "time": 0, "x": 1, "y": 1, "curve": "stepped" },
					{ "time": 0.9666, "x": 1, "y": 1, "curve": "stepped" },
					{ "time": 1, "x": 1, "y": 1, "curve": "stepped" },
					{ "time": 2.1666, "x": 1, "y": 1 }
				]
			},
			"bone6": {
				"rotate": [
					{ "time": 0, "angle": 0, "curve": "stepped" },
					{ "time": 0.9666, "angle": 0, "curve": "stepped" },
					{ "time": 1, "angle": 0, "curve": "stepped" },
					{ "time": 1.7333, "angle": 0, "curve": "stepped" },
					{ "time": 2.1333, "angle": 0, "curve": "stepped" },
					{ "time": 2.1666, "angle": 0 }
				],
				"translate": [
					{ "time": 0, "x": 0, "y": 0, "curve": "stepped" },
					{ "time": 0.9666, "x": 0, "y": 0, "curve": "stepped" },
					{ "time": 1, "x": 0, "y": 0 },
					{ "time": 1.3333, "x": -4.88, "y": 1.43 },
					{ "time": 1.7333, "x": 0, "y": 0 },
					{ "time": 1.9333, "x": -4.88, "y": 1.43 },
					{ "time": 2.1333, "x": 0, "y": 0, "curve": "stepped" },
					{ "time": 2.1666, "x": 0, "y": 0 }
				],
				"scale": [
					{ "time": 0, "x": 1, "y": 1, "curve": "stepped" },
					{ "time": 0.9666, "x": 1, "y": 1, "curve": "stepped" },
					{ "time": 1, "x": 1, "y": 1 },
					{ "time": 1.3333, "x": 0.969, "y": 0.969 },
					{ "time": 1.7333, "x": 1.919, "y": 1.919 },
					{ "time": 1.9333, "x": 0.969, "y": 0.969 },
					{ "time": 2.1333, "x": 1.919, "y": 1.919, "curve": "stepped" },
					{ "time": 2.1666, "x": 1.919, "y": 1.919 }
				]
			},
			"bone7": {
				"rotate": [
					{ "time": 0, "angle": 0, "curve": "stepped" },
					{ "time": 0.9666, "angle": 0, "curve": "stepped" },
					{ "time": 1, "angle": 0, "curve": "stepped" },
					{ "time": 1.1, "angle": 0, "curve": "stepped" },
					{ "time": 1.3333, "angle": 0, "curve": "stepped" },
					{ "time": 1.6666, "angle": 0, "curve": "stepped" },
					{ "time": 1.7666, "angle": 0, "curve": "stepped" },
					{ "time": 2, "angle": 0, "curve": "stepped" },
					{ "time": 2.1666, "angle": 0 }
				],
				"translate": [
					{ "time": 0, "x": 0, "y": 0, "curve": "stepped" },
					{ "time": 0.9666, "x": 0, "y": 0, "curve": "stepped" },
					{ "time": 1, "x": 0, "y": 0, "curve": "stepped" },
					{ "time": 1.1, "x": 0, "y": 0, "curve": "stepped" },
					{ "time": 1.3333, "x": 0, "y": 0, "curve": "stepped" },
					{ "time": 1.6666, "x": 0, "y": 0, "curve": "stepped" },
					{ "time": 1.7666, "x": 0, "y": 0, "curve": "stepped" },
					{ "time": 2, "x": 0, "y": 0, "curve": "stepped" },
					{ "time": 2.1666, "x": 0, "y": 0 }
				],
				"scale": [
					{ "time": 0, "x": 1, "y": 1, "curve": "stepped" },
					{ "time": 0.9666, "x": 1, "y": 1, "curve": "stepped" },
					{ "time": 1, "x": 1, "y": 1 },
					{ "time": 1.1, "x": 0.695, "y": 0.695 },
					{ "time": 1.3333, "x": 1.424, "y": 1.424 },
					{ "time": 1.6666, "x": 1.369, "y": 1.369 },
					{ "time": 1.7666, "x": 0.695, "y": 0.695 },
					{ "time": 2, "x": 1.424, "y": 1.424, "curve": "stepped" },
					{ "time": 2.1666, "x": 1.424, "y": 1.424 }
				]
			},
			"bone8": {
				"rotate": [
					{ "time": 0, "angle": 0, "curve": "stepped" },
					{ "time": 0.9666, "angle": 0, "curve": "stepped" },
					{ "time": 1, "angle": 0, "curve": "stepped" },
					{ "time": 1.7333, "angle": 0, "curve": "stepped" },
					{ "time": 1.8666, "angle": 0, "curve": "stepped" },
					{ "time": 2.1666, "angle": 0 }
				],
				"translate": [
					{ "time": 0, "x": 0, "y": 0, "curve": "stepped" },
					{ "time": 0.9666, "x": 0, "y": 0, "curve": "stepped" },
					{ "time": 1, "x": 7.35, "y": -4.65 },
					{ "time": 1.1, "x": 21.18, "y": -15.08 },
					{ "time": 1.2333, "x": 25.39, "y": -14.33 },
					{ "time": 1.3333, "x": -6.74, "y": 4.61, "curve": "stepped" },
					{ "time": 1.4666, "x": -6.74, "y": 4.61 },
					{ "time": 1.7333, "x": 39.3, "y": -25.63, "curve": "stepped" },
					{ "time": 1.8666, "x": 39.3, "y": -25.63 },
					{ "time": 1.9333, "x": -6.74, "y": 4.61, "curve": "stepped" },
					{ "time": 2, "x": -6.74, "y": 4.61 },
					{ "time": 2.1666, "x": 41.64, "y": -18.85 }
				],
				"scale": [
					{ "time": 0, "x": 1, "y": 1, "curve": "stepped" },
					{ "time": 0.9666, "x": 1, "y": 1, "curve": "stepped" },
					{ "time": 1, "x": 1, "y": 1 },
					{ "time": 1.1, "x": 0.635, "y": 1 },
					{ "time": 1.2333, "x": 0.474, "y": 1 },
					{ "time": 1.3333, "x": 0.996, "y": 1 },
					{ "time": 1.7333, "x": 1, "y": 1 },
					{ "time": 1.8666, "x": 0.598, "y": 1 },
					{ "time": 1.9333, "x": 0.996, "y": 1, "curve": "stepped" },
					{ "time": 2.1666, "x": 0.996, "y": 1 }
				]
			},
			"bone9": {
				"rotate": [
					{ "time": 0, "angle": 0, "curve": "stepped" },
					{ "time": 0.9666, "angle": 0, "curve": "stepped" },
					{ "time": 1, "angle": 0, "curve": "stepped" },
					{ "time": 1.1, "angle": 0, "curve": "stepped" },
					{ "time": 1.1333, "angle": 0, "curve": "stepped" },
					{ "time": 1.2333, "angle": 0, "curve": "stepped" },
					{ "time": 1.3333, "angle": 0, "curve": "stepped" },
					{ "time": 1.6333, "angle": 0, "curve": "stepped" },
					{ "time": 1.7333, "angle": 0, "curve": "stepped" },
					{ "time": 1.8666, "angle": 0, "curve": "stepped" },
					{ "time": 2.1666, "angle": 0 }
				],
				"translate": [
					{ "time": 0, "x": 0, "y": 0, "curve": "stepped" },
					{ "time": 0.9666, "x": 0, "y": 0, "curve": "stepped" },
					{ "time": 1, "x": 11.24, "y": 9.98 },
					{ "time": 1.1, "x": 0, "y": 0, "curve": "stepped" },
					{ "time": 1.1333, "x": 0, "y": 0 },
					{ "time": 1.2333, "x": 11.24, "y": 9.98 },
					{ "time": 1.3333, "x": 25.68, "y": 15.91 },
					{ "time": 1.6333, "x": 26.6, "y": 24.27 },
					{ "time": 1.7333, "x": 0, "y": 0 },
					{ "time": 1.8666, "x": 30.01, "y": 15.51 },
					{ "time": 2.1666, "x": 24.67, "y": 14.68 }
				],
				"scale": [
					{ "time": 0, "x": 1, "y": 1, "curve": "stepped" },
					{ "time": 0.9666, "x": 1, "y": 1, "curve": "stepped" },
					{ "time": 1, "x": 1, "y": 1, "curve": "stepped" },
					{ "time": 1.1, "x": 1, "y": 1, "curve": "stepped" },
					{ "time": 1.1333, "x": 1, "y": 1 },
					{ "time": 1.2333, "x": 0.83, "y": 1 },
					{ "time": 1.3333, "x": 0.644, "y": 1 },
					{ "time": 1.6333, "x": 0.497, "y": 1 },
					{ "time": 1.7333, "x": 1, "y": 1 },
					{ "time": 1.8666, "x": 0.83, "y": 1 },
					{ "time": 2.0333, "x": 0.679, "y": 1, "curve": "stepped" },
					{ "time": 2.1666, "x": 0.679, "y": 1 }
				]
			},
			"bone2": {
				"rotate": [
					{ "time": 0, "angle": 0, "curve": "stepped" },
					{ "time": 0.9666, "angle": 0, "curve": "stepped" },
					{ "time": 1, "angle": 0 },
					{ "time": 1.1333, "angle": 30.82 },
					{ "time": 1.2333, "angle": -25.88 },
					{ "time": 1.3333, "angle": -59.13 },
					{ "time": 1.5, "angle": 27.4 },
					{ "time": 1.6333, "angle": 29.98 },
					{ "time": 1.7333, "angle": 0 },
					{ "time": 1.8666, "angle": 13.98 },
					{ "time": 1.9333, "angle": -25.88 },
					{ "time": 2.0333, "angle": -59.13 },
					{ "time": 2.1666, "angle": -52.96 }
				],
				"translate": [
					{ "time": 0, "x": 0, "y": 0, "curve": "stepped" },
					{ "time": 0.9666, "x": 0, "y": 0, "curve": "stepped" },
					{ "time": 1, "x": 0, "y": 0 },
					{ "time": 1.1333, "x": 3.41, "y": -2.38, "curve": "stepped" },
					{ "time": 1.5, "x": 3.41, "y": -2.38 },
					{ "time": 1.7333, "x": 0, "y": 0 },
					{ "time": 1.8666, "x": 3.41, "y": -2.38, "curve": "stepped" },
					{ "time": 2.1666, "x": 3.41, "y": -2.38 }
				],
				"scale": [
					{ "time": 0, "x": 1, "y": 1, "curve": "stepped" },
					{ "time": 0.9666, "x": 1, "y": 1, "curve": "stepped" },
					{ "time": 1, "x": 1, "y": 1, "curve": "stepped" },
					{ "time": 1.5, "x": 1, "y": 1, "curve": "stepped" },
					{ "time": 1.7333, "x": 1, "y": 1, "curve": "stepped" },
					{ "time": 2.1666, "x": 1, "y": 1 }
				]
			},
			"bone4": {
				"rotate": [
					{ "time": 0, "angle": 0, "curve": "stepped" },
					{ "time": 0.9666, "angle": 0, "curve": "stepped" },
					{ "time": 1, "angle": 0 },
					{ "time": 1.1, "angle": 24.42 },
					{ "time": 1.2333, "angle": -12.38 },
					{ "time": 1.3333, "angle": -7.52 },
					{ "time": 1.4, "angle": -23.08 },
					{ "time": 1.5, "angle": 29.36 },
					{ "time": 1.6666, "angle": 2.47 },
					{ "time": 1.8, "angle": -28.34 },
					{ "time": 1.9333, "angle": -28.61 },
					{ "time": 2.1666, "angle": -19.24 }
				],
				"translate": [
					{ "time": 0, "x": 0, "y": 0, "curve": "stepped" },
					{ "time": 0.9666, "x": 0, "y": 0, "curve": "stepped" },
					{ "time": 1, "x": 0, "y": 0 },
					{ "time": 1.3333, "x": -2.22, "y": -1.58 },
					{ "time": 1.4, "x": 2.28, "y": -3.59 },
					{ "time": 2.1666, "x": 0, "y": 0 }
				],
				"scale": [
					{ "time": 0, "x": 1, "y": 1, "curve": "stepped" },
					{ "time": 0.9666, "x": 1, "y": 1, "curve": "stepped" },
					{ "time": 1, "x": 1, "y": 1, "curve": "stepped" },
					{ "time": 2.1666, "x": 1, "y": 1 }
				]
			},
			"bone10": {
				"rotate": [
					{ "time": 0, "angle": 0, "curve": "stepped" },
					{ "time": 0.9666, "angle": 0, "curve": "stepped" },
					{ "time": 1, "angle": 0, "curve": "stepped" },
					{ "time": 2.1666, "angle": 0 }
				],
				"translate": [
					{ "time": 0, "x": -172.86, "y": 1.64, "curve": "stepped" },
					{ "time": 0.9666, "x": -172.86, "y": 1.64, "curve": "stepped" },
					{ "time": 1, "x": 0, "y": 0, "curve": "stepped" },
					{ "time": 2.1666, "x": 0, "y": 0 }
				],
				"scale": [
					{ "time": 0, "x": 1, "y": 1, "curve": "stepped" },
					{ "time": 0.9666, "x": 1, "y": 1, "curve": "stepped" },
					{ "time": 1, "x": 1, "y": 1, "curve": "stepped" },
					{ "time": 2.1666, "x": 1, "y": 1 }
				]
			},
			"bone11": {
				"rotate": [
					{ "time": 0, "angle": 9.99 },
					{ "time": 0.4333, "angle": 3.85 },
					{ "time": 0.4666, "angle": -4.9 },
					{ "time": 0.9666, "angle": -2.61 },
					{ "time": 1, "angle": 0 },
					{ "time": 1.4666, "angle": -0.03, "curve": "stepped" },
					{ "time": 2.1666, "angle": -0.03 }
				],
				"translate": [
					{ "time": 0, "x": 0, "y": 0, "curve": "stepped" },
					{ "time": 0.3333, "x": 0, "y": 0 },
					{ "time": 0.5333, "x": -2.72, "y": 0.1 },
					{ "time": 0.7666, "x": 0, "y": 0 },
					{ "time": 0.9, "x": -2.72, "y": 0.1 },
					{ "time": 0.9666, "x": 0, "y": 0, "curve": "stepped" },
					{ "time": 1, "x": 0, "y": 0, "curve": "stepped" },
					{ "time": 2.1666, "x": 0, "y": 0 }
				],
				"scale": [
					{ "time": 0, "x": 1, "y": 1, "curve": "stepped" },
					{ "time": 0.3333, "x": 1, "y": 1, "curve": "stepped" },
					{ "time": 0.9666, "x": 1, "y": 1, "curve": "stepped" },
					{ "time": 1, "x": 1, "y": 1, "curve": "stepped" },
					{ "time": 2.1666, "x": 1, "y": 1 }
				]
			},
			"bone12": {
				"rotate": [
					{ "time": 0, "angle": 0, "curve": "stepped" },
					{ "time": 0.9666, "angle": 0, "curve": "stepped" },
					{ "time": 1, "angle": 0, "curve": "stepped" },
					{ "time": 2.1666, "angle": 0 }
				],
				"translate": [
					{ "time": 0, "x": 0, "y": 0, "curve": "stepped" },
					{ "time": 0.9666, "x": 0, "y": 0, "curve": "stepped" },
					{ "time": 1, "x": 0, "y": 0, "curve": "stepped" },
					{ "time": 2.1666, "x": 0, "y": 0 }
				],
				"scale": [
					{ "time": 0, "x": 1, "y": 1, "curve": "stepped" },
					{ "time": 0.9666, "x": 1, "y": 1, "curve": "stepped" },
					{ "time": 1, "x": 1, "y": 1, "curve": "stepped" },
					{ "time": 2.1666, "x": 1, "y": 1 }
				]
			},
			"bone13": {
				"rotate": [
					{ "time": 0, "angle": 0 },
					{ "time": 0.4333, "angle": 29.42 },
					{ "time": 0.6666, "angle": -4.09 },
					{ "time": 0.8333, "angle": 24.14 },
					{ "time": 0.9666, "angle": 0, "curve": "stepped" },
					{ "time": 1, "angle": 0, "curve": "stepped" },
					{ "time": 2.1666, "angle": 0 }
				],
				"translate": [
					{ "time": 0, "x": 0, "y": 0, "curve": "stepped" },
					{ "time": 0.9666, "x": 0, "y": 0, "curve": "stepped" },
					{ "time": 1, "x": 0, "y": 0, "curve": "stepped" },
					{ "time": 2.1666, "x": 0, "y": 0 }
				],
				"scale": [
					{ "time": 0, "x": 1, "y": 1, "curve": "stepped" },
					{ "time": 0.9666, "x": 1, "y": 1, "curve": "stepped" },
					{ "time": 1, "x": 1, "y": 1, "curve": "stepped" },
					{ "time": 2.1666, "x": 1, "y": 1 }
				]
			},
			"bone15": {
				"rotate": [
					{ "time": 0, "angle": 0 },
					{ "time": 0.3333, "angle": 22.16 },
					{ "time": 0.6333, "angle": -15.71 },
					{ "time": 0.8333, "angle": 17.05 },
					{ "time": 0.9666, "angle": 0, "curve": "stepped" },
					{ "time": 1, "angle": 0, "curve": "stepped" },
					{ "time": 2.1666, "angle": 0 }
				],
				"translate": [
					{ "time": 0, "x": 0, "y": 0, "curve": "stepped" },
					{ "time": 0.9666, "x": 0, "y": 0, "curve": "stepped" },
					{ "time": 1, "x": 0, "y": 0, "curve": "stepped" },
					{ "time": 2.1666, "x": 0, "y": 0 }
				],
				"scale": [
					{ "time": 0, "x": 1, "y": 1, "curve": "stepped" },
					{ "time": 0.9666, "x": 1, "y": 1, "curve": "stepped" },
					{ "time": 1, "x": 1, "y": 1, "curve": "stepped" },
					{ "time": 2.1666, "x": 1, "y": 1 }
				]
			},
			"bone17": {
				"rotate": [
					{ "time": 0, "angle": 0, "curve": "stepped" },
					{ "time": 0.1333, "angle": 0, "curve": "stepped" },
					{ "time": 0.4333, "angle": 0, "curve": "stepped" },
					{ "time": 0.9666, "angle": 0, "curve": "stepped" },
					{ "time": 1, "angle": 0, "curve": "stepped" },
					{ "time": 2.1666, "angle": 0 }
				],
				"translate": [
					{ "time": 0, "x": 0, "y": 0, "curve": "stepped" },
					{ "time": 0.1333, "x": 0, "y": 0, "curve": "stepped" },
					{ "time": 0.4333, "x": 0, "y": 0, "curve": "stepped" },
					{ "time": 0.9666, "x": 0, "y": 0, "curve": "stepped" },
					{ "time": 1, "x": 0, "y": 0, "curve": "stepped" },
					{ "time": 2.1666, "x": 0, "y": 0 }
				],
				"scale": [
					{ "time": 0, "x": 1, "y": 1 },
					{ "time": 0.1333, "x": 1.306, "y": 1.306 },
					{ "time": 0.1666, "x": 0.908, "y": 0.908 },
					{ "time": 0.4333, "x": 1.306, "y": 1.306 },
					{ "time": 0.4666, "x": 1, "y": 1 },
					{ "time": 0.5333, "x": 1.306, "y": 1.306 },
					{ "time": 0.6, "x": 0.908, "y": 0.908 },
					{ "time": 0.7666, "x": 1.306, "y": 1.306 },
					{ "time": 0.9666, "x": 1, "y": 1, "curve": "stepped" },
					{ "time": 1, "x": 1, "y": 1, "curve": "stepped" },
					{ "time": 2.1666, "x": 1, "y": 1 }
				],
				"flipX": [
					{ "time": 0.4666, "x": true }
				]
			},
			"bone21": {
				"rotate": [
					{
						"time": 0,
						"angle": 0,
						"curve": [ 0.25, 0, 0.75, 1 ]
					},
					{
						"time": 0.4666,
						"angle": 3.85,
						"curve": [ 0.25, 0, 0.75, 1 ]
					},
					{
						"time": 0.8,
						"angle": -3.49,
						"curve": [ 0.25, 0, 0.75, 1 ]
					},
					{ "time": 0.9666, "angle": 0, "curve": "stepped" },
					{ "time": 1, "angle": 0, "curve": "stepped" },
					{ "time": 2.1666, "angle": 0 }
				],
				"translate": [
					{ "time": 0, "x": 0, "y": 0, "curve": "stepped" },
					{ "time": 0.9666, "x": 0, "y": 0, "curve": "stepped" },
					{ "time": 1, "x": 0, "y": 0, "curve": "stepped" },
					{ "time": 2.1666, "x": 0, "y": 0 }
				],
				"scale": [
					{ "time": 0, "x": 1, "y": 1, "curve": "stepped" },
					{ "time": 0.9666, "x": 1, "y": 1, "curve": "stepped" },
					{ "time": 1, "x": 1, "y": 1, "curve": "stepped" },
					{ "time": 2.1666, "x": 1, "y": 1 }
				]
			},
			"bone27": {
				"rotate": [
					{ "time": 0, "angle": 0 },
					{ "time": 0.2666, "angle": -1.29 },
					{ "time": 0.3333, "angle": -11.98, "curve": "stepped" },
					{ "time": 0.9666, "angle": -11.98, "curve": "stepped" },
					{ "time": 1, "angle": 0, "curve": "stepped" },
					{ "time": 2.1666, "angle": 0 }
				],
				"translate": [
					{ "time": 0, "x": 0, "y": 0 },
					{ "time": 0.2666, "x": 0.29, "y": -1.1 },
					{ "time": 0.3333, "x": 0.62, "y": -2.34, "curve": "stepped" },
					{ "time": 0.9666, "x": 0.62, "y": -2.34, "curve": "stepped" },
					{ "time": 1, "x": 0, "y": 0, "curve": "stepped" },
					{ "time": 2.1666, "x": 0, "y": 0 }
				],
				"scale": [
					{ "time": 0, "x": 1, "y": 1, "curve": "stepped" },
					{ "time": 0.9666, "x": 1, "y": 1, "curve": "stepped" },
					{ "time": 1, "x": 1, "y": 1, "curve": "stepped" },
					{ "time": 2.1666, "x": 1, "y": 1 }
				],
				"flipX": [
					{ "time": 0.3333, "x": true },
					{ "time": 0.9666, "x": true }
				]
			},
			"bone26": {
				"rotate": [
					{ "time": 0, "angle": 0, "curve": "stepped" },
					{ "time": 0.9666, "angle": 0, "curve": "stepped" },
					{ "time": 1, "angle": 0, "curve": "stepped" },
					{ "time": 2.1666, "angle": 0 }
				],
				"translate": [
					{ "time": 0, "x": 0, "y": 0 },
					{ "time": 0.3333, "x": -0.02, "y": -1.73, "curve": "stepped" },
					{ "time": 0.9666, "x": 0, "y": 0, "curve": "stepped" },
					{ "time": 1, "x": 0, "y": 0, "curve": "stepped" },
					{ "time": 2.1666, "x": 0, "y": 0 }
				],
				"scale": [
					{ "time": 0, "x": 1, "y": 1, "curve": "stepped" },
					{ "time": 0.9666, "x": 1, "y": 1, "curve": "stepped" },
					{ "time": 1, "x": 1, "y": 1, "curve": "stepped" },
					{ "time": 2.1666, "x": 1, "y": 1 }
				]
			},
			"bone25": {
				"rotate": [
					{ "time": 0, "angle": 0 },
					{ "time": 0.4666, "angle": 27.68 },
					{ "time": 0.9666, "angle": 0, "curve": "stepped" },
					{ "time": 1, "angle": 0, "curve": "stepped" },
					{ "time": 2.1666, "angle": 0 }
				],
				"translate": [
					{ "time": 0, "x": 0, "y": 0, "curve": "stepped" },
					{ "time": 0.9666, "x": 0, "y": 0, "curve": "stepped" },
					{ "time": 1, "x": 0, "y": 0, "curve": "stepped" },
					{ "time": 2.1666, "x": 0, "y": 0 }
				],
				"scale": [
					{ "time": 0, "x": 1, "y": 1, "curve": "stepped" },
					{ "time": 0.9666, "x": 1, "y": 1, "curve": "stepped" },
					{ "time": 1, "x": 1, "y": 1, "curve": "stepped" },
					{ "time": 2.1666, "x": 1, "y": 1 }
				]
			},
			"bone24": {
				"rotate": [
					{ "time": 0, "angle": 0 },
					{ "time": 0.6, "angle": -35.26 },
					{ "time": 0.9666, "angle": 0, "curve": "stepped" },
					{ "time": 1, "angle": 0, "curve": "stepped" },
					{ "time": 2.1666, "angle": 0 }
				],
				"translate": [
					{ "time": 0, "x": 0, "y": 0, "curve": "stepped" },
					{ "time": 0.9666, "x": 0, "y": 0, "curve": "stepped" },
					{ "time": 1, "x": 0, "y": 0, "curve": "stepped" },
					{ "time": 2.1666, "x": 0, "y": 0 }
				],
				"scale": [
					{ "time": 0, "x": 1, "y": 1, "curve": "stepped" },
					{ "time": 0.9666, "x": 1, "y": 1, "curve": "stepped" },
					{ "time": 1, "x": 1, "y": 1, "curve": "stepped" },
					{ "time": 2.1666, "x": 1, "y": 1 }
				]
			},
			"bone23": {
				"rotate": [
					{
						"time": 0,
						"angle": 0,
						"curve": [ 0.25, 0, 0.75, 1 ]
					},
					{
						"time": 0.4666,
						"angle": -8.97,
						"curve": [ 0.25, 0, 0.75, 1 ]
					},
					{
						"time": 0.8,
						"angle": 49.95,
						"curve": [ 0.25, 0, 0.75, 1 ]
					},
					{ "time": 0.9666, "angle": 0, "curve": "stepped" },
					{ "time": 1, "angle": 0, "curve": "stepped" },
					{ "time": 2.1666, "angle": 0 }
				],
				"translate": [
					{ "time": 0, "x": 0, "y": 0, "curve": "stepped" },
					{ "time": 0.9666, "x": 0, "y": 0, "curve": "stepped" },
					{ "time": 1, "x": 0, "y": 0, "curve": "stepped" },
					{ "time": 2.1666, "x": 0, "y": 0 }
				],
				"scale": [
					{ "time": 0, "x": 1, "y": 1, "curve": "stepped" },
					{ "time": 0.9666, "x": 1, "y": 1, "curve": "stepped" },
					{ "time": 1, "x": 1, "y": 1, "curve": "stepped" },
					{ "time": 2.1666, "x": 1, "y": 1 }
				]
			},
			"bone22": {
				"rotate": [
					{
						"time": 0,
						"angle": 0,
						"curve": [ 0.25, 0, 0.75, 1 ]
					},
					{
						"time": 0.3333,
						"angle": -13.44,
						"curve": [ 0.25, 0, 0.75, 1 ]
					},
					{
						"time": 0.6666,
						"angle": 11.98,
						"curve": [ 0.25, 0, 0.75, 1 ]
					},
					{ "time": 0.9666, "angle": 0, "curve": "stepped" },
					{ "time": 1, "angle": 0, "curve": "stepped" },
					{ "time": 2.1666, "angle": 0 }
				],
				"translate": [
					{ "time": 0, "x": 0, "y": 0, "curve": "stepped" },
					{ "time": 0.9666, "x": 0, "y": 0, "curve": "stepped" },
					{ "time": 1, "x": 0, "y": 0, "curve": "stepped" },
					{ "time": 2.1666, "x": 0, "y": 0 }
				],
				"scale": [
					{ "time": 0, "x": 1, "y": 1, "curve": "stepped" },
					{ "time": 0.9666, "x": 1, "y": 1, "curve": "stepped" },
					{ "time": 1, "x": 1, "y": 1, "curve": "stepped" },
					{ "time": 2.1666, "x": 1, "y": 1 }
				]
			},
			"bone20": {
				"rotate": [
					{ "time": 0, "angle": 0 },
					{ "time": 0.4333, "angle": 12.59 },
					{ "time": 0.7666, "angle": -26.04 },
					{ "time": 0.9666, "angle": 0, "curve": "stepped" },
					{ "time": 1, "angle": 0, "curve": "stepped" },
					{ "time": 2.1666, "angle": 0 }
				],
				"translate": [
					{ "time": 0, "x": 0, "y": 0, "curve": "stepped" },
					{ "time": 0.9666, "x": 0, "y": 0, "curve": "stepped" },
					{ "time": 1, "x": 0, "y": 0, "curve": "stepped" },
					{ "time": 2.1666, "x": 0, "y": 0 }
				],
				"scale": [
					{ "time": 0, "x": 1, "y": 1, "curve": "stepped" },
					{ "time": 0.9666, "x": 1, "y": 1, "curve": "stepped" },
					{ "time": 1, "x": 1, "y": 1, "curve": "stepped" },
					{ "time": 2.1666, "x": 1, "y": 1 }
				]
			},
			"bone19": {
				"rotate": [
					{ "time": 0, "angle": 0 },
					{ "time": 0.2666, "angle": 13.89 },
					{ "time": 0.6333, "angle": -10.98 },
					{ "time": 0.9666, "angle": 0, "curve": "stepped" },
					{ "time": 1, "angle": 0, "curve": "stepped" },
					{ "time": 2.1666, "angle": 0 }
				],
				"translate": [
					{ "time": 0, "x": 0, "y": 0, "curve": "stepped" },
					{ "time": 0.9666, "x": 0, "y": 0, "curve": "stepped" },
					{ "time": 1, "x": 0, "y": 0, "curve": "stepped" },
					{ "time": 2.1666, "x": 0, "y": 0 }
				],
				"scale": [
					{ "time": 0, "x": 1, "y": 1, "curve": "stepped" },
					{ "time": 0.9666, "x": 1, "y": 1, "curve": "stepped" },
					{ "time": 1, "x": 1, "y": 1, "curve": "stepped" },
					{ "time": 2.1666, "x": 1, "y": 1 }
				]
			},
			"bone18": {
				"rotate": [
					{ "time": 0, "angle": 0 },
					{ "time": 0.4333, "angle": -4.66 },
					{ "time": 0.7666, "angle": 3.11 },
					{ "time": 0.9666, "angle": 0, "curve": "stepped" },
					{ "time": 1, "angle": 0, "curve": "stepped" },
					{ "time": 2.1666, "angle": 0 }
				],
				"translate": [
					{ "time": 0, "x": 0, "y": 0, "curve": "stepped" },
					{ "time": 0.9666, "x": 0, "y": 0, "curve": "stepped" },
					{ "time": 1, "x": 0, "y": 0, "curve": "stepped" },
					{ "time": 2.1666, "x": 0, "y": 0 }
				],
				"scale": [
					{ "time": 0, "x": 1, "y": 1, "curve": "stepped" },
					{ "time": 0.9666, "x": 1, "y": 1, "curve": "stepped" },
					{ "time": 1, "x": 1, "y": 1, "curve": "stepped" },
					{ "time": 2.1666, "x": 1, "y": 1 }
				]
			},
			"bone16": {
				"rotate": [
					{ "time": 0, "angle": 0 },
					{ "time": 0.3333, "angle": -14.06 },
					{ "time": 0.6333, "angle": 11.64 },
					{ "time": 0.8333, "angle": -17.18 },
					{ "time": 0.9666, "angle": 0, "curve": "stepped" },
					{ "time": 1, "angle": 0, "curve": "stepped" },
					{ "time": 2.1666, "angle": 0 }
				],
				"translate": [
					{ "time": 0, "x": 0, "y": 0, "curve": "stepped" },
					{ "time": 0.9666, "x": 0, "y": 0, "curve": "stepped" },
					{ "time": 1, "x": 0, "y": 0, "curve": "stepped" },
					{ "time": 2.1666, "x": 0, "y": 0 }
				],
				"scale": [
					{ "time": 0, "x": 1, "y": 1, "curve": "stepped" },
					{ "time": 0.9666, "x": 1, "y": 1, "curve": "stepped" },
					{ "time": 1, "x": 1, "y": 1, "curve": "stepped" },
					{ "time": 2.1666, "x": 1, "y": 1 }
				]
			},
			"bone14": {
				"rotate": [
					{ "time": 0, "angle": 0 },
					{ "time": 0.3333, "angle": -26.31 },
					{ "time": 0.6333, "angle": 12.55 },
					{ "time": 0.8333, "angle": -25.86 },
					{ "time": 0.9666, "angle": 0, "curve": "stepped" },
					{ "time": 1, "angle": 0, "curve": "stepped" },
					{ "time": 2.1666, "angle": 0 }
				],
				"translate": [
					{ "time": 0, "x": 0, "y": 0, "curve": "stepped" },
					{ "time": 0.9666, "x": 0, "y": 0, "curve": "stepped" },
					{ "time": 1, "x": 0, "y": 0, "curve": "stepped" },
					{ "time": 2.1666, "x": 0, "y": 0 }
				],
				"scale": [
					{ "time": 0, "x": 1, "y": 1, "curve": "stepped" },
					{ "time": 0.9666, "x": 1, "y": 1, "curve": "stepped" },
					{ "time": 1, "x": 1, "y": 1, "curve": "stepped" },
					{ "time": 2.1666, "x": 1, "y": 1 }
				]
			},
			"bone28": {
				"rotate": [
					{ "time": 0, "angle": 0 },
					{ "time": 1, "angle": -14.73 },
					{ "time": 1.1333, "angle": -41.1 },
					{ "time": 1.2666, "angle": -54.52 },
					{ "time": 1.5, "angle": -41.1 },
					{ "time": 1.6333, "angle": -7.14 },
					{ "time": 1.7333, "angle": -14.73 },
					{ "time": 1.8666, "angle": -24.9, "curve": "stepped" },
					{ "time": 2.1666, "angle": -24.9 }
				],
				"translate": [
					{ "time": 0, "x": 0, "y": 0, "curve": "stepped" },
					{ "time": 1, "x": 0, "y": 0, "curve": "stepped" },
					{ "time": 1.5, "x": 0, "y": 0, "curve": "stepped" },
					{ "time": 1.7333, "x": 0, "y": 0, "curve": "stepped" },
					{ "time": 2.1666, "x": 0, "y": 0 }
				],
				"scale": [
					{ "time": 0, "x": 1, "y": 1, "curve": "stepped" },
					{ "time": 1, "x": 1, "y": 1, "curve": "stepped" },
					{ "time": 1.5, "x": 1, "y": 1, "curve": "stepped" },
					{ "time": 1.7333, "x": 1, "y": 1, "curve": "stepped" },
					{ "time": 2.1666, "x": 1, "y": 1 }
				]
			},
			"bone29": {
				"rotate": [
					{ "time": 0, "angle": 0, "curve": "stepped" },
					{ "time": 1.2, "angle": 0 },
					{ "time": 1.3333, "angle": 59.83 },
					{ "time": 1.4, "angle": 50.24 },
					{ "time": 1.5333, "angle": 72.72 },
					{ "time": 1.8, "angle": 35.3 },
					{ "time": 1.9333, "angle": 50.24, "curve": "stepped" },
					{ "time": 2.1666, "angle": 50.24 }
				],
				"translate": [
					{ "time": 0, "x": 0, "y": 0, "curve": "stepped" },
					{ "time": 1.2, "x": 0, "y": 0, "curve": "stepped" },
					{ "time": 1.3333, "x": 0, "y": 0, "curve": "stepped" },
					{ "time": 1.9333, "x": 0, "y": 0, "curve": "stepped" },
					{ "time": 2.1666, "x": 0, "y": 0 }
				],
				"scale": [
					{ "time": 0, "x": 1, "y": 1, "curve": "stepped" },
					{ "time": 1.2, "x": 1, "y": 1, "curve": "stepped" },
					{ "time": 1.3333, "x": 1, "y": 1, "curve": "stepped" },
					{ "time": 1.9333, "x": 1, "y": 1, "curve": "stepped" },
					{ "time": 2.1666, "x": 1, "y": 1 }
				]
			}
		},
		"ffd": {
			"default": {
				"huzi2": {
					"huzi": [
						{ "time": 0, "curve": "stepped" },
						{ "time": 1, "curve": "stepped" },
						{ "time": 2.1666 }
					]
				},
				"meimao2": {
					"meimao": [
						{ "time": 0, "curve": "stepped" },
						{ "time": 1, "curve": "stepped" },
						{ "time": 2.1666 }
					]
				},
				"pigu2": {
					"pigu": [
						{ "time": 0, "curve": "stepped" },
						{ "time": 1, "curve": "stepped" },
						{ "time": 1.0666 },
						{
							"time": 1.1,
							"vertices": [ 4.62168, -1.56305, 2.81019, 0.82497, 3.95715, 1.19627, 4.38097, -1.31766, 3.67004, -3.38993, 1.46975, -5.1675, 0, 0, 0, 0, 0, 0, 0, 0, 0, 0, 0, 0, 0, 0, 0, 0, 0, 0, 0, 0, 0, 0, 0, 0, 0, 0, 0, 0, 0, 0, 0, 0, 0, 0, 0, 0, 0, 0, 0, 0, 0, 0, 0, 0, 0, 0, 0, 0, 0, 0, 0, 0, 0, 0, 0, 0, 0, 0, 0, 0, 0, 0, 0, 0, 0, 0, 0, 0, 0, 0, 0, 0, 0, 0, 0, 0, 0, 0, 0, 0, 0, 0, 0, 0, 0, 0, 0, 0, 0, 0, 0, 0, 0, 0, 0, 0, 0, 0, 0, 0, 0, 0, 0, 0, 0, 0, 0, 0, 0, 0, 0, 0, 0, 0, 0, 0, 0, 0, 0, 0, 0, 0, 0, 0, 0, 0, 0, 0, 0, 0, 0, 0, 0, 0, 0, 0, 0, 0, 0, 0, 0, 0, 0, 0, 0, 0, 0, 0, 0, 0, 0, 0, 0, 0, 0, 0, 0, 0, 0, 0, 0, 0, 0, 0, 0, 0, 0, 0, 0, 0, 0, 0, 0, 0, 0, 0, 0, 0, 0, 0, 0, 0, 0, 0, 0, 0, 0, 0, 0, 0, 0, 0, 0, 0, 0, 0, -1.76441, 4.64722, -1.14675, -4.83731, 4.54841, -2.00541, -2.46633, -4.31582, -4.72225, 6.99818, 0.72315, 10.232, 3.52979, 4.1001, 0, 0, 0, 0, 0, 0, 0, 0, 0, 0, 0, 0, 0, 0, 0, 0, 0, 0, 0, 0, 0, 0, 0, 0, 0, 0, 0, 0, 0, 0, 0, 0, 0, 0, 0, 0, 0, 0, 0, 0, 0, 0, 0, 0, 0, 0, 0, 0, 0, 0, 0, 0, 0, 0, 0, 0, 0, 0, 0, 0, 0, 0, 0, 0, 0, 0, 0, 0, 0, 0, 0, 0, 0, 0, 0, 0, 0, 0, 0, 0, 0, 0, 0, 0, 0, 0, 0, 0, 0, 0, 0, 0, 0, 0, 0, 0, 4.19778, 1.2322, 5.03501, -2.95135, 2.19165, -3.9162, 2.70409, -0.76497, 6.50553, 4.92677, 1.21131, 7.06111, 4.17877, -5.81954 ]
						},
						{ "time": 1.2, "curve": "stepped" },
						{ "time": 1.2666 },
						{
							"time": 1.3333,
							"vertices": [ 3.7414, -1.40455, 2.81019, 0.82497, 3.95715, 1.19627, 4.38097, -1.31766, 3.67004, -3.38993, 1.46975, -5.1675, 0, 0, 0, 0, 0, 0, 0, 0, 0, 0, 0, 0, 0, 0, 0, 0, 0, 0, 0, 0, 0, 0, 0, 0, 0, 0, 0, 0, 0, 0, 0, 0, 0, 0, 0, 0, 0, 0, 0, 0, 0, 0, 0, 0, 0, 0, 0, 0, 0, 0, 0, 0, 0, 0, 0, 0, 0, 0, 0, 0, 0, 0, 0, 0, 0, 0, 0, 0, 0, 0, 0, 0, 0, 0, 0, 0, 0, 0, 0, 0, 0, 0, 0, 0, 0, 0, 0, 0, 0, 0, 0, 0, 0, 0, 0, 0, 0, 0, 0, 0, 0, 0, 0, 0, 0, 0, 0, 0, 0, 0, 0, 0, 0, 0, 0, 0, 0, 0, 0, 0, 0, 0, 0, 0, 0, 0, 0, 0, 0, 0, 0, 0, 0, 0, 0, 0, 0, 0, 0, 0, 0, 0, 0, 0, 0, 0, 0, 0, 0, 0, 0, 0, 0, 0, 0, 0, 0, 0, 0, 0, 0, 0, 0, 0, 0, 0, 0, 0, 0, 0, 0, 0, 0, 0, 0, 0, 0, 0, 0, 0, 0, 0, 0, 0, 0, 0, 0, 0, 0, 0, 0, 0, 0, 0, 0, 0, -1.76441, 4.64722, -1.14675, -4.83731, 4.54841, -2.00541, -2.46633, -4.31582, -4.04629, 4.69533, 0.55225, 7.26372, 3.33787, 4.04376, 0, 0, 0, 0, 0, 0, 0, 0, 0, 0, 0, 0, 0, 0, 0, 0, 0, 0, 0, 0, 0, 0, 0, 0, 0, 0, 0, 0, 0, 0, 0, 0, 0, 0, 0, 0, 0, 0, 0, 0, 0, 0, 0, 0, 0, 0, 0, 0, 0, 0, 0, 0, 0, 0, 0, 0, 0, 0, 0, 0, 0, 0, 0, 0, 0, 0, 0, 0, 0, 0, 0, 0, 0, 0, 0, 0, 0, 0, 0, 0, 0, 0, 0, 0, 0, 0, 0, 0, 0, 0, 0, 0, 0, 0, 0, 0, 4.19778, 1.2322, 5.03501, -2.95135, 2.19165, -3.9162, 0.97692, -1.27194, 6.50553, 4.92677, 0.83798, 5.49247, 2.84403, -4.91487 ]
						},
						{ "time": 1.6666, "curve": "stepped" },
						{ "time": 1.7333, "curve": "stepped" },
						{ "time": 1.7666 },
						{
							"time": 1.8,
							"vertices": [ 4.62168, -1.56305, 2.81019, 0.82497, 3.95715, 1.19627, 4.38097, -1.31766, 3.67004, -3.38993, 1.46975, -5.1675, 0, 0, 0, 0, 0, 0, 0, 0, 0, 0, 0, 0, 0, 0, 0, 0, 0, 0, 0, 0, 0, 0, 0, 0, 0, 0, 0, 0, 0, 0, 0, 0, 0, 0, 0, 0, 0, 0, 0, 0, 0, 0, 0, 0, 0, 0, 0, 0, 0, 0, 0, 0, 0, 0, 0, 0, 0, 0, 0, 0, 0, 0, 0, 0, 0, 0, 0, 0, 0, 0, 0, 0, 0, 0, 0, 0, 0, 0, 0, 0, 0, 0, 0, 0, 0, 0, 0, 0, 0, 0, 0, 0, 0, 0, 0, 0, 0, 0, 0, 0, 0, 0, 0, 0, 0, 0, 0, 0, 0, 0, 0, 0, 0, 0, 0, 0, 0, 0, 0, 0, 0, 0, 0, 0, 0, 0, 0, 0, 0, 0, 0, 0, 0, 0, 0, 0, 0, 0, 0, 0, 0, 0, 0, 0, 0, 0, 0, 0, 0, 0, 0, 0, 0, 0, 0, 0, 0, 0, 0, 0, 0, 0, 0, 0, 0, 0, 0, 0, 0, 0, 0, 0, 0, 0, 0, 0, 0, 0, 0, 0, 0, 0, 0, 0, 0, 0, 0, 0, 0, 0, 0, 0, 0, 0, 0, 0, -1.76441, 4.64722, -1.14675, -4.83731, 4.54841, -2.00541, -2.46633, -4.31582, -4.72225, 6.99818, 0.72315, 10.232, 3.52979, 4.1001, 0, 0, 0, 0, 0, 0, 0, 0, 0, 0, 0, 0, 0, 0, 0, 0, 0, 0, 0, 0, 0, 0, 0, 0, 0, 0, 0, 0, 0, 0, 0, 0, 0, 0, 0, 0, 0, 0, 0, 0, 0, 0, 0, 0, 0, 0, 0, 0, 0, 0, 0, 0, 0, 0, 0, 0, 0, 0, 0, 0, 0, 0, 0, 0, 0, 0, 0, 0, 0, 0, 0, 0, 0, 0, 0, 0, 0, 0, 0, 0, 0, 0, 0, 0, 0, 0, 0, 0, 0, 0, 0, 0, 0, 0, 0, 0, 4.19778, 1.2322, 5.03501, -2.95135, 2.19165, -3.9162, 2.70409, -0.76497, 6.50553, 4.92677, 1.21131, 7.06111, 4.17877, -5.81954 ]
						},
						{ "time": 1.9, "curve": "stepped" },
						{ "time": 2 },
						{
							"time": 2.0333,
							"vertices": [ 3.7414, -1.40455, 2.81019, 0.82497, 3.95715, 1.19627, 4.38097, -1.31766, 3.67004, -3.38993, 1.46975, -5.1675, 0, 0, 0, 0, 0, 0, 0, 0, 0, 0, 0, 0, 0, 0, 0, 0, 0, 0, 0, 0, 0, 0, 0, 0, 0, 0, 0, 0, 0, 0, 0, 0, 0, 0, 0, 0, 0, 0, 0, 0, 0, 0, 0, 0, 0, 0, 0, 0, 0, 0, 0, 0, 0, 0, 0, 0, 0, 0, 0, 0, 0, 0, 0, 0, 0, 0, 0, 0, 0, 0, 0, 0, 0, 0, 0, 0, 0, 0, 0, 0, 0, 0, 0, 0, 0, 0, 0, 0, 0, 0, 0, 0, 0, 0, 0, 0, 0, 0, 0, 0, 0, 0, 0, 0, 0, 0, 0, 0, 0, 0, 0, 0, 0, 0, 0, 0, 0, 0, 0, 0, 0, 0, 0, 0, 0, 0, 0, 0, 0, 0, 0, 0, 0, 0, 0, 0, 0, 0, 0, 0, 0, 0, 0, 0, 0, 0, 0, 0, 0, 0, 0, 0, 0, 0, 0, 0, 0, 0, 0, 0, 0, 0, 0, 0, 0, 0, 0, 0, 0, 0, 0, 0, 0, 0, 0, 0, 0, 0, 0, 0, 0, 0, 0, 0, 0, 0, 0, 0, 0, 0, 0, 0, 0, 0, 0, 0, -1.76441, 4.64722, -1.14675, -4.83731, 4.54841, -2.00541, -2.46633, -4.31582, -4.04629, 4.69533, 0.55225, 7.26372, 3.33787, 4.04376, 0, 0, 0, 0, 0, 0, 0, 0, 0, 0, 0, 0, 0, 0, 0, 0, 0, 0, 0, 0, 0, 0, 0, 0, 0, 0, 0, 0, 0, 0, 0, 0, 0, 0, 0, 0, 0, 0, 0, 0, 0, 0, 0, 0, 0, 0, 0, 0, 0, 0, 0, 0, 0, 0, 0, 0, 0, 0, 0, 0, 0, 0, 0, 0, 0, 0, 0, 0, 0, 0, 0, 0, 0, 0, 0, 0, 0, 0, 0, 0, 0, 0, 0, 0, 0, 0, 0, 0, 0, 0, 0, 0, 0, 0, 0, 0, 4.19778, 1.2322, 5.03501, -2.95135, 2.19165, -3.9162, 0.97692, -1.27194, 6.50553, 4.92677, 0.83798, 5.49247, 2.84403, -4.91487 ]
						},
						{ "time": 2.1666 }
					]
				},
				"toufa2": {
					"toufa": [
						{ "time": 0, "curve": "stepped" },
						{ "time": 1, "curve": "stepped" },
						{ "time": 2.1666 }
					]
				},
				"yanjing2": {
					"yanjing": [
						{ "time": 0, "curve": "stepped" },
						{ "time": 1, "curve": "stepped" },
						{ "time": 2.1666 }
					]
				}
			}
		},
		"drawOrder": [
			{ "time": 0 },
			{ "time": 1 },
			{ "time": 1.7333 },
			{ "time": 2.1666 }
		]
	}
}
}