{
"skeleton": { "hash": "mbOjRRTLEP6AmjJlzM0fdU3BkZk", "spine": "2.1.27", "width": 79.44, "height": 66.4, "images": "" },
"bones": [
	{ "name": "root" },
	{ "name": "bone24", "parent": "root", "x": 6.43, "y": 65.9 },
	{ "name": "bone25", "parent": "root", "x": -5.62, "y": 70.27, "scaleX": 0.775, "scaleY": 0.775 },
	{ "name": "bone26", "parent": "root", "x": -5.76, "y": 85.71, "scaleX": 0.775, "scaleY": 0.775 },
	{ "name": "bone27", "parent": "root", "x": 1.71, "y": 110.33, "scaleX": 0.775, "scaleY": 0.775 },
	{ "name": "bone28", "parent": "root", "x": 46.5, "y": 76.88, "scaleX": 0.775, "scaleY": 0.775, "color": "00ff08ff" },
	{ "name": "bone29", "parent": "root", "x": -1.73, "y": 66.37, "scaleX": 0.775, "scaleY": 0.775, "color": "ea00ffff" },
	{ "name": "bone33", "parent": "root", "x": 46.5, "y": 76.88, "scaleX": 0.775, "scaleY": 0.775, "color": "00ff08ff" },
	{ "name": "bone34", "parent": "root", "x": 46.5, "y": 76.88, "scaleX": 0.775, "scaleY": 0.775, "color": "00ff08ff" },
	{ "name": "bone35", "parent": "root", "x": 46.5, "y": 76.88, "scaleX": 0.775, "scaleY": 0.775, "color": "00ff08ff" },
	{ "name": "bone36", "parent": "root", "x": 46.5, "y": 76.88, "scaleX": 0.775, "scaleY": 0.775, "color": "00ff08ff" },
	{ "name": "bone37", "parent": "root", "x": 46.5, "y": 76.88, "scaleX": 0.775, "scaleY": 0.775, "color": "00ff08ff" },
	{ "name": "bone38", "parent": "root", "x": 46.5, "y": 76.88, "scaleX": 0.775, "scaleY": 0.775, "color": "00ff08ff" },
	{ "name": "bone39", "parent": "root", "x": 46.5, "y": 76.88, "scaleX": 0.775, "scaleY": 0.775, "color": "00ff08ff" },
	{ "name": "bone40", "parent": "root", "x": 46.5, "y": 76.88, "scaleX": 0.775, "scaleY": 0.775, "color": "00ff08ff" },
	{ "name": "bone41", "parent": "root", "x": -1.73, "y": 66.37, "scaleX": 0.775, "scaleY": 0.775, "color": "ea00ffff" },
	{ "name": "bone42", "parent": "root", "x": -1.73, "y": 66.37, "scaleX": 0.775, "scaleY": 0.775, "color": "ea00ffff" },
	{ "name": "bone43", "parent": "root", "x": -1.73, "y": 66.37, "scaleX": 0.775, "scaleY": 0.775, "color": "ea00ffff" },
	{ "name": "bone44", "parent": "root", "x": -1.73, "y": 66.37, "scaleX": 0.775, "scaleY": 0.775, "color": "ea00ffff" },
	{ "name": "bone45", "parent": "root", "x": -1.73, "y": 66.37, "scaleX": 0.775, "scaleY": 0.775, "color": "ea00ffff" },
	{ "name": "bone46", "parent": "root", "x": 46.5, "y": 76.88, "scaleX": 0.775, "scaleY": 0.775, "color": "00ff08ff" },
	{ "name": "bone47", "parent": "root", "x": -1.73, "y": 66.37, "scaleX": 0.775, "scaleY": 0.775, "color": "ea00ffff" },
	{ "name": "bone48", "parent": "root", "x": -1.73, "y": 66.37, "scaleX": 0.775, "scaleY": 0.775, "color": "ea00ffff" },
	{ "name": "bone49", "parent": "root", "x": -1.73, "y": 66.37, "scaleX": 0.775, "scaleY": 0.775, "color": "ea00ffff" },
	{ "name": "bone50", "parent": "root", "x": -23.24, "y": 8.8, "scaleX": 0.62, "scaleY": 0.62 },
	{ "name": "bone51", "parent": "root", "x": 74.18, "y": 108.25 },
	{ "name": "bone52", "parent": "root", "x": -1.73, "y": 66.37, "scaleX": 0.775, "scaleY": 0.775, "color": "ea00ffff" },
	{ "name": "bone53", "parent": "root", "x": -1.73, "y": 66.37, "scaleX": 0.775, "scaleY": 0.775, "color": "ea00ffff" },
	{ "name": "bone", "parent": "bone50", "x": -18.47, "y": 30.67 },
	{ "name": "bone14", "parent": "bone50", "x": 50.11, "y": 29.89 },
	{ "name": "bone15", "parent": "bone14", "length": 26.16, "x": 0.12, "rotation": 106.24 },
	{ "name": "bone17", "parent": "bone14", "length": 25.05, "x": -4.78, "y": -7.21, "rotation": -52.91 },
	{ "name": "bone18", "parent": "bone14", "length": 19.4, "x": 10.87, "y": -4.51, "rotation": 4.05 },
	{ "name": "bone2", "parent": "bone", "length": 22.43, "x": 0.73, "y": 1.56, "rotation": 77.47 },
	{ "name": "bone4", "parent": "bone", "length": 23.11, "x": 2.98, "y": -9.53, "rotation": -125.04 },
	{ "name": "bone5", "parent": "bone", "length": 20.62, "x": -11.48, "y": -4.73, "rotation": -178.38 },
	{ "name": "bone12", "parent": "bone2", "length": 18.28, "x": 20.19, "y": -10.95, "rotation": -32.84 },
	{ "name": "bone16", "parent": "bone15", "length": 42.98, "x": 26.16, "y": 0.09, "rotation": -26.74 },
	{ "name": "bone23", "parent": "bone15", "length": 17.5, "x": 23.34, "y": 9.87, "rotation": 29.89 },
	{ "name": "bone3", "parent": "bone2", "length": 50.91, "x": 22.43, "y": 0.01, "rotation": 21.48 },
	{ "name": "bone13", "parent": "bone3", "x": 20.71, "y": -2.73 },
	{ "name": "bone19", "parent": "bone16", "length": 25.32, "x": 37.09, "y": -16.13, "rotation": 178.19 },
	{ "name": "bone22", "parent": "bone16", "x": 19.79, "y": 1.6 },
	{ "name": "bone30", "parent": "bone16", "length": 14.97, "x": 18.3, "y": 15.37, "rotation": 177.29 },
	{ "name": "bone6", "parent": "bone3", "length": 23.13, "x": 34.89, "y": 15.96, "rotation": -177.74 },
	{ "name": "bone9", "parent": "bone3", "length": 18.41, "x": 24.99, "y": -17.65, "rotation": 175.49 },
	{ "name": "bone10", "parent": "bone9", "length": 15.48, "x": 18.5, "y": -0.42, "rotation": 8.06 },
	{ "name": "bone20", "parent": "bone19", "length": 17.83, "x": 25.32, "y": -0.14, "rotation": 2.7 },
	{ "name": "bone31", "parent": "bone30", "length": 12.95, "x": 14.97, "rotation": 3.17 },
	{ "name": "bone7", "parent": "bone6", "length": 16.1, "x": 22.87, "y": -0.11, "rotation": -0.9 },
	{ "name": "bone11", "parent": "bone10", "length": 9.08, "x": 15.48, "rotation": 9.82 },
	{ "name": "bone21", "parent": "bone20", "length": 11.09, "x": 17.83, "y": 0.13, "rotation": 12.43 },
	{ "name": "bone32", "parent": "bone31", "length": 8.11, "x": 12.96, "y": -0.02, "rotation": 0.45 },
	{ "name": "bone8", "parent": "bone7", "length": 14.33, "x": 16.1, "y": -0.03, "rotation": -3.6 }
],
"slots": [
	{ "name": "bone20", "bone": "bone16", "attachment": "toufahou3" },
	{ "name": "toufahou6", "bone": "bone30", "attachment": "toufahou4" },
	{ "name": "tui3", "bone": "bone17", "attachment": "tui2" },
	{ "name": "yifu4", "bone": "bone15", "attachment": "yifu2" },
	{ "name": "lian3", "bone": "bone16", "attachment": "lian2" },
	{ "name": "toufa4", "bone": "bone19", "attachment": "toufa2" },
	{ "name": "bone18", "bone": "bone16", "attachment": "saihong6" },
	{ "name": "bone17", "bone": "bone16", "attachment": "saihong5" },
	{ "name": "bone19", "bone": "bone16", "attachment": "saihong4" },
	{ "name": "youyanbi2", "bone": "bone16", "attachment": "youyanbi2" },
	{ "name": "bone13", "bone": "bone13" },
	{ "name": "zuoyanzheng5", "bone": "bone22", "attachment": "zuoyanzheng2" },
	{ "name": "zuoyanbi2", "bone": "bone16" },
	{ "name": "zui2", "bone": "bone16", "attachment": "zui2" },
	{ "name": "bone16", "bone": "bone16", "attachment": "meimao2" },
	{ "name": "shou4", "bone": "bone23", "attachment": "shou2" },
	{ "name": "toufahou2", "bone": "bone3", "attachment": "toufahou2" },
	{ "name": "toufahou5", "bone": "bone9", "attachment": "toufahou" },
	{ "name": "tui", "bone": "bone4", "attachment": "tui" },
	{ "name": "yifu3", "bone": "bone2", "attachment": "yifu" },
	{ "name": "bone9", "bone": "bone3", "attachment": "lian" },
	{ "name": "toufa3", "bone": "bone6", "attachment": "toufa" },
	{ "name": "bone5", "bone": "bone3", "attachment": "saihong3" },
	{ "name": "bone6", "bone": "bone3", "attachment": "saihong2" },
	{ "name": "bone7", "bone": "bone3", "attachment": "siahong1" },
	{ "name": "bone4", "bone": "bone3", "attachment": "youyanbi" },
	{ "name": "zuoyanzheng4", "bone": "bone13", "attachment": "zuoyanzheng" },
	{ "name": "zuoyanzheng3", "bone": "bone3" },
	{ "name": "bone8", "bone": "bone3", "attachment": "zui" },
	{ "name": "bone3", "bone": "bone3", "attachment": "meimao" },
	{ "name": "shou3", "bone": "bone12", "attachment": "shou1" },
	{ "name": "zuichun9", "bone": "bone24" },
	{ "name": "zuichun8", "bone": "bone25" },
	{ "name": "zuichun7", "bone": "bone26" },
	{ "name": "zuichun6", "bone": "bone27" },
	{ "name": "zuichun10", "bone": "bone51" },
	{ "name": "zuichun5", "bone": "root" },
	{ "name": "xin4", "bone": "bone29" },
	{ "name": "xin13", "bone": "bone41" },
	{ "name": "xin14", "bone": "bone42" },
	{ "name": "xin15", "bone": "bone43" },
	{ "name": "xin16", "bone": "bone44" },
	{ "name": "xin17", "bone": "bone45" },
	{ "name": "xin19", "bone": "bone47" },
	{ "name": "xin20", "bone": "bone48" },
	{ "name": "xin21", "bone": "bone49" },
	{ "name": "xin22", "bone": "bone52" },
	{ "name": "xin23", "bone": "bone53" },
	{ "name": "xin3", "bone": "bone28" },
	{ "name": "xin5", "bone": "bone33" },
	{ "name": "xin6", "bone": "bone34" },
	{ "name": "xin7", "bone": "bone35" },
	{ "name": "xin8", "bone": "bone36" },
	{ "name": "xin9", "bone": "bone37" },
	{ "name": "xin10", "bone": "bone38" },
	{ "name": "xin11", "bone": "bone39" },
	{ "name": "xin12", "bone": "bone40" },
	{ "name": "xin18", "bone": "bone46" }
],
"skins": {
	"default": {
		"bone16": {
			"meimao2": { "x": 29.94, "y": 9, "rotation": -79.49, "width": 25, "height": 5 }
		},
		"bone17": {
			"saihong5": { "x": 11.59, "y": 1.02, "rotation": -79.49, "width": 26, "height": 16 }
		},
		"bone18": {
			"saihong6": { "x": 14.76, "y": 16.87, "rotation": -79.49, "width": 14, "height": 12 }
		},
		"bone19": {
			"saihong4": { "x": 13.57, "y": 9.53, "rotation": -79.49, "width": 24, "height": 9 }
		},
		"bone20": {
			"toufahou3": { "x": 20.18, "y": -1.44, "rotation": -79.49, "width": 48, "height": 54 }
		},
		"bone3": {
			"meimao": { "x": 30.78, "y": -9.73, "rotation": -98.96, "width": 24, "height": 5 }
		},
		"bone4": {
			"youyanbi": { "x": 22.73, "y": -19.09, "rotation": -98.96, "width": 9, "height": 10 }
		},
		"bone5": {
			"saihong3": { "x": 15.24, "y": -18.42, "rotation": -98.96, "width": 14, "height": 11 }
		},
		"bone6": {
			"saihong2": { "x": 12.14, "y": -2.74, "rotation": -98.96, "width": 26, "height": 16 }
		},
		"bone7": {
			"siahong1": { "x": 14.43, "y": -10.7, "rotation": -98.96, "width": 23, "height": 9 }
		},
		"bone8": {
			"zui": { "x": 7.08, "y": -15.61, "rotation": -98.96, "width": 7, "height": 8 }
		},
		"bone9": {
			"lian": { "x": 22.93, "y": -4.95, "rotation": -98.96, "width": 45, "height": 50 }
		},
		"lian3": {
			"lian2": { "x": 22.31, "y": 3.52, "rotation": -79.49, "width": 45, "height": 50 }
		},
		"shou3": {
			"shou1": { "x": 7.13, "y": 0.68, "rotation": -44.62, "width": 20, "height": 21 }
		},
		"shou4": {
			"shou2": { "x": 7.28, "y": -0.65, "rotation": -136.13, "width": 19, "height": 21 }
		},
		"toufa3": {
			"toufa": {
				"type": "skinnedmesh",
				"uvs": [ 0.94837, 0.15032, 1, 0.47393, 1, 0.56352, 0.91376, 0.43637, 0.88447, 0.32884, 0.85616, 0.2255, 0.78378, 0.13776, 0.52038, 0.16576, 0.47456, 0.26284, 0.48685, 0.40093, 0.53234, 0.53839, 0.5841, 0.63732, 0.70014, 0.74638, 0.72898, 0.86971, 0.67939, 1, 0.48947, 1, 0.14553, 0.93108, 0, 0.8215, 0, 0.68174, 0.09084, 0.60671, 0.02156, 0.45623, 0, 0.30364, 0.03862, 0.14791, 0.24151, 0, 0.43679, 0, 0.8273, 0, 0.42781, 0.90139, 0.36671, 0.78215, 0.32741, 0.65684, 0.29236, 0.57553, 0.24722, 0.42941, 0.22127, 0.28461, 0.26947, 0.15647 ],
				"triangles": [ 8, 32, 7, 31, 22, 32, 25, 7, 24, 6, 25, 0, 32, 23, 24, 22, 23, 32, 6, 7, 25, 32, 24, 7, 5, 6, 0, 4, 5, 0, 1, 3, 4, 1, 4, 0, 3, 1, 2, 31, 32, 8, 21, 22, 31, 26, 27, 12, 26, 12, 13, 16, 17, 27, 16, 27, 26, 15, 26, 13, 16, 26, 15, 14, 15, 13, 28, 29, 10, 28, 10, 11, 28, 18, 19, 28, 19, 29, 27, 28, 11, 27, 11, 12, 17, 18, 28, 17, 28, 27, 30, 31, 8, 30, 8, 9, 20, 21, 31, 20, 31, 30, 29, 30, 9, 29, 9, 10, 19, 20, 30, 19, 30, 29 ],
				"vertices": [ 1, 39, 37.41, -26.92, 1, 1, 39, 12.97, -26.15, 1, 1, 39, 6.33, -25.11, 1, 1, 39, 16.54, -21.57, 1, 1, 39, 24.78, -21.12, 1, 1, 39, 32.68999, -20.67, 1, 1, 39, 39.84999, -17.48, 1, 1, 39, 40.2, -1.8, 1, 4, 44, 2.01, 13.89, 0.52474, 49, -21.07, 13.68, 0.00524, 53, -37.96, 11.35, 0, 39, 33.43, 1.99, 0.47, 4, 44, 12.31, 12.59, 0.64765, 49, -10.75, 12.54, 0.09791, 53, -27.59, 10.86, 0.00443, 39, 23.09, 2.89, 0.25, 3, 44, 22.95, 13.21, 0.51542, 49, -0.13, 13.33, 0.42308, 53, -17.04, 12.32, 0.06148, 3, 44, 30.82, 14.77, 0.15052, 49, 7.71, 15.01, 0.62841, 53, -9.31, 14.49, 0.22105, 3, 44, 40.16999, 19.89, 0.02708, 49, 16.98, 20.28, 0.41797, 53, -0.39, 20.33, 0.55494, 3, 44, 49.58, 19.76, 2.0E-4, 49, 26.39, 20.29999, 0.13248, 53, 8.99, 20.94, 0.86731, 2, 49, 35.48, 15.67, 0.05633, 53, 18.35, 16.89, 0.94366, 2, 49, 33.47, 4.64, 0.06984, 53, 17.04, 5.76, 0.93015, 3, 44, 47.39, -14.89, 0.00441, 49, 24.75, -14.38, 0.2095, 53, 9.53, -13.78, 0.78608, 3, 44, 37.66, -21.72, 0.034, 49, 15.13, -21.36, 0.50757, 53, 0.37, -21.34, 0.45841, 3, 44, 27.38, -19.68, 0.13765, 49, 4.82, -19.48, 0.70327, 53, -10.03, -20.12, 0.15906, 3, 44, 22.9, -13.32, 0.498, 49, 0.24, -13.2, 0.44181, 53, -14.99, -14.14, 0.06018, 4, 44, 11.04, -15.14, 0.63256, 49, -11.59, -15.2, 0.1078, 53, -26.68, -16.87999, 0.00963, 39, 23.26, 30.65, 0.25, 4, 44, -0.42, -14.16, 0.52457, 49, -23.07, -14.4, 0.00542, 53, -38.18999, -16.79999, 0, 39, 34.75999, 30.13, 0.47, 1, 39, 45.94, 26.06, 1, 1, 39, 55.04, 12.51, 1, 1, 39, 53.25, 1.13, 1, 1, 39, 49.66, -21.62, 1, 2, 49, 25.54, 2.39, 0.17841, 53, 9.27, 3.01, 0.82158, 3, 44, 38.98, 0.07, 0.00369, 49, 16.1, 0.44, 0.48954, 53, -0.02, 0.48, 0.50676, 3, 44, 29.31, -0.36, 0.14517, 49, 6.44, -0.14, 0.67248, 53, -9.63, -0.72, 0.18233, 3, 44, 22.92, -1.21, 0.48167, 49, 0.07, -1.09, 0.50331, 53, -15.93, -2.06, 0.015, 3, 44, 11.66, -1.69, 0.66291, 49, -11.18, -1.74, 0.08708, 39, 23.18, 17.19, 0.25, 3, 44, 0.71, -1.08, 0.52999, 53, -38.08, -3.67, 0, 39, 34.14, 17.01, 0.47, 1, 39, 43.19, 12.7, 1 ],
				"hull": 26,
				"edges": [ 38, 40, 18, 16, 18, 20, 40, 42, 24, 22, 22, 20, 34, 36, 36, 38, 24, 26, 26, 28, 34, 32, 28, 30, 32, 30, 26, 52, 52, 32, 30, 52, 34, 54, 54, 24, 52, 54, 36, 56, 56, 22, 54, 56, 20, 58, 58, 38, 56, 58, 40, 60, 60, 18, 58, 60, 42, 62, 62, 16, 60, 62, 16, 14, 14, 12, 12, 10, 44, 42, 44, 46, 10, 8, 8, 6, 6, 4, 14, 64, 64, 44, 62, 64, 46, 48, 64, 48, 48, 50, 50, 0, 4, 2, 0, 2 ],
				"width": 59,
				"height": 75
			}
		},
		"toufa4": {
			"toufa2": {
				"type": "skinnedmesh",
				"uvs": [ 0.94571, 0.13456, 1, 0.28205, 1, 0.44894, 0.8994, 0.60446, 1, 0.68516, 1, 0.79868, 0.86501, 0.93764, 0.66671, 0.91771, 0.51357, 1, 0.38247, 1, 0.28442, 0.93157, 0.25375, 0.81276, 0.36114, 0.66844, 0.4642, 0.54182, 0.50951, 0.37766, 0.50365, 0.22771, 0.43185, 0.1544, 0.20315, 0.14085, 0.1311, 0.2234, 0.11074, 0.39345, 0, 0.5598, 0, 0.43535, 0.03085, 0.23573, 0.07158, 0.06445, 0.18749, 0, 0.56387, 0, 0.74343, 0, 0.63524, 0.80556, 0.6366, 0.67565, 0.66362, 0.57052, 0.72802, 0.40942, 0.75245, 0.25495, 0.66556, 0.13747 ],
				"triangles": [ 32, 25, 26, 32, 26, 0, 16, 17, 24, 23, 24, 17, 25, 16, 24, 16, 25, 32, 18, 23, 17, 22, 23, 18, 19, 22, 18, 21, 22, 19, 20, 21, 19, 15, 16, 32, 31, 32, 0, 15, 32, 31, 31, 0, 1, 6, 7, 27, 10, 11, 27, 10, 27, 7, 8, 9, 10, 7, 8, 10, 28, 13, 29, 12, 13, 28, 28, 29, 3, 4, 28, 3, 28, 4, 5, 27, 12, 28, 27, 28, 5, 11, 12, 27, 5, 6, 27, 14, 15, 31, 30, 14, 31, 30, 31, 1, 2, 30, 1, 29, 14, 30, 13, 14, 29, 3, 30, 2, 29, 30, 3 ],
				"vertices": [ 1, 37, 46.97, -25.77, 1, 2, 41, -0.05, 14.81, 0.49, 37, 36.66999, -30.93, 0.51, 3, 41, 12.17, 17.48, 0.72772, 47, -12.28, 18.21999, 0.02227, 37, 24.37, -33.21, 0.25, 3, 41, 24.84, 14.17, 0.46861, 47, 0.2, 14.31, 0.49341, 51, -14.17, 17.64, 0.03797, 3, 41, 29.48, 21.25, 0.13903, 47, 5.17, 21.17, 0.70471, 51, -7.83, 23.27, 0.15623, 3, 41, 37.8, 23.07, 0.04066, 47, 13.57, 22.59, 0.66598, 51, 0.66, 22.85, 0.29335, 2, 47, 25.17, 16.48, 0.39076, 51, 10.68, 14.38, 0.60923, 1, 51, 8.60999, 2.77, 1, 2, 47, 33.24, -3.18, 0.02087, 51, 14.33, -6.55, 0.97912, 2, 47, 34.53, -10.81, 0.08033, 51, 13.95, -14.27, 0.91966, 2, 47, 30.43, -17.37, 0.17605, 51, 8.54, -19.79999, 0.82394, 2, 47, 21.95, -20.64, 0.34396, 51, -0.44, -21.17, 0.65603, 3, 41, 36.3, -15.83, 0.02798, 47, 10.22, -16.19, 0.71159, 51, -10.94, -14.31, 0.26041, 3, 41, 25.72, -11.91, 0.41388, 47, -0.15, -11.78, 0.57481, 51, -20.12999, -7.77, 0.01129, 4, 41, 13.12, -11.93, 0.73545, 47, -12.73, -11.19, 0.01453, 51, -32.29, -4.48999, 0, 37, 24.35, -3.78, 0.25, 3, 41, 2.21, -14.66, 0.48999, 51, -43.54, -4.28, 0, 37, 35.34999, -1.4, 0.51, 1, 37, 39.98, 3.76, 1, 1, 37, 38.53, 17.20999, 1, 1, 37, 31.66, 20.27, 1, 1, 37, 18.9, 19.12999, 1, 1, 37, 5.45, 23.28, 1, 1, 37, 14.62, 24.98, 1, 1, 37, 29.68, 25.91, 1, 1, 37, 42.75, 25.89, 1, 1, 37, 48.74, 20.04999, 1, 1, 37, 52.79, -1.78, 1, 1, 37, 54.72, -12.2, 1, 2, 47, 17.66, 1.46, 0.52634, 51, 0.12, 1.33, 0.47365, 1, 47, 8.04, -0.08, 1, 2, 41, 25.32, 0.03, 0.5, 47, 0, 0.17, 0.5, 2, 41, 12.7, 1.16999, 0.75, 37, 24.36, -16.89, 0.25, 2, 41, 1.07, 0.1, 0.49, 37, 36.00999, -16.2, 0.51, 1, 37, 43.74, -9.56, 1 ],
				"hull": 27,
				"edges": [ 2, 0, 0, 52, 30, 32, 32, 34, 34, 36, 36, 38, 38, 40, 40, 42, 42, 44, 44, 46, 46, 48, 26, 28, 2, 4, 4, 6, 28, 30, 6, 8, 8, 10, 22, 24, 24, 26, 22, 20, 20, 18, 16, 18, 16, 14, 14, 12, 12, 10, 20, 14, 10, 54, 54, 22, 14, 54, 8, 56, 56, 24, 54, 56, 6, 58, 58, 26, 56, 58, 4, 60, 60, 28, 58, 60, 2, 62, 62, 30, 60, 62, 48, 50, 50, 52, 50, 64, 64, 62, 0, 64, 64, 32 ],
				"width": 59,
				"height": 75
			}
		},
		"toufahou2": {
			"toufahou2": { "x": 20.67, "y": -0.04, "rotation": -98.96, "width": 48, "height": 54 }
		},
		"toufahou5": {
			"toufahou": {
				"type": "skinnedmesh",
				"uvs": [ 0.66515, 0.25229, 0.70848, 0.42229, 0.87817, 0.55826, 1, 0.72051, 0.96397, 0.82383, 0.93044, 0.92002, 0.68294, 1, 0.35545, 1, 0.27387, 0.95345, 0.13821, 0.87605, 0.11608, 0.6843, 0, 0.52229, 0, 0.3032, 0.14682, 0.1032, 0.38348, 0, 0.64682, 0, 0.59064, 0.89395, 0.53205, 0.80497, 0.4498, 0.62911, 0.38615, 0.46779, 0.32317, 0.27847 ],
				"triangles": [ 4, 17, 3, 16, 17, 4, 5, 16, 4, 8, 9, 17, 8, 17, 16, 7, 8, 16, 6, 16, 5, 7, 16, 6, 18, 19, 1, 18, 1, 2, 10, 11, 19, 10, 19, 18, 17, 18, 2, 17, 2, 3, 9, 10, 18, 9, 18, 17, 20, 13, 14, 0, 20, 14, 0, 14, 15, 12, 13, 20, 19, 20, 0, 19, 0, 1, 11, 12, 20, 11, 20, 19 ],
				"vertices": [ 3, 45, 9.64, 6.51, 0.87917, 46, -7.79, 8.10999, 0.12082, 50, -21.55, 11.97, 0, 3, 45, 17.18, 6.96, 0.513, 46, -0.26, 7.5, 0.47678, 50, -14.24, 10.08, 0.01021, 3, 45, 23.46, 10.56, 0.13884, 46, 6.45, 10.18, 0.76491, 50, -7.16, 11.57, 0.09623, 3, 45, 30.8, 12.92, 0.00882, 46, 14.06, 11.49, 0.61051, 50, 0.55, 11.56, 0.38065, 2, 46, 18.31, 9.66, 0.28635, 50, 4.42, 9.03, 0.71364, 2, 46, 22.26, 7.95, 0.16316, 50, 8.03, 6.68, 0.83682, 2, 46, 24.41, 1.39, 0.05091, 50, 9.03, -0.14, 0.94908, 2, 46, 22.7, -6.27, 0.09542, 50, 6.04, -7.41, 0.90457, 2, 46, 20.28, -7.74, 0.19864, 50, 3.4, -8.43999, 0.80135, 3, 45, 36.02, -8.22, 0.00676, 46, 16.25, -10.18, 0.53539, 50, -0.98, -10.16, 0.45784, 3, 45, 27.57, -8.1, 0.10104, 46, 7.9, -8.87, 0.76366, 50, -8.97999, -7.44, 0.13528, 3, 45, 20.25, -10.32, 0.46256, 46, 0.33, -10.04, 0.52506, 50, -16.64, -7.31, 0.01236, 3, 45, 10.63, -9.57, 0.8308, 46, -9.07, -7.95, 0.16919, 50, -25.55, -3.64, 0, 3, 45, 2.13, -5.38, 0.98202, 46, -16.89, -2.59999, 0.01797, 50, -32.34999, 2.96, 0, 2, 45, -1.94, 0.63, 0.99999, 50, -34.39, 9.93999, 0, 3, 45, -1.45, 6.93, 0.99887, 46, -18.71999, 10.09, 0.00112, 50, -31.98, 15.78, 0, 2, 46, 19.37, 0.24, 0.21442, 50, 3.87, -0.42, 0.78557, 2, 46, 15.25, -0.27, 0.53283, 50, -0.28, -0.23, 0.46716, 3, 45, 25.77, 0.07, 0.11247, 46, 7.26, -0.52, 0.76946, 50, -8.18, 0.88, 0.11805, 2, 45, 18.57, -0.89, 0.47943, 46, 0, -0.47, 0.52056, 3, 45, 10.14999, -1.75, 0.88854, 46, -8.45, -0.14, 0.11145, 50, -23.61, 3.94, 0 ],
				"hull": 16,
				"edges": [ 2, 0, 0, 30, 22, 24, 24, 26, 28, 30, 26, 28, 18, 20, 20, 22, 4, 6, 4, 2, 12, 14, 10, 12, 6, 8, 8, 10, 14, 16, 16, 18, 8, 32, 32, 16, 12, 32, 6, 34, 34, 18, 32, 34, 4, 36, 36, 20, 34, 36, 2, 38, 38, 22, 36, 38, 0, 40, 40, 24, 38, 40, 40, 28 ],
				"width": 24,
				"height": 44
			}
		},
		"toufahou6": {
			"toufahou4": {
				"type": "skinnedmesh",
				"uvs": [ 0.92101, 0.19565, 1, 0.38232, 1, 0.46015, 0.95283, 0.56868, 0.86126, 0.69113, 0.87094, 0.84694, 0.75885, 0.93265, 0.58552, 1, 0.24552, 1, 0, 0.85447, 0, 0.74526, 0, 0.67792, 0.08176, 0.58945, 0.22576, 0.47322, 0.29867, 0.29936, 0.31114, 0.14329, 0.31531, 0, 0.65851, 0, 0.34969, 0.89049, 0.39816, 0.79175, 0.46016, 0.63881, 0.53668, 0.51404, 0.61084, 0.33629, 0.63584, 0.15992 ],
				"triangles": [ 18, 9, 10, 19, 18, 10, 6, 19, 5, 18, 19, 6, 8, 9, 18, 7, 18, 6, 8, 18, 7, 20, 13, 21, 12, 13, 20, 4, 21, 3, 20, 21, 4, 10, 11, 12, 19, 12, 20, 10, 12, 19, 20, 4, 5, 19, 20, 5, 23, 16, 17, 15, 16, 23, 23, 17, 0, 22, 15, 23, 14, 15, 22, 22, 23, 0, 1, 22, 0, 22, 1, 2, 21, 14, 22, 13, 14, 21, 3, 22, 2, 21, 22, 3 ],
				"vertices": [ 2, 43, -0.79, 6.99, 0.97507, 48, -15.35, 7.86, 0.02492, 2, 43, 6.76, 10.71, 0.9183, 48, -7.6, 11.16, 0.08169, 3, 43, 10.09, 11.5, 0.7228, 48, -4.21999, 11.75, 0.27689, 52, -17.1, 11.92, 3.0E-4, 3, 43, 15, 11.49, 0.47294, 48, 0.67, 11.47, 0.50649, 52, -12.2, 11.6, 0.02056, 3, 43, 20.75, 10.58, 0.15446, 48, 6.35, 10.25, 0.71335, 52, -6.52, 10.33, 0.13218, 3, 43, 27.37, 12.37, 0.03136, 48, 13.06, 11.67, 0.53674, 52, 0.19, 11.7, 0.43188, 3, 43, 31.65, 10.61, 4.5E-4, 48, 17.25, 9.68, 0.22784, 52, 4.36, 9.67, 0.7717, 3, 43, 35.49, 7.24, 0, 48, 20.89, 6.1, 0.11988, 52, 7.97, 6.06, 0.88011, 3, 43, 37.36, -0.69, 0, 48, 22.31, -1.93, 0.09067, 52, 9.33, -1.98, 0.90932, 3, 43, 32.47, -7.89, 0, 48, 17.03, -8.85, 0.22874, 52, 3.99, -8.85, 0.77125, 3, 43, 27.79, -8.99, 3.0E-5, 48, 12.3, -9.68, 0.54654, 52, -0.73, -9.64999, 0.45342, 3, 43, 24.91, -9.67, 0.00978, 48, 9.38, -10.2, 0.75857, 52, -3.66, -10.14, 0.23163, 3, 43, 20.67, -8.64999, 0.12238, 48, 5.21, -8.95, 0.80071, 52, -7.82, -8.85, 0.07689, 3, 43, 14.9, -6.45, 0.49668, 48, -0.42, -6.43, 0.48359, 52, -13.44, -6.3, 0.01971, 3, 43, 7.05, -6.5, 0.86367, 48, -8.26, -6.04, 0.13608, 52, -21.27, -5.84, 2.4E-4, 2, 43, 0.3, -7.78, 0.99932, 48, -15.07, -6.94, 6.7E-4, 1, 43, -5.85, -9.12, 1, 1, 43, -7.74, -1.1, 1, 3, 43, 32.09, 0.63, 0, 48, 17.12999, -0.31, 0.22071, 52, 4.16, -0.31, 0.77928, 3, 43, 27.6, 0.77, 3.6E-4, 48, 12.65, 0.07, 0.53267, 52, -0.31, 0.1, 0.46695, 3, 43, 20.70999, 0.68, 0.13057, 48, 5.76, 0.37, 0.73757, 52, -7.19, 0.45, 0.13184, 3, 43, 14.94, 1.21, 0.48995, 48, 0.04, 1.22, 0.50966, 52, -12.91, 1.35, 3.7E-4, 2, 43, 6.92, 1.16, 0.87896, 48, -7.96, 1.61, 0.12103, 2, 43, -0.76, -0.02, 0.99943, 48, -15.71, 0.85, 5.6E-4 ],
				"hull": 18,
				"edges": [ 26, 28, 28, 30, 30, 32, 2, 0, 32, 34, 0, 34, 2, 4, 6, 4, 10, 8, 8, 6, 26, 24, 20, 22, 24, 22, 10, 12, 12, 14, 18, 20, 14, 16, 18, 16, 12, 36, 36, 18, 16, 36, 10, 38, 38, 20, 36, 38, 8, 40, 40, 24, 38, 40, 6, 42, 42, 26, 40, 42, 2, 44, 44, 28, 42, 44, 34, 46, 46, 44, 0, 46, 46, 30 ],
				"width": 24,
				"height": 44
			}
		},
		"tui": {
			"tui": {
				"type": "skinnedmesh",
				"uvs": [ 1, 0.17182, 1, 0.31288, 0.90438, 0.5202, 0.80366, 0.65985, 0.69787, 0.76871, 0.59876, 0.87603, 0.5126, 1, 0.42795, 1, 0.35171, 0.87867, 0.36943, 0.74816, 0.42304, 0.61859, 0.47441, 0.5176, 0.5407, 0.41373, 0.43534, 0.5039, 0.32276, 0.58595, 0.20463, 0.55853, 0, 0.42367, 0, 0.23131, 0.11696, 0.10083, 0.23599, 0.19772, 0.30022, 0.09038, 0.40629, 0, 0.59406, 0, 0.79572, 0, 0.79153, 0.24602, 0.53371, 0.13728, 0.48111, 0.81043, 0.54654, 0.68605, 0.62396, 0.58221, 0.71837, 0.46574, 0.41571, 0.24567, 0.32033, 0.32726, 0.22143, 0.34711 ],
				"triangles": [ 29, 24, 2, 29, 12, 24, 30, 20, 25, 30, 25, 12, 24, 22, 23, 24, 23, 0, 24, 0, 1, 12, 25, 24, 25, 21, 22, 25, 22, 24, 25, 20, 21, 2, 24, 1, 31, 19, 30, 18, 32, 17, 32, 19, 31, 19, 32, 18, 31, 30, 12, 16, 17, 32, 13, 31, 12, 15, 16, 32, 14, 31, 13, 32, 31, 14, 15, 32, 14, 19, 20, 30, 4, 5, 27, 11, 12, 28, 27, 11, 28, 10, 11, 27, 27, 28, 4, 5, 6, 26, 28, 12, 29, 9, 10, 27, 3, 29, 2, 28, 29, 3, 4, 28, 3, 26, 9, 27, 5, 26, 27, 8, 9, 26, 7, 8, 26, 6, 7, 26 ],
				"vertices": [ 1, 28, 14.4, 0.37, 1, 1, 28, 14.4, -4.98, 1, 2, 34, -1.47, 7.9, 0.49, 28, 10.29, -12.86, 0.51, 1, 34, 5.35, 7.4, 1, 1, 34, 11.35, 6.05, 1, 1, 34, 17.14, 4.9, 1, 1, 34, 23.12, 4.57, 1, 1, 34, 25.21, 1.59, 1, 1, 34, 23.32, -3.73, 1, 1, 34, 18.82, -5.96, 1, 1, 34, 13.47, -6.89, 1, 1, 34, 9.06, -7.29, 1, 3, 34, 4.19, -7.22, 0.38489, 35, -6.02, 4.26, 0.3351, 28, -5.34, -8.82, 0.28, 3, 34, 9.59, -8.96, 0.03667, 35, -1.39, 7.55, 0.79332, 28, -9.87, -12.25, 0.17, 3, 34, 14.93, -11.14, 0.00122, 35, 3.52, 10.53, 0.92877, 28, -14.71, -15.37, 0.07, 1, 35, 8.57, 9.35, 1, 1, 35, 17.21999, 3.98, 1, 1, 35, 17.02, -3.32, 1, 2, 35, 11.85, -8.13, 0.93, 28, -23.56, 3.05, 0.07, 2, 35, 6.84, -4.31, 0.83, 28, -18.44, -0.62, 0.17, 2, 35, 3.96, -8.31, 0.5, 28, -15.68, 3.45, 0.5, 1, 28, -11.12, 6.89, 1, 1, 28, -3.05, 6.89, 1, 1, 28, 5.61, 6.9, 1, 1, 28, 5.44, -2.44, 1, 1, 28, -5.64, 1.68, 1, 1, 34, 18, -0.67, 1, 1, 34, 12.52, -1.07, 1, 1, 34, 7.37, -0.61, 1, 2, 34, 1.42, 0.16, 0.49, 28, 2.29, -10.79, 0.51, 3, 34, 2.04, -15.29, 5.0E-4, 35, -0.83, -2.27, 0.49949, 28, -10.71, -2.44, 0.5, 2, 35, 3.35, 0.7, 0.83, 28, -14.81, -5.54, 0.17, 2, 35, 7.62, 1.34, 0.93, 28, -19.07, -6.29, 0.07 ],
				"hull": 24,
				"edges": [ 4, 2, 2, 0, 0, 46, 34, 36, 36, 38, 38, 40, 40, 42, 4, 6, 22, 24, 24, 26, 26, 28, 28, 30, 32, 34, 30, 32, 6, 8, 20, 22, 8, 10, 18, 20, 18, 16, 16, 14, 12, 14, 10, 12, 2, 48, 48, 50, 50, 42, 10, 52, 52, 18, 14, 52, 8, 54, 54, 20, 52, 54, 6, 56, 56, 22, 54, 56, 4, 58, 58, 24, 56, 58, 58, 48, 48, 46, 42, 44, 44, 46, 50, 44, 24, 60, 60, 40, 50, 60, 26, 62, 62, 38, 60, 62, 28, 64, 64, 36, 62, 64, 64, 34 ],
				"width": 43,
				"height": 38
			}
		},
		"tui3": {
			"tui2": {
				"type": "skinnedmesh",
				"uvs": [ 0.69377, 0.09485, 0.74003, 0.14054, 0.82111, 0.13261, 0.90796, 0.12412, 1, 0.23257, 1, 0.40197, 0.82409, 0.53468, 0.67654, 0.59213, 0.4853, 0.44186, 0.5362, 0.55185, 0.6186, 0.72289, 0.63159, 1, 0.5705, 1, 0.49389, 1, 0.37574, 0.8713, 0.16681, 0.64655, 0.03659, 0.42228, 0, 0.30176, 0, 0.16279, 0.15776, 0, 0.5977, 0, 0.2637, 0.43219, 0.33834, 0.60258, 0.49119, 0.80075, 0.75313, 0.3487, 0.59813, 0.30839, 0.2926, 0.17139, 0.51592, 0.15121 ],
				"triangles": [ 25, 27, 0, 8, 27, 25, 21, 26, 8, 21, 16, 17, 26, 21, 17, 20, 26, 19, 27, 26, 20, 8, 26, 27, 17, 18, 26, 18, 19, 26, 27, 20, 0, 25, 0, 1, 25, 1, 24, 25, 7, 8, 6, 7, 24, 24, 7, 25, 6, 24, 5, 5, 24, 4, 4, 24, 2, 2, 3, 4, 24, 1, 2, 11, 23, 10, 23, 11, 12, 14, 23, 13, 12, 13, 23, 15, 22, 14, 14, 22, 23, 23, 22, 9, 15, 21, 22, 22, 8, 9, 22, 21, 8, 15, 16, 21, 23, 9, 10 ],
				"vertices": [ 1, 29, 15.64, 4.06, 1, 2, 32, 7.23, 6.35, 0.52999, 29, 17.62999, 2.33, 0.47, 1, 32, 10.72, 6.41, 1, 1, 32, 14.47, 6.46, 1, 1, 32, 18.12999, 2.07, 1, 1, 32, 17.67, -4.34, 1, 1, 32, 9.77, -8.83, 1, 1, 32, 3.29, -10.56, 1, 3, 31, 8.43, 8, 0.29069, 32, -4.5, -4.29, 0.2793, 29, 6.68, -9.10999, 0.43, 1, 31, 13.08, 7.23, 1, 1, 31, 20.41, 6.14, 1, 1, 31, 29.14, 0.24, 1, 1, 31, 27.56, -1.85, 1, 1, 31, 25.57, -4.48, 1, 1, 31, 18.61, -5.58, 1, 1, 31, 6.38, -7.6, 1, 2, 31, -3.79, -6.93, 0.5, 29, -12.6, -8.37, 0.5, 1, 29, -14.17, -3.79, 1, 1, 29, -14.17, 1.48, 1, 1, 29, -7.39, 7.67, 1, 1, 29, 11.51, 7.67, 1, 2, 31, 2.39, 0.62, 0.5, 29, -2.84, -8.74, 0.5, 1, 31, 9.49, -0.71, 1, 1, 31, 19.45999, -0.01, 1, 1, 32, 7.23, -1.57, 1, 2, 32, 0.69, 0.42, 0.52999, 29, 11.53, -4.04, 0.47, 1, 29, -1.59, 1.15, 1, 1, 29, 8, 1.92, 1 ],
				"hull": 21,
				"edges": [ 6, 8, 16, 14, 14, 12, 8, 10, 12, 10, 32, 30, 18, 16, 18, 20, 20, 22, 30, 28, 28, 26, 32, 34, 34, 36, 38, 40, 36, 38, 2, 4, 4, 6, 16, 42, 42, 32, 18, 44, 44, 30, 42, 44, 20, 46, 46, 28, 44, 46, 22, 24, 24, 26, 46, 24, 4, 48, 48, 14, 10, 48, 2, 50, 50, 16, 48, 50, 36, 52, 52, 54, 2, 0, 0, 40, 54, 0 ],
				"width": 43,
				"height": 38
			}
		},
		"xin10": {
			"xin1": { "x": -0.26, "y": 0.38, "width": 22, "height": 20 }
		},
		"xin11": {
			"xin1": { "x": -0.26, "y": 0.38, "width": 22, "height": 20 }
		},
		"xin12": {
			"xin1": { "x": -0.26, "y": 0.38, "width": 22, "height": 20 }
		},
		"xin13": {
			"xin2": { "x": -0.02, "y": 0.39, "width": 40, "height": 35 }
		},
		"xin14": {
			"xin2": { "x": -0.02, "y": 0.39, "width": 40, "height": 35 }
		},
		"xin15": {
			"xin2": { "x": -0.02, "y": 0.39, "width": 40, "height": 35 }
		},
		"xin16": {
			"xin2": { "x": -0.02, "y": 0.39, "width": 40, "height": 35 }
		},
		"xin17": {
			"xin2": { "x": -0.02, "y": 0.39, "width": 40, "height": 35 }
		},
		"xin18": {
			"xin1": { "x": -0.26, "y": 0.38, "width": 22, "height": 20 }
		},
		"xin19": {
			"xin2": { "x": -0.02, "y": 0.39, "width": 40, "height": 35 }
		},
		"xin20": {
			"xin2": { "x": -0.02, "y": 0.39, "width": 40, "height": 35 }
		},
		"xin21": {
			"xin2": { "x": -0.02, "y": 0.39, "width": 40, "height": 35 }
		},
		"xin22": {
			"xin2": { "x": -0.02, "y": 0.39, "width": 40, "height": 35 }
		},
		"xin23": {
			"xin2": { "x": -0.02, "y": 0.39, "width": 40, "height": 35 }
		},
		"xin3": {
			"xin1": { "x": -0.26, "y": 0.38, "width": 22, "height": 20 }
		},
		"xin4": {
			"xin2": { "x": -0.02, "y": 0.39, "width": 40, "height": 35 }
		},
		"xin5": {
			"xin1": { "x": -0.26, "y": 0.38, "width": 22, "height": 20 }
		},
		"xin6": {
			"xin1": { "x": -0.26, "y": 0.38, "width": 22, "height": 20 }
		},
		"xin7": {
			"xin1": { "x": -0.26, "y": 0.38, "width": 22, "height": 20 }
		},
		"xin8": {
			"xin1": { "x": -0.26, "y": 0.38, "width": 22, "height": 20 }
		},
		"xin9": {
			"xin1": { "x": -0.26, "y": 0.38, "width": 22, "height": 20 }
		},
		"yifu3": {
			"yifu": { "x": 9.41, "y": 2.93, "rotation": -77.47, "width": 39, "height": 43 }
		},
		"yifu4": {
			"yifu2": { "x": 12.11, "y": -3.72, "rotation": -106.24, "width": 39, "height": 42 }
		},
		"youyanbi2": {
			"youyanbi2": { "x": 21.64, "y": 18.14, "rotation": -79.49, "width": 8, "height": 10 }
		},
		"zui2": {
			"zui2": { "x": 6.18, "y": 13.75, "rotation": -79.49, "width": 7, "height": 8 }
		},
		"zuichun10": {
			"zuichun5": { "x": -3.41, "y": -3, "width": 57, "height": 36 }
		},
		"zuichun6": {
			"zuichun4": { "x": 0.03, "y": -0.56, "width": 41, "height": 23 }
		},
		"zuichun7": {
			"zuichun3": { "y": 0.04, "width": 20, "height": 13 }
		},
		"zuichun8": {
			"zuichun2": { "x": 0.37, "y": -0.51, "width": 11, "height": 7 }
		},
		"zuichun9": {
			"zuichun1": { "x": 0.3, "y": -0.14, "width": 11, "height": 7 }
		},
		"zuoyanzheng4": {
			"zuoyanbi3": { "path": "zuoyanbi2", "x": 0.98, "y": 1.24, "scaleY": -1, "rotation": 71.98, "width": 15, "height": 8 },
			"zuoyanzheng": {
				"type": "mesh",
				"uvs": [ 1, 1, 0, 1, 0, 0, 1, 0 ],
				"triangles": [ 1, 2, 3, 1, 3, 0 ],
				"vertices": [ -9.18, -3.96, -6.85, 10.84, 8.95, 8.35999, 6.62, -6.45 ],
				"hull": 4,
				"edges": [ 0, 2, 2, 4, 4, 6, 0, 6 ],
				"width": 15,
				"height": 16
			}
		},
		"zuoyanzheng5": {
			"zuoyanbi2": { "x": 0.72, "y": -1.69, "rotation": -79.49, "width": 15, "height": 8 },
			"zuoyanzheng2": { "x": 0.12, "y": -1.57, "rotation": -79.49, "width": 15, "height": 16 }
		}
	}
},
"animations": {
	"animation": {
		"slots": {
			"bone3": {
				"attachment": [
					{ "time": 0, "name": "meimao" },
					{ "time": 1.1666, "name": "meimao" }
				]
			},
			"bone4": {
				"attachment": [
					{ "time": 0, "name": "youyanbi" },
					{ "time": 1.1666, "name": "youyanbi" }
				]
			},
			"bone5": {
				"attachment": [
					{ "time": 0, "name": "saihong3" },
					{ "time": 1.1666, "name": "saihong3" }
				]
			},
			"bone6": {
				"attachment": [
					{ "time": 0, "name": "saihong2" },
					{ "time": 1.1666, "name": "saihong2" }
				]
			},
			"bone7": {
				"attachment": [
					{ "time": 0, "name": "siahong1" },
					{ "time": 1.1666, "name": "siahong1" }
				]
			},
			"bone8": {
				"attachment": [
					{ "time": 0, "name": "zui" },
					{ "time": 1.1666, "name": "zui" }
				]
			},
			"bone9": {
				"attachment": [
					{ "time": 0, "name": "lian" },
					{ "time": 1.1666, "name": "lian" }
				]
			},
			"bone13": {
				"attachment": [
					{ "time": 0, "name": null },
					{ "time": 1.1666, "name": null }
				]
			},
			"bone16": {
				"attachment": [
					{ "time": 0, "name": "meimao2" },
					{ "time": 1.1666, "name": "meimao2" }
				]
			},
			"bone17": {
				"attachment": [
					{ "time": 0, "name": "saihong5" },
					{ "time": 1.1666, "name": "saihong5" }
				]
			},
			"bone18": {
				"attachment": [
					{ "time": 0, "name": "saihong6" },
					{ "time": 1.1666, "name": "saihong6" }
				]
			},
			"bone19": {
				"attachment": [
					{ "time": 0, "name": "saihong4" },
					{ "time": 1.1666, "name": "saihong4" }
				]
			},
			"bone20": {
				"attachment": [
					{ "time": 0, "name": "toufahou3" },
					{ "time": 1.1666, "name": "toufahou3" }
				]
			},
			"lian3": {
				"attachment": [
					{ "time": 0, "name": "lian2" },
					{ "time": 1.1666, "name": "lian2" }
				]
			},
			"shou3": {
				"attachment": [
					{ "time": 0, "name": "shou1" },
					{ "time": 1.1666, "name": "shou1" }
				]
			},
			"shou4": {
				"attachment": [
					{ "time": 0, "name": "shou2" },
					{ "time": 1.1666, "name": "shou2" }
				]
			},
			"toufa3": {
				"attachment": [
					{ "time": 0, "name": "toufa" },
					{ "time": 1.1666, "name": "toufa" }
				]
			},
			"toufa4": {
				"attachment": [
					{ "time": 0, "name": "toufa2" },
					{ "time": 1.1666, "name": "toufa2" }
				]
			},
			"toufahou2": {
				"attachment": [
					{ "time": 0, "name": "toufahou2" },
					{ "time": 1.1666, "name": "toufahou2" }
				]
			},
			"toufahou5": {
				"attachment": [
					{ "time": 0, "name": "toufahou" },
					{ "time": 1.1666, "name": "toufahou" }
				]
			},
			"toufahou6": {
				"attachment": [
					{ "time": 0, "name": "toufahou4" },
					{ "time": 1.1666, "name": "toufahou4" }
				]
			},
			"tui": {
				"attachment": [
					{ "time": 0, "name": "tui" },
					{ "time": 1.1666, "name": "tui" }
				]
			},
			"tui3": {
				"attachment": [
					{ "time": 0, "name": "tui2" },
					{ "time": 1.1666, "name": "tui2" }
				]
			},
			"xin3": {
				"attachment": [
					{ "time": 0, "name": null },
					{ "time": 0.5, "name": "xin1" },
					{ "time": 1.1666, "name": "xin1" }
				]
			},
			"xin4": {
				"attachment": [
					{ "time": 0, "name": null },
					{ "time": 0.4666, "name": "xin2" },
					{ "time": 1.1666, "name": "xin2" }
				]
			},
			"xin5": {
				"attachment": [
					{ "time": 0, "name": null },
					{ "time": 0.6, "name": "xin1" },
					{ "time": 1.1666, "name": "xin1" }
				]
			},
			"xin6": {
				"attachment": [
					{ "time": 0, "name": null },
					{ "time": 0.5666, "name": "xin1" },
					{ "time": 1.1666, "name": "xin1" }
				]
			},
			"xin7": {
				"attachment": [
					{ "time": 0, "name": null },
					{ "time": 0.4666, "name": "xin1" },
					{ "time": 1.1666, "name": "xin1" }
				]
			},
			"xin8": {
				"attachment": [
					{ "time": 0, "name": null },
					{ "time": 0.7, "name": "xin1" },
					{ "time": 1.1666, "name": "xin1" }
				]
			},
			"xin9": {
				"attachment": [
					{ "time": 0, "name": null },
					{ "time": 0.6333, "name": "xin1" },
					{ "time": 1.1666, "name": "xin1" }
				]
			},
			"xin10": {
				"attachment": [
					{ "time": 0, "name": null },
					{ "time": 0.4666, "name": "xin1" },
					{ "time": 1.1666, "name": "xin1" }
				]
			},
			"xin11": {
				"attachment": [
					{ "time": 0, "name": null },
					{ "time": 0.5666, "name": "xin1" },
					{ "time": 1.1666, "name": "xin1" }
				]
			},
			"xin12": {
				"attachment": [
					{ "time": 0, "name": null },
					{ "time": 0.4666, "name": "xin1" },
					{ "time": 1.1666, "name": "xin1" }
				]
			},
			"xin13": {
				"attachment": [
					{ "time": 0, "name": null },
					{ "time": 0.4666, "name": "xin2" },
					{ "time": 1.1666, "name": "xin2" }
				]
			},
			"xin14": {
				"attachment": [
					{ "time": 0, "name": null },
					{ "time": 0.4666, "name": "xin2" },
					{ "time": 1.1666, "name": "xin2" }
				]
			},
			"xin15": {
				"attachment": [
					{ "time": 0, "name": null },
					{ "time": 0.4666, "name": "xin2" },
					{ "time": 1.1666, "name": "xin2" }
				]
			},
			"xin16": {
				"attachment": [
					{ "time": 0, "name": null },
					{ "time": 0.4666, "name": "xin2" },
					{ "time": 1.1666, "name": "xin2" }
				]
			},
			"xin17": {
				"attachment": [
					{ "time": 0, "name": null },
					{ "time": 0.4666, "name": "xin2" },
					{ "time": 1.1666, "name": "xin2" }
				]
			},
			"xin18": {
				"attachment": [
					{ "time": 0, "name": null },
					{ "time": 0.5333, "name": "xin1" },
					{ "time": 1.1666, "name": "xin1" }
				]
			},
			"xin19": {
				"attachment": [
					{ "time": 0, "name": null },
					{ "time": 0.4666, "name": "xin2" },
					{ "time": 1.1666, "name": "xin2" }
				]
			},
			"xin20": {
				"attachment": [
					{ "time": 0, "name": null },
					{ "time": 0.4666, "name": "xin2" },
					{ "time": 1.1666, "name": "xin2" }
				]
			},
			"xin21": {
				"attachment": [
					{ "time": 0, "name": null },
					{ "time": 0.5, "name": "xin2" },
					{ "time": 1.1666, "name": "xin2" }
				]
			},
			"xin22": {
				"attachment": [
					{ "time": 0, "name": null },
					{ "time": 1.1666, "name": null }
				]
			},
			"xin23": {
				"attachment": [
					{ "time": 0, "name": null },
					{ "time": 1.1666, "name": null }
				]
			},
			"yifu3": {
				"attachment": [
					{ "time": 0, "name": "yifu" },
					{ "time": 1.1666, "name": "yifu" }
				]
			},
			"yifu4": {
				"attachment": [
					{ "time": 0, "name": "yifu2" },
					{ "time": 1.1666, "name": "yifu2" }
				]
			},
			"youyanbi2": {
				"attachment": [
					{ "time": 0, "name": "youyanbi2" },
					{ "time": 1.1666, "name": "youyanbi2" }
				]
			},
			"zui2": {
				"attachment": [
					{ "time": 0, "name": "zui2" },
					{ "time": 1.1666, "name": "zui2" }
				]
			},
			"zuichun5": {
				"attachment": [
					{ "time": 0, "name": null },
					{ "time": 1.1666, "name": null }
				]
			},
			"zuichun6": {
				"attachment": [
					{ "time": 0, "name": null },
					{ "time": 0.6, "name": "zuichun4" },
					{ "time": 0.7, "name": null },
					{ "time": 1.1666, "name": null }
				]
			},
			"zuichun7": {
				"attachment": [
					{ "time": 0, "name": null },
					{ "time": 0.3, "name": "zuichun3" },
					{ "time": 0.6333, "name": null },
					{ "time": 1.1666, "name": null }
				]
			},
			"zuichun8": {
				"attachment": [
					{ "time": 0, "name": null },
					{ "time": 0.2, "name": "zuichun2" },
					{ "time": 0.5333, "name": null },
					{ "time": 1.1666, "name": null }
				]
			},
			"zuichun9": {
				"attachment": [
					{ "time": 0, "name": null },
					{ "time": 1.1666, "name": null }
				]
			},
			"zuichun10": {
				"attachment": [
					{ "time": 0, "name": null },
					{ "time": 0.7, "name": "zuichun5" },
					{ "time": 0.8, "name": null },
					{ "time": 1.1666, "name": null }
				],
				"color": [
					{ "time": 0.7, "color": "ffffffff", "curve": "stepped" },
					{ "time": 0.7666, "color": "ffffffff" },
					{ "time": 0.8, "color": "ffffff00" }
				]
			},
			"zuoyanbi2": {
				"attachment": [
					{ "time": 0, "name": null },
					{ "time": 1.1666, "name": null }
				]
			},
			"zuoyanzheng3": {
				"attachment": [
					{ "time": 0, "name": null },
					{ "time": 1.1666, "name": null }
				]
			},
			"zuoyanzheng4": {
				"attachment": [
					{ "time": 0, "name": "zuoyanbi3" },
					{ "time": 0.4333, "name": "zuoyanzheng" },
					{ "time": 1.1666, "name": "zuoyanzheng" }
				]
			},
			"zuoyanzheng5": {
				"attachment": [
					{ "time": 0, "name": "zuoyanbi2" },
					{ "time": 0.4666, "name": "zuoyanzheng2" },
					{ "time": 1.1666, "name": "zuoyanzheng2" }
				]
			}
		},
		"bones": {
			"root": {
				"rotate": [
					{ "time": 0, "angle": 0, "curve": "stepped" },
					{ "time": 0.2, "angle": 0, "curve": "stepped" },
					{ "time": 0.4666, "angle": 0, "curve": "stepped" },
					{ "time": 1.1666, "angle": 0 }
				],
				"translate": [
					{ "time": 0, "x": 0, "y": 0, "curve": "stepped" },
					{ "time": 0.2, "x": 0, "y": 0, "curve": "stepped" },
					{ "time": 0.4666, "x": 0, "y": 0, "curve": "stepped" },
					{ "time": 1.1666, "x": 0, "y": 0 }
				],
				"scale": [
					{ "time": 0, "x": 1, "y": 1, "curve": "stepped" },
					{ "time": 0.2, "x": 1, "y": 1, "curve": "stepped" },
					{ "time": 0.4666, "x": 1, "y": 1, "curve": "stepped" },
					{ "time": 1.1666, "x": 1, "y": 1 }
				]
			},
			"bone": {
				"rotate": [
					{ "time": 0, "angle": 0, "curve": "stepped" },
					{ "time": 0.2, "angle": 0, "curve": "stepped" },
					{ "time": 0.6666, "angle": 0, "curve": "stepped" },
					{ "time": 1.1666, "angle": 0 }
				],
				"translate": [
					{ "time": 0, "x": -6.44, "y": 0 },
					{ "time": 0.2, "x": 0, "y": 0 },
					{ "time": 0.3, "x": 2.62, "y": 0 },
					{ "time": 0.6666, "x": 0, "y": 0, "curve": "stepped" },
					{ "time": 1.1666, "x": 0, "y": 0 }
				],
				"scale": [
					{ "time": 0, "x": 1, "y": 1, "curve": "stepped" },
					{ "time": 0.2, "x": 1, "y": 1, "curve": "stepped" },
					{ "time": 0.6666, "x": 1, "y": 1, "curve": "stepped" },
					{ "time": 1.1666, "x": 1, "y": 1 }
				]
			},
			"bone14": {
				"rotate": [
					{ "time": 0, "angle": 0, "curve": "stepped" },
					{ "time": 0.2, "angle": 0, "curve": "stepped" },
					{ "time": 0.6666, "angle": 0, "curve": "stepped" },
					{ "time": 1.1666, "angle": 0 }
				],
				"translate": [
					{ "time": 0, "x": 3.76, "y": 0 },
					{ "time": 0.2, "x": 0, "y": 0 },
					{ "time": 0.3, "x": -2.36, "y": 0 },
					{ "time": 0.6666, "x": 0, "y": 0, "curve": "stepped" },
					{ "time": 1.1666, "x": 0, "y": 0 }
				],
				"scale": [
					{ "time": 0, "x": 1, "y": 1, "curve": "stepped" },
					{ "time": 0.2, "x": 1, "y": 1, "curve": "stepped" },
					{ "time": 0.6666, "x": 1, "y": 1, "curve": "stepped" },
					{ "time": 1.1666, "x": 1, "y": 1 }
				]
			},
			"bone24": {
				"rotate": [
					{ "time": 0, "angle": 0, "curve": "stepped" },
					{ "time": 0.2, "angle": 0, "curve": "stepped" },
					{ "time": 0.4666, "angle": 0, "curve": "stepped" },
					{ "time": 1.1666, "angle": 0 }
				],
				"translate": [
					{ "time": 0, "x": 0, "y": 0, "curve": "stepped" },
					{ "time": 0.2, "x": 0, "y": 0, "curve": "stepped" },
					{ "time": 0.4666, "x": 0, "y": 0, "curve": "stepped" },
					{ "time": 1.1666, "x": 0, "y": 0 }
				],
				"scale": [
					{ "time": 0, "x": 1, "y": 1, "curve": "stepped" },
					{ "time": 0.2, "x": 1, "y": 1, "curve": "stepped" },
					{ "time": 0.4666, "x": 1, "y": 1, "curve": "stepped" },
					{ "time": 1.1666, "x": 1, "y": 1 }
				]
			},
			"bone25": {
				"rotate": [
					{ "time": 0, "angle": 0, "curve": "stepped" },
					{ "time": 0.2, "angle": 0, "curve": "stepped" },
					{ "time": 1.1666, "angle": 0 }
				],
				"translate": [
					{ "time": 0, "x": 0, "y": 0 },
					{ "time": 0.2, "x": -4.73, "y": -4.36 },
					{ "time": 0.3, "x": -7.32, "y": 1.11 },
					{ "time": 0.4333, "x": -2.81, "y": 8.42 },
					{ "time": 0.5333, "x": -4.73, "y": 13.91, "curve": "stepped" },
					{ "time": 1.1666, "x": -4.73, "y": 13.91 }
				],
				"scale": [
					{ "time": 0, "x": 1, "y": 1, "curve": "stepped" },
					{ "time": 0.2, "x": 1, "y": 1, "curve": "stepped" },
					{ "time": 1.1666, "x": 1, "y": 1 }
				]
			},
			"bone26": {
				"rotate": [
					{ "time": 0, "angle": 0, "curve": "stepped" },
					{ "time": 0.2, "angle": 0, "curve": "stepped" },
					{ "time": 1.1666, "angle": 0 }
				],
				"translate": [
					{ "time": 0, "x": 0, "y": 0, "curve": "stepped" },
					{ "time": 0.2, "x": 0, "y": 0 },
					{ "time": 0.3, "x": -2.17, "y": 0.19 },
					{ "time": 0.4333, "x": -3.61, "y": 8.33 },
					{ "time": 0.5333, "x": 2.14, "y": 14.44 },
					{ "time": 0.6333, "x": -2.17, "y": 20.55, "curve": "stepped" },
					{ "time": 1.1666, "x": -2.17, "y": 20.55 }
				],
				"scale": [
					{ "time": 0, "x": 1, "y": 1, "curve": "stepped" },
					{ "time": 0.2, "x": 1, "y": 1, "curve": "stepped" },
					{ "time": 1.1666, "x": 1, "y": 1 }
				]
			},
			"bone27": {
				"rotate": [
					{ "time": 0, "angle": 0, "curve": "stepped" },
					{ "time": 0.2, "angle": 0, "curve": "stepped" },
					{ "time": 0.6, "angle": 0, "curve": "stepped" },
					{ "time": 1.1666, "angle": 0 }
				],
				"translate": [
					{ "time": 0, "x": 0, "y": 0, "curve": "stepped" },
					{ "time": 0.2, "x": 0, "y": 0 },
					{ "time": 0.6, "x": -10.03, "y": 2.93, "curve": "stepped" },
					{ "time": 1.1666, "x": -10.03, "y": 2.93 }
				],
				"scale": [
					{ "time": 0, "x": 1, "y": 1, "curve": "stepped" },
					{ "time": 0.2, "x": 1, "y": 1 },
					{ "time": 0.6, "x": 0.722, "y": 0.722 },
					{ "time": 0.7, "x": 1.168, "y": 1.168, "curve": "stepped" },
					{ "time": 1.1666, "x": 1.168, "y": 1.168 }
				]
			},
			"bone28": {
				"rotate": [
					{ "time": 0, "angle": 0, "curve": "stepped" },
					{ "time": 0.2, "angle": 0, "curve": "stepped" },
					{ "time": 0.5, "angle": 0, "curve": "stepped" },
					{ "time": 1.1666, "angle": 0 }
				],
				"translate": [
					{ "time": 0, "x": 0, "y": 0, "curve": "stepped" },
					{ "time": 0.2, "x": 0, "y": 0 },
					{ "time": 0.5, "x": -13.73, "y": -6.32, "curve": "stepped" },
					{ "time": 1.1666, "x": -13.73, "y": -6.32 }
				],
				"scale": [
					{ "time": 0, "x": 1, "y": 1, "curve": "stepped" },
					{ "time": 0.2, "x": 1, "y": 1 },
					{ "time": 0.5, "x": 0.716, "y": 0.716 },
					{ "time": 0.6, "x": 1.295, "y": 1.295 },
					{ "time": 0.7, "x": 0.716, "y": 0.716 },
					{ "time": 0.8, "x": 1.295, "y": 1.295 },
					{ "time": 0.9, "x": 0.716, "y": 0.716 },
					{ "time": 1, "x": 1.295, "y": 1.295 },
					{ "time": 1.1, "x": 0.993, "y": 0.993, "curve": "stepped" },
					{ "time": 1.1666, "x": 0.993, "y": 0.993 }
				]
			},
			"bone29": {
				"rotate": [
					{ "time": 0, "angle": 0, "curve": "stepped" },
					{ "time": 0.2, "angle": 0, "curve": "stepped" },
					{ "time": 0.4666, "angle": 0, "curve": "stepped" },
					{ "time": 1.1666, "angle": 0 }
				],
				"translate": [
					{ "time": 0, "x": 0, "y": 0, "curve": "stepped" },
					{ "time": 0.2, "x": 0, "y": 0 },
					{ "time": 0.4666, "x": 18.69, "y": -15.42, "curve": "stepped" },
					{ "time": 1.1666, "x": 18.69, "y": -15.42 }
				],
				"scale": [
					{ "time": 0, "x": 1, "y": 1, "curve": "stepped" },
					{ "time": 0.2, "x": 1, "y": 1 },
					{ "time": 0.4666, "x": 0.847, "y": 0.847 },
					{ "time": 0.6, "x": 0.632, "y": 0.632 },
					{ "time": 0.7333, "x": 0.847, "y": 0.847 },
					{ "time": 0.8666, "x": 0.632, "y": 0.632 },
					{ "time": 1, "x": 0.847, "y": 0.847 },
					{ "time": 1.1333, "x": 0.632, "y": 0.632, "curve": "stepped" },
					{ "time": 1.1666, "x": 0.632, "y": 0.632 }
				]
			},
			"bone33": {
				"rotate": [
					{ "time": 0, "angle": 0, "curve": "stepped" },
					{ "time": 0.2, "angle": 0, "curve": "stepped" },
					{ "time": 0.4666, "angle": 0, "curve": "stepped" },
					{ "time": 1.1666, "angle": 0 }
				],
				"translate": [
					{ "time": 0, "x": 0, "y": 0, "curve": "stepped" },
					{ "time": 0.2, "x": 0, "y": 0, "curve": "stepped" },
					{ "time": 0.4666, "x": 0, "y": 0 },
					{ "time": 0.6, "x": -96.87, "y": 0.21, "curve": "stepped" },
					{ "time": 1.1666, "x": -96.87, "y": 0.21 }
				],
				"scale": [
					{ "time": 0, "x": 1, "y": 1, "curve": "stepped" },
					{ "time": 0.2, "x": 1, "y": 1, "curve": "stepped" },
					{ "time": 0.4666, "x": 1, "y": 1 },
					{ "time": 0.6, "x": 0.523, "y": 0.523 },
					{ "time": 0.7333, "x": 1.289, "y": 1.289 },
					{ "time": 0.8666, "x": 0.523, "y": 0.523 },
					{ "time": 1, "x": 1.289, "y": 1.289 },
					{ "time": 1.1333, "x": 0.821, "y": 0.821, "curve": "stepped" },
					{ "time": 1.1666, "x": 0.821, "y": 0.821 }
				]
			},
			"bone34": {
				"rotate": [
					{ "time": 0, "angle": 0, "curve": "stepped" },
					{ "time": 0.2, "angle": 0, "curve": "stepped" },
					{ "time": 0.5666, "angle": 0, "curve": "stepped" },
					{ "time": 1.1666, "angle": 0 }
				],
				"translate": [
					{ "time": 0, "x": 0, "y": 0, "curve": "stepped" },
					{ "time": 0.2, "x": 0, "y": 0 },
					{ "time": 0.5666, "x": -29.66, "y": 6.9, "curve": "stepped" },
					{ "time": 1.1666, "x": -29.66, "y": 6.9 }
				],
				"scale": [
					{ "time": 0, "x": 1, "y": 1, "curve": "stepped" },
					{ "time": 0.2, "x": 1, "y": 1 },
					{ "time": 0.5666, "x": 0.658, "y": 0.658 },
					{ "time": 0.6666, "x": 1.195, "y": 1.195 },
					{ "time": 0.7666, "x": 0.658, "y": 0.658 },
					{ "time": 0.8666, "x": 1.195, "y": 1.195 },
					{ "time": 0.9666, "x": 0.658, "y": 0.658 },
					{ "time": 1.0666, "x": 1.195, "y": 1.195 },
					{ "time": 1.1666, "x": 0.658, "y": 0.658 }
				]
			},
			"bone35": {
				"rotate": [
					{ "time": 0, "angle": 0, "curve": "stepped" },
					{ "time": 0.2, "angle": 0, "curve": "stepped" },
					{ "time": 0.4666, "angle": 0, "curve": "stepped" },
					{ "time": 1.1666, "angle": 0 }
				],
				"translate": [
					{ "time": 0, "x": 0, "y": 0, "curve": "stepped" },
					{ "time": 0.2, "x": 0, "y": 0 },
					{ "time": 0.4666, "x": -90.54, "y": -56.04, "curve": "stepped" },
					{ "time": 1.1666, "x": -90.54, "y": -56.04 }
				],
				"scale": [
					{ "time": 0, "x": 1, "y": 1, "curve": "stepped" },
					{ "time": 0.2, "x": 1, "y": 1 },
					{ "time": 0.4666, "x": 0.71, "y": 0.71 },
					{ "time": 0.6, "x": 1.298, "y": 1.298 },
					{ "time": 0.7333, "x": 0.71, "y": 0.71 },
					{ "time": 0.8666, "x": 1.298, "y": 1.298 },
					{ "time": 1, "x": 0.71, "y": 0.71 },
					{ "time": 1.1333, "x": 1.298, "y": 1.298, "curve": "stepped" },
					{ "time": 1.1666, "x": 1.298, "y": 1.298 }
				]
			},
			"bone36": {
				"rotate": [
					{ "time": 0, "angle": 0, "curve": "stepped" },
					{ "time": 0.2, "angle": 0, "curve": "stepped" },
					{ "time": 0.4666, "angle": 0 },
					{ "time": 0.7, "angle": 24.17, "curve": "stepped" },
					{ "time": 1.1666, "angle": 24.17 }
				],
				"translate": [
					{ "time": 0, "x": 0, "y": 0, "curve": "stepped" },
					{ "time": 0.2, "x": 0, "y": 0, "curve": "stepped" },
					{ "time": 0.4666, "x": 0, "y": 0 },
					{ "time": 0.7, "x": -30.68, "y": -61.15, "curve": "stepped" },
					{ "time": 1.1666, "x": -30.68, "y": -61.15 }
				],
				"scale": [
					{ "time": 0, "x": 1, "y": 1, "curve": "stepped" },
					{ "time": 0.2, "x": 1, "y": 1, "curve": "stepped" },
					{ "time": 0.4666, "x": 1, "y": 1 },
					{ "time": 0.7, "x": 0.663, "y": 0.663 },
					{ "time": 0.8333, "x": 1.115, "y": 1.115 },
					{ "time": 0.9666, "x": 0.663, "y": 0.663 },
					{ "time": 1.0666, "x": 1.115, "y": 1.115 },
					{ "time": 1.1666, "x": 0.663, "y": 0.663 }
				]
			},
			"bone37": {
				"rotate": [
					{ "time": 0, "angle": 0, "curve": "stepped" },
					{ "time": 0.2, "angle": 0, "curve": "stepped" },
					{ "time": 0.4666, "angle": 0, "curve": "stepped" },
					{ "time": 0.6333, "angle": 0, "curve": "stepped" },
					{ "time": 1.1666, "angle": 0 }
				],
				"translate": [
					{ "time": 0, "x": 0, "y": 0, "curve": "stepped" },
					{ "time": 0.2, "x": 0, "y": 0, "curve": "stepped" },
					{ "time": 0.4666, "x": 0, "y": 0 },
					{ "time": 0.6333, "x": -81.91, "y": 19.75, "curve": "stepped" },
					{ "time": 1.1666, "x": -81.91, "y": 19.75 }
				],
				"scale": [
					{ "time": 0, "x": 1, "y": 1, "curve": "stepped" },
					{ "time": 0.2, "x": 1, "y": 1, "curve": "stepped" },
					{ "time": 0.4666, "x": 1, "y": 1 },
					{ "time": 0.6333, "x": 0.328, "y": 0.328 },
					{ "time": 0.7333, "x": 0.526, "y": 0.526 },
					{ "time": 0.8333, "x": 0.328, "y": 0.328 },
					{ "time": 0.9333, "x": 0.526, "y": 0.526 },
					{ "time": 1.0333, "x": 0.328, "y": 0.328 },
					{ "time": 1.1333, "x": 0.526, "y": 0.526, "curve": "stepped" },
					{ "time": 1.1666, "x": 0.526, "y": 0.526 }
				]
			},
			"bone38": {
				"rotate": [
					{ "time": 0, "angle": 0, "curve": "stepped" },
					{ "time": 0.2, "angle": 0, "curve": "stepped" },
					{ "time": 0.4666, "angle": 0, "curve": "stepped" },
					{ "time": 1.1666, "angle": 0 }
				],
				"translate": [
					{ "time": 0, "x": 0, "y": 0, "curve": "stepped" },
					{ "time": 0.2, "x": 0, "y": 0 },
					{ "time": 0.4666, "x": -56.39, "y": -15.15, "curve": "stepped" },
					{ "time": 1.1666, "x": -56.39, "y": -15.15 }
				],
				"scale": [
					{ "time": 0, "x": 1, "y": 1, "curve": "stepped" },
					{ "time": 0.2, "x": 1, "y": 1 },
					{ "time": 0.4666, "x": 0.733, "y": 0.733 },
					{ "time": 0.6, "x": 1.032, "y": 1.032 },
					{ "time": 0.7333, "x": 0.733, "y": 0.733 },
					{ "time": 0.8666, "x": 1.032, "y": 1.032 },
					{ "time": 1, "x": 0.733, "y": 0.733 },
					{ "time": 1.1333, "x": 1.032, "y": 1.032, "curve": "stepped" },
					{ "time": 1.1666, "x": 1.032, "y": 1.032 }
				]
			},
			"bone39": {
				"rotate": [
					{ "time": 0, "angle": 0, "curve": "stepped" },
					{ "time": 0.2, "angle": 0, "curve": "stepped" },
					{ "time": 0.5666, "angle": 0, "curve": "stepped" },
					{ "time": 1.1666, "angle": 0 }
				],
				"translate": [
					{ "time": 0, "x": 0, "y": 0, "curve": "stepped" },
					{ "time": 0.2, "x": 0, "y": 0 },
					{ "time": 0.5666, "x": -60.15, "y": 19.44, "curve": "stepped" },
					{ "time": 1.1666, "x": -60.15, "y": 19.44 }
				],
				"scale": [
					{ "time": 0, "x": 1, "y": 1, "curve": "stepped" },
					{ "time": 0.2, "x": 1, "y": 1 },
					{ "time": 0.5666, "x": 0.618, "y": 0.618 },
					{ "time": 0.6666, "x": 1.146, "y": 1.146 },
					{ "time": 0.7666, "x": 0.618, "y": 0.618 },
					{ "time": 0.8666, "x": 1.146, "y": 1.146 },
					{ "time": 0.9666, "x": 0.618, "y": 0.618 },
					{ "time": 1.1, "x": 1.146, "y": 1.146, "curve": "stepped" },
					{ "time": 1.1666, "x": 1.146, "y": 1.146 }
				]
			},
			"bone40": {
				"rotate": [
					{ "time": 0, "angle": 0, "curve": "stepped" },
					{ "time": 0.2, "angle": 0, "curve": "stepped" },
					{ "time": 0.4666, "angle": 0, "curve": "stepped" },
					{ "time": 1.1666, "angle": 0 }
				],
				"translate": [
					{ "time": 0, "x": 0, "y": 0, "curve": "stepped" },
					{ "time": 0.2, "x": 0, "y": 0 },
					{ "time": 0.4666, "x": -56.1, "y": -45.12, "curve": "stepped" },
					{ "time": 1.1666, "x": -56.1, "y": -45.12 }
				],
				"scale": [
					{ "time": 0, "x": 1, "y": 1, "curve": "stepped" },
					{ "time": 0.2, "x": 1, "y": 1 },
					{ "time": 0.4666, "x": 0.553, "y": 0.553 },
					{ "time": 0.5666, "x": 1.276, "y": 1.276 },
					{ "time": 0.6666, "x": 0.553, "y": 0.553 },
					{ "time": 0.7666, "x": 1.276, "y": 1.276 },
					{ "time": 0.8666, "x": 0.553, "y": 0.553 },
					{ "time": 0.9666, "x": 1.276, "y": 1.276 },
					{ "time": 1.0666, "x": 0.684, "y": 0.684, "curve": "stepped" },
					{ "time": 1.1666, "x": 0.684, "y": 0.684 }
				]
			},
			"bone41": {
				"rotate": [
					{ "time": 0, "angle": 0, "curve": "stepped" },
					{ "time": 0.2, "angle": 0, "curve": "stepped" },
					{ "time": 0.4666, "angle": 0, "curve": "stepped" },
					{ "time": 1.1666, "angle": 0 }
				],
				"translate": [
					{ "time": 0, "x": 0, "y": 0, "curve": "stepped" },
					{ "time": 0.2, "x": 0, "y": 0 },
					{ "time": 0.4666, "x": -12.98, "y": -15.94, "curve": "stepped" },
					{ "time": 1.1666, "x": -12.98, "y": -15.94 }
				],
				"scale": [
					{ "time": 0, "x": 1, "y": 1, "curve": "stepped" },
					{ "time": 0.2, "x": 1, "y": 1 },
					{ "time": 0.4666, "x": 0.843, "y": 0.843 },
					{ "time": 0.5666, "x": 1.026, "y": 1.026 },
					{ "time": 0.6666, "x": 0.843, "y": 0.843 },
					{ "time": 0.7666, "x": 1.026, "y": 1.026 },
					{ "time": 0.8666, "x": 0.843, "y": 0.843 },
					{ "time": 0.9666, "x": 1.026, "y": 1.026 },
					{ "time": 1.0666, "x": 0.843, "y": 0.843 },
					{ "time": 1.1666, "x": 1.026, "y": 1.026 }
				]
			},
			"bone42": {
				"rotate": [
					{ "time": 0, "angle": 0, "curve": "stepped" },
					{ "time": 0.2, "angle": 0, "curve": "stepped" },
					{ "time": 0.4666, "angle": 0, "curve": "stepped" },
					{ "time": 1.1666, "angle": 0 }
				],
				"translate": [
					{ "time": 0, "x": 0, "y": 0, "curve": "stepped" },
					{ "time": 0.2, "x": 0, "y": 0 },
					{ "time": 0.4666, "x": -38.97, "y": -14.37, "curve": "stepped" },
					{ "time": 1.1666, "x": -38.97, "y": -14.37 }
				],
				"scale": [
					{ "time": 0, "x": 1, "y": 1, "curve": "stepped" },
					{ "time": 0.2, "x": 1, "y": 1 },
					{ "time": 0.4666, "x": 0.774, "y": 0.774 },
					{ "time": 0.6, "x": 0.641, "y": 0.641 },
					{ "time": 0.7333, "x": 0.774, "y": 0.774 },
					{ "time": 0.8666, "x": 0.641, "y": 0.641 },
					{ "time": 1, "x": 0.774, "y": 0.774 },
					{ "time": 1.1333, "x": 0.641, "y": 0.641, "curve": "stepped" },
					{ "time": 1.1666, "x": 0.641, "y": 0.641 }
				]
			},
			"bone43": {
				"rotate": [
					{ "time": 0, "angle": 0, "curve": "stepped" },
					{ "time": 0.2, "angle": 0, "curve": "stepped" },
					{ "time": 0.4666, "angle": 0, "curve": "stepped" },
					{ "time": 1.1666, "angle": 0 }
				],
				"translate": [
					{ "time": 0, "x": 0, "y": 0, "curve": "stepped" },
					{ "time": 0.2, "x": 0, "y": 0 },
					{ "time": 0.4666, "x": -32.18, "y": 14.96, "curve": "stepped" },
					{ "time": 1.1666, "x": -32.18, "y": 14.96 }
				],
				"scale": [
					{ "time": 0, "x": 1, "y": 1, "curve": "stepped" },
					{ "time": 0.2, "x": 1, "y": 1 },
					{ "time": 0.4666, "x": 0.221, "y": 0.221 },
					{ "time": 0.6, "x": 0.976, "y": 0.976 },
					{ "time": 0.7333, "x": 0.686, "y": 0.686 },
					{ "time": 0.9, "x": 0.976, "y": 0.976 },
					{ "time": 1.0333, "x": 0.686, "y": 0.686 },
					{ "time": 1.1666, "x": 0.976, "y": 0.976 }
				]
			},
			"bone44": {
				"rotate": [
					{ "time": 0, "angle": 0, "curve": "stepped" },
					{ "time": 0.2, "angle": 0, "curve": "stepped" },
					{ "time": 0.4666, "angle": 0, "curve": "stepped" },
					{ "time": 1.1666, "angle": 0 }
				],
				"translate": [
					{ "time": 0, "x": 0, "y": 0, "curve": "stepped" },
					{ "time": 0.2, "x": 0, "y": 0 },
					{ "time": 0.4666, "x": 20.34, "y": 13.03, "curve": "stepped" },
					{ "time": 1.1666, "x": 20.34, "y": 13.03 }
				],
				"scale": [
					{ "time": 0, "x": 1, "y": 1, "curve": "stepped" },
					{ "time": 0.2, "x": 1, "y": 1 },
					{ "time": 0.4666, "x": 0.809, "y": 0.809 },
					{ "time": 0.6, "x": 0.474, "y": 0.474 },
					{ "time": 0.7333, "x": 0.809, "y": 0.809 },
					{ "time": 0.8666, "x": 0.474, "y": 0.474 },
					{ "time": 1, "x": 0.809, "y": 0.809 },
					{ "time": 1.1333, "x": 0.474, "y": 0.474, "curve": "stepped" },
					{ "time": 1.1666, "x": 0.474, "y": 0.474 }
				]
			},
			"bone45": {
				"rotate": [
					{ "time": 0, "angle": 0, "curve": "stepped" },
					{ "time": 0.2, "angle": 0, "curve": "stepped" },
					{ "time": 0.4666, "angle": 0, "curve": "stepped" },
					{ "time": 1.1666, "angle": 0 }
				],
				"translate": [
					{ "time": 0, "x": 0, "y": 0, "curve": "stepped" },
					{ "time": 0.2, "x": 0, "y": 0 },
					{ "time": 0.4666, "x": -7.1, "y": 11.32, "curve": "stepped" },
					{ "time": 1.1666, "x": -7.1, "y": 11.32 }
				],
				"scale": [
					{ "time": 0, "x": 1, "y": 1, "curve": "stepped" },
					{ "time": 0.2, "x": 1, "y": 1 },
					{ "time": 0.4666, "x": 0.752, "y": 0.752 },
					{ "time": 0.6, "x": 0.574, "y": 0.574 },
					{ "time": 0.7333, "x": 0.752, "y": 0.752 },
					{ "time": 0.8666, "x": 0.574, "y": 0.574 },
					{ "time": 1, "x": 0.752, "y": 0.752 },
					{ "time": 1.1333, "x": 0.574, "y": 0.574, "curve": "stepped" },
					{ "time": 1.1666, "x": 0.574, "y": 0.574 }
				]
			},
			"bone15": {
				"rotate": [
					{ "time": 0, "angle": -8.89 },
					{ "time": 0.2, "angle": 0 },
					{ "time": 0.3333, "angle": 0.9 },
					{ "time": 0.4666, "angle": 0, "curve": "stepped" },
					{ "time": 1.1666, "angle": 0 }
				],
				"translate": [
					{ "time": 0, "x": 0, "y": 0, "curve": "stepped" },
					{ "time": 0.2, "x": 0, "y": 0, "curve": "stepped" },
					{ "time": 0.4666, "x": 0, "y": 0, "curve": "stepped" },
					{ "time": 1.1666, "x": 0, "y": 0 }
				],
				"scale": [
					{ "time": 0, "x": 1, "y": 1, "curve": "stepped" },
					{ "time": 0.2, "x": 1, "y": 1, "curve": "stepped" },
					{ "time": 0.4666, "x": 1, "y": 1, "curve": "stepped" },
					{ "time": 1.1666, "x": 1, "y": 1 }
				]
			},
			"bone17": {
				"rotate": [
					{ "time": 0, "angle": 0, "curve": "stepped" },
					{ "time": 0.2, "angle": 0, "curve": "stepped" },
					{ "time": 0.4666, "angle": 0, "curve": "stepped" },
					{ "time": 1.1666, "angle": 0 }
				],
				"translate": [
					{ "time": 0, "x": 0, "y": 0, "curve": "stepped" },
					{ "time": 0.2, "x": 0, "y": 0, "curve": "stepped" },
					{ "time": 0.4666, "x": 0, "y": 0, "curve": "stepped" },
					{ "time": 1.1666, "x": 0, "y": 0 }
				],
				"scale": [
					{ "time": 0, "x": 1, "y": 1, "curve": "stepped" },
					{ "time": 0.2, "x": 1, "y": 1, "curve": "stepped" },
					{ "time": 0.4666, "x": 1, "y": 1, "curve": "stepped" },
					{ "time": 1.1666, "x": 1, "y": 1 }
				]
			},
			"bone18": {
				"rotate": [
					{ "time": 0, "angle": 0 },
					{ "time": 0.2, "angle": 11.15 },
					{ "time": 0.3666, "angle": 20.84 },
					{ "time": 0.6333, "angle": 4.78 },
					{ "time": 0.8666, "angle": -5.05 },
					{ "time": 1.1666, "angle": 4.78 }
				],
				"translate": [
					{ "time": 0, "x": 0, "y": 0, "curve": "stepped" },
					{ "time": 0.2, "x": 0, "y": 0, "curve": "stepped" },
					{ "time": 0.6333, "x": 0, "y": 0, "curve": "stepped" },
					{ "time": 1.1666, "x": 0, "y": 0 }
				],
				"scale": [
					{ "time": 0, "x": 1, "y": 1, "curve": "stepped" },
					{ "time": 0.2, "x": 1, "y": 1, "curve": "stepped" },
					{ "time": 0.6333, "x": 1, "y": 1, "curve": "stepped" },
					{ "time": 1.1666, "x": 1, "y": 1 }
				]
			},
			"bone2": {
				"rotate": [
					{ "time": 0, "angle": 11.67 },
					{ "time": 0.2, "angle": 0 },
					{ "time": 0.3333, "angle": -0.42 },
					{ "time": 0.4666, "angle": 0, "curve": "stepped" },
					{ "time": 1.1666, "angle": 0 }
				],
				"translate": [
					{ "time": 0, "x": 0, "y": 0, "curve": "stepped" },
					{ "time": 0.2, "x": 0, "y": 0, "curve": "stepped" },
					{ "time": 0.4666, "x": 0, "y": 0, "curve": "stepped" },
					{ "time": 1.1666, "x": 0, "y": 0 }
				],
				"scale": [
					{ "time": 0, "x": 1, "y": 1, "curve": "stepped" },
					{ "time": 0.2, "x": 1, "y": 1, "curve": "stepped" },
					{ "time": 0.4666, "x": 1, "y": 1, "curve": "stepped" },
					{ "time": 1.1666, "x": 1, "y": 1 }
				]
			},
			"bone4": {
				"rotate": [
					{ "time": 0, "angle": 0, "curve": "stepped" },
					{ "time": 0.2, "angle": 0, "curve": "stepped" },
					{ "time": 0.4666, "angle": 0, "curve": "stepped" },
					{ "time": 1.1666, "angle": 0 }
				],
				"translate": [
					{ "time": 0, "x": 0, "y": 0, "curve": "stepped" },
					{ "time": 0.2, "x": 0, "y": 0, "curve": "stepped" },
					{ "time": 0.4666, "x": 0, "y": 0, "curve": "stepped" },
					{ "time": 1.1666, "x": 0, "y": 0 }
				],
				"scale": [
					{ "time": 0, "x": 1, "y": 1, "curve": "stepped" },
					{ "time": 0.2, "x": 1, "y": 1, "curve": "stepped" },
					{ "time": 0.4666, "x": 1, "y": 1, "curve": "stepped" },
					{ "time": 1.1666, "x": 1, "y": 1 }
				]
			},
			"bone5": {
				"rotate": [
					{ "time": 0, "angle": 0 },
					{ "time": 0.2, "angle": 349.99 },
					{ "time": 0.3333, "angle": 342.53 },
					{ "time": 0.6333, "angle": 0 },
					{ "time": 0.9, "angle": 10.21 },
					{ "time": 1.1666, "angle": 0 }
				],
				"translate": [
					{ "time": 0, "x": 0, "y": 0, "curve": "stepped" },
					{ "time": 0.2, "x": 0, "y": 0, "curve": "stepped" },
					{ "time": 0.6333, "x": 0, "y": 0, "curve": "stepped" },
					{ "time": 1.1666, "x": 0, "y": 0 }
				],
				"scale": [
					{ "time": 0, "x": 1, "y": 1, "curve": "stepped" },
					{ "time": 0.2, "x": 1, "y": 1, "curve": "stepped" },
					{ "time": 0.6333, "x": 1, "y": 1, "curve": "stepped" },
					{ "time": 1.1666, "x": 1, "y": 1 }
				]
			},
			"bone12": {
				"rotate": [
					{ "time": 0, "angle": 14.75 },
					{ "time": 0.2, "angle": 13.44 },
					{ "time": 0.4, "angle": -4.15, "curve": "stepped" },
					{ "time": 0.5, "angle": -4.15 },
					{ "time": 0.7666, "angle": 3.35 },
					{ "time": 1.1666, "angle": -3.15 }
				],
				"translate": [
					{ "time": 0, "x": 1.01, "y": 0.01 },
					{ "time": 0.2, "x": 0, "y": 0 },
					{ "time": 0.3333, "x": -2.61, "y": -0.58 },
					{ "time": 0.5, "x": -0.41, "y": -0.09, "curve": "stepped" },
					{ "time": 1.1666, "x": -0.41, "y": -0.09 }
				],
				"scale": [
					{ "time": 0, "x": 1, "y": 1, "curve": "stepped" },
					{ "time": 0.2, "x": 1, "y": 1, "curve": "stepped" },
					{ "time": 0.5, "x": 1, "y": 1, "curve": "stepped" },
					{ "time": 1.1666, "x": 1, "y": 1 }
				]
			},
			"bone16": {
				"rotate": [
					{ "time": 0, "angle": 4.44 },
					{ "time": 0.2, "angle": 0.95 },
					{ "time": 0.4666, "angle": 7.83 },
					{ "time": 0.7, "angle": 0.95 },
					{ "time": 0.9333, "angle": 1.96 },
					{ "time": 1.1666, "angle": 1.49 }
				],
				"translate": [
					{ "time": 0, "x": 0, "y": 0, "curve": "stepped" },
					{ "time": 0.2, "x": 0, "y": 0, "curve": "stepped" },
					{ "time": 0.7, "x": 0, "y": 0, "curve": "stepped" },
					{ "time": 1.1666, "x": 0, "y": 0 }
				],
				"scale": [
					{ "time": 0, "x": 1, "y": 1, "curve": "stepped" },
					{ "time": 0.2, "x": 1, "y": 1, "curve": "stepped" },
					{ "time": 0.7, "x": 1, "y": 1, "curve": "stepped" },
					{ "time": 1.1666, "x": 1, "y": 1 }
				]
			},
			"bone23": {
				"rotate": [
					{ "time": 0, "angle": -15.84 },
					{ "time": 0.2, "angle": -5.53 },
					{ "time": 0.4, "angle": 8.86, "curve": "stepped" },
					{ "time": 0.4666, "angle": 8.86 },
					{ "time": 0.7666, "angle": -4.93 },
					{ "time": 1.1666, "angle": 2.94 }
				],
				"translate": [
					{ "time": 0, "x": 1.01, "y": -0.13 },
					{ "time": 0.2, "x": 0, "y": 0 },
					{ "time": 0.3333, "x": -2.57, "y": 0.74 },
					{ "time": 0.4666, "x": 0.48, "y": -0.14, "curve": "stepped" },
					{ "time": 1.1666, "x": 0.48, "y": -0.14 }
				],
				"scale": [
					{ "time": 0, "x": 1, "y": 1, "curve": "stepped" },
					{ "time": 0.2, "x": 1, "y": 1, "curve": "stepped" },
					{ "time": 0.4666, "x": 1, "y": 1, "curve": "stepped" },
					{ "time": 1.1666, "x": 1, "y": 1 }
				]
			},
			"bone3": {
				"rotate": [
					{ "time": 0, "angle": -0.44 },
					{ "time": 0.2, "angle": -0.8 },
					{ "time": 0.4, "angle": -6.07 },
					{ "time": 0.7333, "angle": -0.8, "curve": "stepped" },
					{ "time": 1.1666, "angle": -0.8 }
				],
				"translate": [
					{ "time": 0, "x": 0, "y": 0, "curve": "stepped" },
					{ "time": 0.2, "x": 0, "y": 0, "curve": "stepped" },
					{ "time": 0.7333, "x": 0, "y": 0, "curve": "stepped" },
					{ "time": 1.1666, "x": 0, "y": 0 }
				],
				"scale": [
					{ "time": 0, "x": 1, "y": 1, "curve": "stepped" },
					{ "time": 0.2, "x": 1, "y": 1, "curve": "stepped" },
					{ "time": 0.7333, "x": 1, "y": 1, "curve": "stepped" },
					{ "time": 1.1666, "x": 1, "y": 1 }
				]
			},
			"bone13": {
				"rotate": [
					{ "time": 0, "angle": 0, "curve": "stepped" },
					{ "time": 0.2, "angle": 0, "curve": "stepped" },
					{ "time": 0.4666, "angle": 0, "curve": "stepped" },
					{ "time": 1.1666, "angle": 0 }
				],
				"translate": [
					{ "time": 0, "x": 0, "y": 0, "curve": "stepped" },
					{ "time": 0.2, "x": 0, "y": 0, "curve": "stepped" },
					{ "time": 0.4666, "x": 0, "y": 0, "curve": "stepped" },
					{ "time": 1.1666, "x": 0, "y": 0 }
				],
				"scale": [
					{ "time": 0, "x": 1, "y": 1, "curve": "stepped" },
					{ "time": 0.2, "x": 1, "y": 1, "curve": "stepped" },
					{ "time": 0.4666, "x": 1, "y": 1, "curve": "stepped" },
					{ "time": 1.1666, "x": 1, "y": 1 }
				]
			},
			"bone19": {
				"rotate": [
					{ "time": 0, "angle": 0 },
					{ "time": 0.2, "angle": -342.51 },
					{ "time": 0.4333, "angle": -346.35 },
					{ "time": 0.8, "angle": -347.82 },
					{ "time": 1.1333, "angle": -355.99 },
					{ "time": 1.1666, "angle": 4 }
				],
				"translate": [
					{ "time": 0, "x": 0, "y": 0, "curve": "stepped" },
					{ "time": 1.1666, "x": 0, "y": 0 }
				],
				"scale": [
					{ "time": 0, "x": 1, "y": 1, "curve": "stepped" },
					{ "time": 1.1666, "x": 1, "y": 1 }
				]
			},
			"bone22": {
				"rotate": [
					{ "time": 0, "angle": 0, "curve": "stepped" },
					{ "time": 0.2, "angle": 0, "curve": "stepped" },
					{ "time": 0.4666, "angle": 0, "curve": "stepped" },
					{ "time": 1.1666, "angle": 0 }
				],
				"translate": [
					{ "time": 0, "x": 0, "y": 0, "curve": "stepped" },
					{ "time": 0.2, "x": 0, "y": 0, "curve": "stepped" },
					{ "time": 0.4666, "x": 0, "y": 0, "curve": "stepped" },
					{ "time": 1.1666, "x": 0, "y": 0 }
				],
				"scale": [
					{ "time": 0, "x": 1, "y": 1, "curve": "stepped" },
					{ "time": 0.2, "x": 1, "y": 1, "curve": "stepped" },
					{ "time": 0.4666, "x": 1, "y": 1, "curve": "stepped" },
					{ "time": 1.1666, "x": 1, "y": 1 }
				]
			},
			"bone30": {
				"rotate": [
					{ "time": 0, "angle": 0 },
					{ "time": 0.2, "angle": -356.21 },
					{ "time": 0.4666, "angle": -3.13 },
					{ "time": 0.7666, "angle": -0.05, "curve": "stepped" },
					{ "time": 1.1666, "angle": -0.05 }
				],
				"translate": [
					{ "time": 0, "x": 0, "y": 0, "curve": "stepped" },
					{ "time": 0.2, "x": 0, "y": 0, "curve": "stepped" },
					{ "time": 0.4666, "x": 0, "y": 0, "curve": "stepped" },
					{ "time": 1.1666, "x": 0, "y": 0 }
				],
				"scale": [
					{ "time": 0, "x": 1, "y": 1, "curve": "stepped" },
					{ "time": 0.2, "x": 1, "y": 1, "curve": "stepped" },
					{ "time": 0.4666, "x": 1, "y": 1, "curve": "stepped" },
					{ "time": 1.1666, "x": 1, "y": 1 }
				]
			},
			"bone6": {
				"rotate": [
					{ "time": 0, "angle": 0 },
					{ "time": 0.2, "angle": 356.22 },
					{ "time": 1.0666, "angle": -1.17, "curve": "stepped" },
					{ "time": 1.1666, "angle": -1.17 }
				],
				"translate": [
					{ "time": 0, "x": 0, "y": 0, "curve": "stepped" },
					{ "time": 1.1666, "x": 0, "y": 0 }
				],
				"scale": [
					{ "time": 0, "x": 1, "y": 1, "curve": "stepped" },
					{ "time": 1.1666, "x": 1, "y": 1 }
				]
			},
			"bone9": {
				"rotate": [
					{ "time": 0, "angle": 0 },
					{ "time": 0.2, "angle": -6.6 },
					{ "time": 0.4666, "angle": 0.8 },
					{ "time": 0.7666, "angle": 0.16, "curve": "stepped" },
					{ "time": 1.1666, "angle": 0.16 }
				],
				"translate": [
					{ "time": 0, "x": 0, "y": 0, "curve": "stepped" },
					{ "time": 0.2, "x": 0, "y": 0, "curve": "stepped" },
					{ "time": 0.4666, "x": 0, "y": 0, "curve": "stepped" },
					{ "time": 1.1666, "x": 0, "y": 0 }
				],
				"scale": [
					{ "time": 0, "x": 1, "y": 1, "curve": "stepped" },
					{ "time": 0.2, "x": 1, "y": 1, "curve": "stepped" },
					{ "time": 0.4666, "x": 1, "y": 1, "curve": "stepped" },
					{ "time": 1.1666, "x": 1, "y": 1 }
				]
			},
			"bone10": {
				"rotate": [
					{ "time": 0, "angle": 0 },
					{ "time": 0.2, "angle": -16.23 },
					{ "time": 0.4666, "angle": 9.69 },
					{ "time": 0.7666, "angle": -12.18, "curve": "stepped" },
					{ "time": 1.1666, "angle": -12.18 }
				],
				"translate": [
					{ "time": 0, "x": 0, "y": 0, "curve": "stepped" },
					{ "time": 0.2, "x": 0, "y": 0, "curve": "stepped" },
					{ "time": 0.4666, "x": 0, "y": 0, "curve": "stepped" },
					{ "time": 1.1666, "x": 0, "y": 0 }
				],
				"scale": [
					{ "time": 0, "x": 1, "y": 1, "curve": "stepped" },
					{ "time": 0.2, "x": 1, "y": 1, "curve": "stepped" },
					{ "time": 0.4666, "x": 1, "y": 1, "curve": "stepped" },
					{ "time": 1.1666, "x": 1, "y": 1 }
				]
			},
			"bone20": {
				"rotate": [
					{ "time": 0, "angle": 0 },
					{ "time": 0.2, "angle": -29.19 },
					{ "time": 0.4333, "angle": 23.32 },
					{ "time": 0.8, "angle": -9.7, "curve": "stepped" },
					{ "time": 1.1666, "angle": -9.7 }
				],
				"translate": [
					{ "time": 0, "x": 0, "y": 0, "curve": "stepped" },
					{ "time": 1.1666, "x": 0, "y": 0 }
				],
				"scale": [
					{ "time": 0, "x": 1, "y": 1, "curve": "stepped" },
					{ "time": 1.1666, "x": 1, "y": 1 }
				]
			},
			"bone31": {
				"rotate": [
					{ "time": 0, "angle": 0 },
					{ "time": 0.2, "angle": 9.63 },
					{ "time": 0.4666, "angle": -14.29 },
					{ "time": 0.7666, "angle": 4.4, "curve": "stepped" },
					{ "time": 1.1666, "angle": 4.4 }
				],
				"translate": [
					{ "time": 0, "x": 0, "y": 0, "curve": "stepped" },
					{ "time": 0.2, "x": 0, "y": 0, "curve": "stepped" },
					{ "time": 0.4666, "x": 0, "y": 0, "curve": "stepped" },
					{ "time": 1.1666, "x": 0, "y": 0 }
				],
				"scale": [
					{ "time": 0, "x": 1, "y": 1, "curve": "stepped" },
					{ "time": 0.2, "x": 1, "y": 1, "curve": "stepped" },
					{ "time": 0.4666, "x": 1, "y": 1, "curve": "stepped" },
					{ "time": 1.1666, "x": 1, "y": 1 }
				]
			},
			"bone7": {
				"rotate": [
					{ "time": 0, "angle": 0 },
					{ "time": 0.2, "angle": -33.19 },
					{ "time": 0.4666, "angle": -45.78 },
					{ "time": 0.8, "angle": -27.29 },
					{ "time": 1.0666, "angle": 7.94, "curve": "stepped" },
					{ "time": 1.1666, "angle": 7.94 }
				],
				"translate": [
					{ "time": 0, "x": 0, "y": 0, "curve": "stepped" },
					{ "time": 1.1666, "x": 0, "y": 0 }
				],
				"scale": [
					{ "time": 0, "x": 1, "y": 1, "curve": "stepped" },
					{ "time": 1.1666, "x": 1, "y": 1 }
				]
			},
			"bone11": {
				"rotate": [
					{ "time": 0, "angle": 0 },
					{ "time": 0.2, "angle": -27.87 },
					{ "time": 0.4666, "angle": 0 },
					{ "time": 0.7666, "angle": -12.9, "curve": "stepped" },
					{ "time": 1.1666, "angle": -12.9 }
				],
				"translate": [
					{ "time": 0, "x": 0, "y": 0, "curve": "stepped" },
					{ "time": 0.2, "x": 0, "y": 0, "curve": "stepped" },
					{ "time": 0.4666, "x": 0, "y": 0, "curve": "stepped" },
					{ "time": 1.1666, "x": 0, "y": 0 }
				],
				"scale": [
					{ "time": 0, "x": 1, "y": 1, "curve": "stepped" },
					{ "time": 0.2, "x": 1, "y": 1, "curve": "stepped" },
					{ "time": 0.4666, "x": 1, "y": 1, "curve": "stepped" },
					{ "time": 1.1666, "x": 1, "y": 1 }
				]
			},
			"bone21": {
				"rotate": [
					{ "time": 0, "angle": 0 },
					{ "time": 0.2, "angle": -37.41 },
					{ "time": 0.4333, "angle": 15.75 },
					{ "time": 0.8, "angle": 6.14, "curve": "stepped" },
					{ "time": 1.1666, "angle": 6.14 }
				],
				"translate": [
					{ "time": 0, "x": 0, "y": 0, "curve": "stepped" },
					{ "time": 1.1666, "x": 0, "y": 0 }
				],
				"scale": [
					{ "time": 0, "x": 1, "y": 1, "curve": "stepped" },
					{ "time": 1.1666, "x": 1, "y": 1 }
				]
			},
			"bone32": {
				"rotate": [
					{ "time": 0, "angle": 0 },
					{ "time": 0.2, "angle": 8.5 },
					{ "time": 0.4666, "angle": -28.01 },
					{ "time": 0.7666, "angle": 15.57, "curve": "stepped" },
					{ "time": 1.1666, "angle": 15.57 }
				],
				"translate": [
					{ "time": 0, "x": 0, "y": 0, "curve": "stepped" },
					{ "time": 0.2, "x": 0, "y": 0, "curve": "stepped" },
					{ "time": 0.4666, "x": 0, "y": 0, "curve": "stepped" },
					{ "time": 1.1666, "x": 0, "y": 0 }
				],
				"scale": [
					{ "time": 0, "x": 1, "y": 1, "curve": "stepped" },
					{ "time": 0.2, "x": 1, "y": 1, "curve": "stepped" },
					{ "time": 0.4666, "x": 1, "y": 1, "curve": "stepped" },
					{ "time": 1.1666, "x": 1, "y": 1 }
				]
			},
			"bone8": {
				"rotate": [
					{ "time": 0, "angle": 0 },
					{ "time": 0.2, "angle": 34.72 },
					{ "time": 0.4666, "angle": -38.79 },
					{ "time": 0.8, "angle": 0.69 },
					{ "time": 1.0666, "angle": 19.94, "curve": "stepped" },
					{ "time": 1.1666, "angle": 19.94 }
				],
				"translate": [
					{ "time": 0, "x": 0, "y": 0, "curve": "stepped" },
					{ "time": 1.1666, "x": 0, "y": 0 }
				],
				"scale": [
					{ "time": 0, "x": 1, "y": 1, "curve": "stepped" },
					{ "time": 1.1666, "x": 1, "y": 1 }
				]
			},
			"bone50": {
				"rotate": [
					{ "time": 0, "angle": 0, "curve": "stepped" },
					{ "time": 0.2, "angle": 0, "curve": "stepped" },
					{ "time": 0.4666, "angle": 0, "curve": "stepped" },
					{ "time": 1.1666, "angle": 0 }
				],
				"translate": [
					{ "time": 0, "x": -1.2, "y": 12.77, "curve": "stepped" },
					{ "time": 0.2, "x": -1.2, "y": 12.77, "curve": "stepped" },
					{ "time": 0.4666, "x": -1.2, "y": 12.77, "curve": "stepped" },
					{ "time": 1.1666, "x": -1.2, "y": 12.77 }
				],
				"scale": [
					{ "time": 0, "x": 1, "y": 1, "curve": "stepped" },
					{ "time": 0.2, "x": 1, "y": 1, "curve": "stepped" },
					{ "time": 0.4666, "x": 1, "y": 1, "curve": "stepped" },
					{ "time": 1.1666, "x": 1, "y": 1 }
				]
			},
			"bone51": {
				"rotate": [
					{ "time": 0, "angle": 0, "curve": "stepped" },
					{ "time": 1.1666, "angle": 0 }
				],
				"translate": [
					{ "time": 0, "x": 0, "y": 0 },
					{ "time": 0.7, "x": -81.66, "y": 8.73, "curve": "stepped" },
					{ "time": 1.1666, "x": -81.66, "y": 8.73 }
				],
				"scale": [
					{ "time": 0, "x": 1, "y": 1 },
					{ "time": 0.7, "x": 0.823, "y": 0.823 },
					{ "time": 0.8, "x": 1.396, "y": 1.396, "curve": "stepped" },
					{ "time": 1.1666, "x": 1.396, "y": 1.396 }
				]
			},
			"bone46": {
				"rotate": [
					{ "time": 0, "angle": 0, "curve": "stepped" },
					{ "time": 0.5333, "angle": 0, "curve": "stepped" },
					{ "time": 1.1666, "angle": 0 }
				],
				"translate": [
					{ "time": 0, "x": 0, "y": 0 },
					{ "time": 0.5333, "x": -68.03, "y": -57.05, "curve": "stepped" },
					{ "time": 1.1666, "x": -68.03, "y": -57.05 }
				],
				"scale": [
					{ "time": 0, "x": 1, "y": 1 },
					{ "time": 0.5333, "x": 0.434, "y": 0.434 },
					{ "time": 0.6333, "x": 0.555, "y": 0.555 },
					{ "time": 0.7333, "x": 0.434, "y": 0.434 },
					{ "time": 0.8333, "x": 0.555, "y": 0.555 },
					{ "time": 0.9333, "x": 0.434, "y": 0.434 },
					{ "time": 1.0333, "x": 0.555, "y": 0.555 },
					{ "time": 1.1333, "x": 0.434, "y": 0.434, "curve": "stepped" },
					{ "time": 1.1666, "x": 0.434, "y": 0.434 }
				]
			},
			"bone47": {
				"rotate": [
					{ "time": 0, "angle": 0, "curve": "stepped" },
					{ "time": 1.1666, "angle": 0 }
				],
				"translate": [
					{ "time": 0, "x": 0, "y": 0 },
					{ "time": 0.4666, "x": -30.04, "y": -38.65, "curve": "stepped" },
					{ "time": 1.1666, "x": -30.04, "y": -38.65 }
				],
				"scale": [
					{ "time": 0, "x": 1, "y": 1 },
					{ "time": 0.4666, "x": 0.835, "y": 0.835 },
					{ "time": 0.6, "x": 0.496, "y": 0.496 },
					{ "time": 0.7333, "x": 0.835, "y": 0.835 },
					{ "time": 0.8666, "x": 0.496, "y": 0.496 },
					{ "time": 1, "x": 0.835, "y": 0.835 },
					{ "time": 1.1333, "x": 0.496, "y": 0.496, "curve": "stepped" },
					{ "time": 1.1666, "x": 0.496, "y": 0.496 }
				]
			},
			"bone48": {
				"rotate": [
					{ "time": 0, "angle": 0, "curve": "stepped" },
					{ "time": 0.4666, "angle": 0, "curve": "stepped" },
					{ "time": 1.1666, "angle": 0 }
				],
				"translate": [
					{ "time": 0, "x": 0, "y": 0 },
					{ "time": 0.4666, "x": -8.07, "y": -36.15, "curve": "stepped" },
					{ "time": 1.1666, "x": -8.07, "y": -36.15 }
				],
				"scale": [
					{ "time": 0, "x": 1, "y": 1 },
					{ "time": 0.4666, "x": 0.361, "y": 0.361 },
					{ "time": 0.6, "x": 0.876, "y": 0.876 },
					{ "time": 0.7333, "x": 0.361, "y": 0.361 },
					{ "time": 0.8666, "x": 0.876, "y": 0.876 },
					{ "time": 1, "x": 0.361, "y": 0.361 },
					{ "time": 1.1333, "x": 0.876, "y": 0.876, "curve": "stepped" },
					{ "time": 1.1666, "x": 0.876, "y": 0.876 }
				]
			},
			"bone49": {
				"rotate": [
					{ "time": 0, "angle": 0, "curve": "stepped" },
					{ "time": 0.5, "angle": 0, "curve": "stepped" },
					{ "time": 1.1666, "angle": 0 }
				],
				"translate": [
					{ "time": 0, "x": 0, "y": 0 },
					{ "time": 0.5, "x": 19.31, "y": -39.1, "curve": "stepped" },
					{ "time": 1.1666, "x": 19.31, "y": -39.1 }
				],
				"scale": [
					{ "time": 0, "x": 1, "y": 1 },
					{ "time": 0.5, "x": 0.699, "y": 0.699 },
					{ "time": 0.6333, "x": 0.927, "y": 0.927 },
					{ "time": 0.7666, "x": 0.699, "y": 0.699 },
					{ "time": 0.9, "x": 0.927, "y": 0.927 },
					{ "time": 1.0333, "x": 0.699, "y": 0.699 },
					{ "time": 1.1666, "x": 0.927, "y": 0.927 }
				]
			},
			"bone52": {
				"rotate": [
					{ "time": 0, "angle": 0, "curve": "stepped" },
					{ "time": 1.1666, "angle": 0 }
				],
				"translate": [
					{ "time": 0, "x": 0, "y": 0, "curve": "stepped" },
					{ "time": 1.1666, "x": 0, "y": 0 }
				],
				"scale": [
					{ "time": 0, "x": 1, "y": 1, "curve": "stepped" },
					{ "time": 1.1666, "x": 1, "y": 1 }
				]
			},
			"bone53": {
				"rotate": [
					{ "time": 0, "angle": 0, "curve": "stepped" },
					{ "time": 1.1666, "angle": 0 }
				],
				"translate": [
					{ "time": 0, "x": 0, "y": 0, "curve": "stepped" },
					{ "time": 1.1666, "x": 0, "y": 0 }
				],
				"scale": [
					{ "time": 0, "x": 1, "y": 1, "curve": "stepped" },
					{ "time": 1.1666, "x": 1, "y": 1 }
				]
			}
		},
		"ffd": {
			"default": {
				"toufa3": {
					"toufa": [
						{ "time": 0, "curve": "stepped" },
						{ "time": 1.1666 }
					]
				},
				"toufa4": {
					"toufa2": [
						{ "time": 0, "curve": "stepped" },
						{ "time": 1.1666 }
					]
				},
				"toufahou5": {
					"toufahou": [
						{ "time": 0, "curve": "stepped" },
						{ "time": 1.1666 }
					]
				},
				"toufahou6": {
					"toufahou4": [
						{ "time": 0, "curve": "stepped" },
						{ "time": 1.1666 }
					]
				},
				"tui": {
					"tui": [
						{ "time": 0, "curve": "stepped" },
						{ "time": 1.1666 }
					]
				},
				"tui3": {
					"tui2": [
						{ "time": 0, "curve": "stepped" },
						{ "time": 1.1666 }
					]
				},
				"zuoyanzheng4": {
					"zuoyanzheng": [
						{ "time": 0, "curve": "stepped" },
						{ "time": 1.1666 }
					]
				}
			}
		},
		"drawOrder": [
			{ "time": 0 },
			{ "time": 1.1666 }
		]
	}
}
}