{
"skeleton": { "hash": "YMzZLnlaY15LsfXAnj0ZtWnqDpo", "spine": "2.1.27", "width": 381.62, "height": 131.98, "images": "" },
"bones": [
	{ "name": "root" },
	{ "name": "bone", "parent": "root", "length": 35.95, "x": 0.11, "y": -0.12, "rotation": 90 },
	{ "name": "bone30", "parent": "root", "x": -240.8, "y": 99.05 },
	{ "name": "bone31", "parent": "root", "x": -106.64, "y": 101.8 },
	{ "name": "bone2", "parent": "bone", "length": 59.19, "x": 35.95, "rotation": -0.45 },
	{ "name": "bone20", "parent": "bone30", "length": 17.75, "x": -46.31, "y": -81.15, "rotation": 4.05 },
	{ "name": "bone22", "parent": "bone", "length": 26.98, "x": 41.15, "y": 44.48, "rotation": 72.1 },
	{ "name": "bone23", "parent": "bone", "length": 26.67, "x": 41.15, "y": -42.82, "rotation": -72.8 },
	{ "name": "bone32", "parent": "bone31", "length": 17.75, "x": 1.99, "y": -46.13, "rotation": 4.05 },
	{ "name": "bone10", "parent": "bone2", "length": 15.53, "x": -3.65, "y": 3.5, "rotation": 118.35 },
	{ "name": "bone11", "parent": "bone2", "length": 16.84, "x": -3.75, "y": -3.85, "rotation": -113.79 },
	{ "name": "bone12", "parent": "bone2", "length": 19.53, "x": 16.52, "y": -0.08 },
	{ "name": "bone13", "parent": "bone2", "length": 16.17, "x": 8.54, "y": -0.15, "rotation": -178.19 },
	{ "name": "bone14", "parent": "bone2", "length": 21, "x": 47.29, "y": -5.99, "rotation": -62.53 },
	{ "name": "bone15", "parent": "bone2", "length": 22.17, "x": 47.41, "y": 5.25, "rotation": 63.25 },
	{ "name": "bone16", "parent": "bone2", "length": 17.62, "x": 33.14, "y": -6.51, "rotation": -89.09 },
	{ "name": "bone17", "parent": "bone2", "length": 17.62, "x": 33.98, "y": 6.28, "rotation": 95.39 },
	{ "name": "bone18", "parent": "bone23", "length": 39.49, "x": 3.46, "y": 10.13, "rotation": 65.08 },
	{ "name": "bone19", "parent": "bone22", "length": 41.51, "x": -0.22, "y": -8.48, "rotation": -61.83 },
	{ "name": "bone21", "parent": "bone20", "length": 22.27, "x": 2.7, "y": 1.74, "rotation": 90 },
	{ "name": "bone28", "parent": "bone20", "length": 7.12, "x": -5.77, "y": -3.37, "rotation": -119.74 },
	{ "name": "bone29", "parent": "bone20", "length": 8.73, "x": 6.69, "y": -3.01, "rotation": -88.64 },
	{ "name": "bone3", "parent": "bone2", "length": 26.57, "x": 59.19, "rotation": 0.9 },
	{ "name": "bone33", "parent": "bone32", "length": 22.27, "x": 2.7, "y": 1.74, "rotation": 90 },
	{ "name": "bone38", "parent": "bone32", "length": 7.12, "x": -5.77, "y": -3.37, "rotation": -119.74 },
	{ "name": "bone39", "parent": "bone32", "length": 8.73, "x": 6.69, "y": -3.01, "rotation": -88.64 },
	{ "name": "bone4", "parent": "bone2", "length": 20.77, "x": 40.18, "y": 27.52, "rotation": 162.1 },
	{ "name": "bone7", "parent": "bone2", "length": 24.5, "x": 42.81, "y": -26.05, "rotation": -162.1 },
	{ "name": "bone24", "parent": "bone21", "length": 29.15, "x": 22.59, "y": 0.01, "rotation": 2.25 },
	{ "name": "bone34", "parent": "bone33", "length": 29.15, "x": 22.59, "y": 0.01, "rotation": 2.25 },
	{ "name": "bone5", "parent": "bone4", "length": 19.08, "x": 20.74, "y": -0.23, "rotation": 20.05 },
	{ "name": "bone8", "parent": "bone7", "length": 18.42, "x": 24.5, "y": 0.1, "rotation": -16.65 },
	{ "name": "bone25", "parent": "bone24", "length": 14.16, "x": 29.15, "y": 0.01, "rotation": -6.34 },
	{ "name": "bone26", "parent": "bone24", "length": 13.47, "x": 0.06, "y": 12.77, "rotation": 41.15 },
	{ "name": "bone27", "parent": "bone24", "length": 9.8, "x": -0.72, "y": -13.17, "rotation": -52.34 },
	{ "name": "bone35", "parent": "bone34", "length": 14.16, "x": 29.15, "y": 0.01, "rotation": -6.34 },
	{ "name": "bone36", "parent": "bone34", "length": 13.47, "x": 0.06, "y": 12.77, "rotation": 41.15 },
	{ "name": "bone37", "parent": "bone34", "length": 9.8, "x": -0.72, "y": -13.17, "rotation": -52.34 },
	{ "name": "bone6", "parent": "bone5", "length": 11.96, "x": 19.36, "y": 0.05, "rotation": 37.37 },
	{ "name": "bone9", "parent": "bone8", "length": 12.06, "x": 18.42, "rotation": -37.93 }
],
"slots": [
	{ "name": "shenti2", "bone": "bone", "attachment": "shenti" },
	{ "name": "bone2", "bone": "bone2", "attachment": "tou" },
	{ "name": "toufa3", "bone": "bone4", "attachment": "toufa" },
	{ "name": "touguan", "bone": "bone3", "attachment": "touguan" },
	{ "name": "huzi2", "bone": "bone16", "attachment": "huzi" },
	{ "name": "zui2", "bone": "bone12", "attachment": "zui" },
	{ "name": "bizi2", "bone": "bone2", "attachment": "bizi" },
	{ "name": "yanjing", "bone": "bone2", "attachment": "yanjing" },
	{ "name": "meimao2", "bone": "bone14", "attachment": "meimao" },
	{ "name": "ji1", "bone": "root", "attachment": "ji1" },
	{ "name": "ji2", "bone": "root", "attachment": "ji2" },
	{ "name": "shou2", "bone": "bone22", "attachment": "shou2" },
	{ "name": "shou1", "bone": "bone23", "attachment": "shou1" },
	{ "name": "beizhuaqianhen", "bone": "bone21", "attachment": "jishen" },
	{ "name": "beizhuaqianhen2", "bone": "bone33" },
	{ "name": "beizhuaqianyinmg", "bone": "bone25", "attachment": "beizhuaqianyinmg" },
	{ "name": "beizhuaqianyinmg2", "bone": "bone35" },
	{ "name": "beizhuaqianjiguan", "bone": "bone25", "attachment": "beizhuaqianjiguan" },
	{ "name": "beizhuaqianjiguan2", "bone": "bone35" },
	{ "name": "beizhuaqianjiyan", "bone": "bone25", "attachment": "beizhuaqianjiyan" },
	{ "name": "beizhuaqianjiyan2", "bone": "bone35" },
	{ "name": "beizhuaqianjizui", "bone": "bone25", "attachment": "beizhuaqianjizui" },
	{ "name": "beizhuaqianjizui2", "bone": "bone35" },
	{ "name": "shoukai", "bone": "bone30" },
	{ "name": "shoukai1", "bone": "bone31" }
],
"skins": {
	"default": {
		"beizhuaqianhen": {
			"beizhuaqianhen": {
				"type": "skinnedmesh",
				"uvs": [ 0.68183, 0.24954, 0.68238, 0.32375, 0.68276, 0.37493, 0.6832, 0.4347, 0.72327, 0.40887, 0.88963, 0.3016, 1, 0.3141, 1, 0.55336, 0.88272, 0.6075, 0.84235, 0.62614, 0.84971, 0.70389, 0.79061, 0.84357, 0.81584, 1, 0, 1, 0, 0.92349, 0.24012, 0.83673, 0.1623, 0.74177, 0.18362, 0.62242, 0.1306, 0.61105, 0, 0.58304, 0, 0.34026, 0.13663, 0.30503, 0.24027, 0.39742, 0.27815, 0.4312, 0.28422, 0.3713, 0.28892, 0.32487, 0.29478, 0.26709, 0.18403, 0, 0.76695, 0, 0.74422, 0.5081, 0.24174, 0.50484 ],
				"triangles": [ 26, 0, 1, 28, 26, 27, 0, 26, 28, 25, 26, 1, 24, 25, 2, 30, 22, 23, 3, 4, 29, 17, 18, 30, 9, 29, 8, 15, 17, 30, 16, 17, 15, 10, 11, 29, 10, 29, 9, 13, 14, 15, 29, 30, 3, 11, 15, 29, 24, 2, 3, 23, 24, 3, 30, 23, 3, 29, 15, 30, 12, 15, 11, 13, 15, 12, 25, 1, 2, 20, 30, 19, 22, 20, 21, 30, 20, 22, 18, 19, 30, 29, 4, 5, 5, 6, 7, 29, 5, 7, 8, 29, 7 ],
				"vertices": [ 1, 32, -4.67, -12.12, 1, 2, 19, 39.75999, -10.16, 0.43, 32, -11.12, -12.16, 0.57, 1, 19, 35.32, -9.85999, 1, 1, 19, 30.13, -9.52, 1, 2, 34, 5.16, 8.51, 0.57, 19, 32.23, -11.67, 0.43, 1, 34, 17.62, 9.46, 1, 1, 34, 20.84, 4.84, 1, 1, 34, 6.4, -10.14, 1, 2, 34, -1.08, -9.46, 0.57, 19, 14.43, -18.41, 0.43, 1, 19, 12.96, -16.28, 1, 1, 19, 6.18, -16.18, 1, 1, 19, -5.72, -12.37, 1, 1, 19, -19.39, -12.68, 1, 1, 19, -16.52, 28.01, 1, 1, 19, -9.88, 27.54, 1, 1, 19, -3.19, 15.03, 1, 1, 19, 5.31, 18.33, 1, 1, 19, 15.59, 16.54, 1, 2, 33, 0.44, 8.3, 0.71, 19, 16.77, 19.11, 0.29, 1, 33, 6.9, 10.92, 1, 1, 33, 21.18, -4.63, 1, 1, 33, 18.21999, -11.5, 1, 2, 33, 8.97, -9.09, 0.71, 19, 34.91999, 12.34, 0.29, 1, 19, 31.86, 10.65, 1, 1, 19, 37.03, 9.97999, 1, 2, 19, 41.05, 9.47, 0.43, 32, -11.24, 7.51, 0.57, 1, 32, -6.21, 7.22, 1, 1, 32, 17.01, 12.78, 1, 1, 32, 17.04, -16.36, 1, 1, 19, 23.54, -12.11, 1, 1, 19, 25.59, 12.92, 1 ],
				"hull": 29,
				"edges": [ 14, 12, 10, 12, 6, 8, 8, 10, 6, 58, 58, 18, 8, 58, 14, 16, 16, 18, 58, 16, 18, 20, 20, 22, 24, 26, 22, 24, 34, 32, 32, 30, 26, 28, 30, 28, 38, 40, 42, 40, 46, 44, 44, 42, 34, 60, 60, 46, 44, 60, 38, 36, 36, 34, 60, 36, 52, 54, 54, 56, 56, 0, 46, 48, 4, 6, 48, 4, 48, 50, 50, 52, 0, 2, 2, 4, 50, 2 ],
				"width": 50,
				"height": 87
			},
			"jishen": { "x": 24.79, "y": 0.02, "rotation": -94.05, "width": 46, "height": 86 }
		},
		"beizhuaqianhen2": {
			"beizhuaqianhen": {
				"type": "skinnedmesh",
				"uvs": [ 0.68183, 0.24954, 0.68241, 0.32851, 0.68285, 0.38718, 0.6832, 0.4347, 0.72327, 0.40887, 0.88963, 0.3016, 1, 0.3141, 1, 0.55336, 0.88272, 0.6075, 0.84235, 0.62614, 0.84971, 0.70389, 0.79061, 0.84357, 0.81584, 1, 0, 1, 0, 0.92349, 0.24012, 0.83673, 0.1623, 0.74177, 0.18362, 0.62242, 0.1306, 0.61105, 0, 0.58304, 0, 0.34026, 0.13663, 0.30503, 0.24027, 0.39742, 0.27815, 0.4312, 0.28202, 0.39298, 0.28767, 0.33727, 0.29478, 0.26709, 0.18403, 0, 0.76695, 0, 0.74422, 0.5081, 0.24174, 0.50484 ],
				"triangles": [ 28, 26, 27, 0, 26, 28, 26, 0, 1, 25, 26, 1, 25, 1, 2, 24, 25, 2, 24, 2, 3, 23, 24, 3, 30, 22, 23, 3, 4, 29, 17, 18, 30, 9, 29, 8, 15, 17, 30, 16, 17, 15, 10, 11, 29, 10, 29, 9, 13, 14, 15, 30, 23, 3, 3, 29, 30, 29, 15, 30, 11, 15, 29, 12, 13, 15, 12, 15, 11, 20, 30, 19, 22, 20, 21, 30, 20, 22, 18, 19, 30, 29, 4, 5, 5, 6, 7, 29, 5, 7, 8, 29, 7 ],
				"vertices": [ 1, 35, -4.67, -12.12, 1, 2, 23, 39.34999, -10.13, 0.48, 35, -11.54, -12.16, 0.52, 1, 23, 34.25, -9.79, 1, 1, 23, 30.13, -9.52, 1, 2, 37, 5.16, 8.51, 0.57, 23, 32.23, -11.67, 0.43, 1, 37, 17.62, 9.46, 1, 1, 37, 20.84, 4.84, 1, 1, 37, 6.4, -10.14, 1, 2, 37, -1.08, -9.46, 0.57, 23, 14.43, -18.41, 0.43, 1, 23, 12.96, -16.28, 1, 1, 23, 6.18, -16.18, 1, 1, 23, -5.72, -12.37, 1, 1, 23, -19.39, -12.68, 1, 1, 23, -16.52, 28.01, 1, 1, 23, -9.88, 27.54, 1, 1, 23, -3.19, 15.03, 1, 1, 23, 5.31, 18.33, 1, 1, 23, 15.59, 16.54, 1, 2, 36, 0.44, 8.3, 0.71, 23, 16.77, 19.11, 0.29, 1, 36, 6.9, 10.92, 1, 1, 36, 21.18, -4.63, 1, 1, 36, 18.21999, -11.5, 1, 2, 36, 8.97, -9.09, 0.71, 23, 34.91999, 12.34, 0.29, 1, 23, 31.86, 10.65, 1, 1, 23, 35.16, 10.22999, 1, 2, 23, 39.97, 9.6, 0.48, 35, -12.32, 7.57, 0.52, 1, 35, -6.21, 7.22, 1, 1, 35, 17.01, 12.78, 1, 1, 35, 17.04, -16.36, 1, 1, 23, 23.54, -12.11, 1, 1, 23, 25.59, 12.92, 1 ],
				"hull": 29,
				"edges": [ 14, 12, 10, 12, 6, 8, 8, 10, 6, 58, 58, 18, 8, 58, 14, 16, 16, 18, 58, 16, 18, 20, 20, 22, 24, 26, 22, 24, 34, 32, 32, 30, 26, 28, 30, 28, 38, 40, 42, 40, 46, 44, 44, 42, 34, 60, 60, 46, 44, 60, 38, 36, 36, 34, 60, 36, 52, 54, 54, 56, 56, 0, 50, 52, 0, 2, 50, 2, 46, 48, 48, 50, 2, 4, 4, 6, 48, 4 ],
				"width": 50,
				"height": 87
			},
			"jishen": { "x": 24.79, "y": 0.02, "rotation": -94.05, "width": 46, "height": 86 }
		},
		"beizhuaqianjiguan": {
			"beizhuaqianjiguan": { "x": 13.11, "y": -3.12, "rotation": -89.96, "width": 19, "height": 35 }
		},
		"beizhuaqianjiguan2": {
			"beizhuaqianjiguan": { "x": 13.11, "y": -3.12, "rotation": -89.96, "width": 19, "height": 35 }
		},
		"beizhuaqianjiyan": {
			"beizhuaqianjiyan": { "x": 11, "y": -2.03, "rotation": -89.96, "width": 16, "height": 14 }
		},
		"beizhuaqianjiyan2": {
			"beizhuaqianjiyan": { "x": 11, "y": -2.03, "rotation": -89.96, "width": 16, "height": 14 }
		},
		"beizhuaqianjizui": {
			"beizhuaqianjizui": { "x": 3.21, "y": 0.15, "rotation": -89.96, "width": 9, "height": 8 }
		},
		"beizhuaqianjizui2": {
			"beizhuaqianjizui": { "x": 3.21, "y": 0.15, "rotation": -89.96, "width": 9, "height": 8 }
		},
		"beizhuaqianyinmg": {
			"beizhuaqianyinmg": { "x": -10.27, "y": -4.01, "rotation": -89.96, "width": 24, "height": 54 }
		},
		"beizhuaqianyinmg2": {
			"beizhuaqianyinmg": { "x": -10.27, "y": -4.01, "rotation": -89.96, "width": 24, "height": 54 }
		},
		"bizi2": {
			"bizi": { "x": 35.9, "y": -0.37, "rotation": -89.54, "width": 18, "height": 14 }
		},
		"bone2": {
			"tou": {
				"type": "skinnedmesh",
				"uvs": [ 1, 0.47508, 1, 0.62428, 1, 0.76484, 0.95224, 0.87328, 0.85787, 0.95655, 0.67717, 1, 0.33649, 1, 0.15809, 0.96236, 0.06717, 0.88006, 0, 0.77259, 0, 0.63905, 0, 0.48104, 0, 0, 1, 0 ],
				"triangles": [ 9, 7, 8, 9, 10, 2, 4, 5, 2, 2, 5, 6, 3, 4, 2, 2, 6, 7, 7, 9, 2, 10, 1, 2, 12, 13, 0, 11, 0, 1, 10, 11, 1, 11, 12, 0 ],
				"vertices": [ 1, 4, 29.17, -26.43, 1, 1, 4, 19.77, -26.5, 1, 1, 12, -1.55, 26.48, 1, 1, 12, 5.21999, 23.79, 1, 1, 12, 10.34, 18.66, 1, 1, 12, 12.85, 9.03, 1, 1, 12, 12.43, -9.02, 1, 1, 12, 9.83, -18.41, 1, 1, 12, 4.54, -23.11, 1, 1, 12, -2.31, -26.51, 1, 1, 4, 18.43, 26.48, 1, 1, 4, 28.38, 26.56, 1, 1, 4, 58.69, 26.8, 1, 1, 4, 59.1, -26.19, 1 ],
				"hull": 14,
				"edges": [ 24, 26, 4, 18, 18, 16, 16, 14, 14, 12, 4, 6, 6, 8, 10, 12, 8, 10, 4, 2, 18, 20, 2, 20, 2, 0, 0, 26, 20, 22, 22, 24, 0, 22 ],
				"width": 53,
				"height": 63
			}
		},
		"huzi2": {
			"huzi": {
				"type": "skinnedmesh",
				"uvs": [ 1, 0.27754, 1, 0.73905, 0.86761, 1, 0.7404, 1, 0.62208, 1, 0.35821, 1, 0.2648, 1, 0.13162, 1, 0, 0.72541, 0, 0.2485, 0.11172, 0, 0.19914, 0, 0.26883, 0.18847, 0.35353, 0.12948, 0.50116, 0.23503, 0.62217, 0.15869, 0.72608, 0.24022, 0.78491, 0, 0.89891, 0, 0.49276, 0.90362 ],
				"triangles": [ 12, 8, 9, 10, 11, 12, 12, 9, 10, 13, 5, 12, 12, 6, 8, 5, 6, 12, 6, 7, 8, 13, 19, 5, 13, 14, 19, 16, 17, 18, 15, 19, 14, 15, 4, 19, 18, 0, 16, 1, 16, 0, 15, 16, 4, 16, 3, 4, 5, 19, 4, 1, 3, 16, 2, 3, 1 ],
				"vertices": [ 1, 15, 18.9, 3.05, 1, 1, 15, 18.85, -2.94, 1, 1, 15, 12.21, -6.28, 1, 2, 15, 5.85, -6.23, 0.98639, 16, -18.01, 8.71, 0.0136, 2, 15, -0.06, -6.19, 0.72149, 16, -12.12, 8.2, 0.2785, 2, 15, -13.25, -6.09, 0.32903, 16, 1.02, 7.07, 0.67096, 2, 15, -17.92, -6.05, 0.01889, 16, 5.67, 6.67, 0.9811, 2, 15, -24.58, -6, 5.6E-4, 16, 12.31, 6.09, 0.99942, 1, 16, 18.56, 1.97, 1, 1, 16, 18.02, -4.19, 1, 1, 16, 12.18, -6.93, 1, 1, 16, 7.82, -6.56, 1, 2, 15, -17.64, 4.48, 0.00181, 16, 4.56, -3.82, 0.99818, 2, 15, -13.4, 5.21999, 0.153, 16, 0.28, -4.21999, 0.84699, 2, 15, -6.03, 3.79, 0.50256, 16, -6.95, -2.21, 0.49742, 2, 15, 0.02, 4.73999, 0.86194, 16, -13.06, -2.68, 0.13805, 2, 15, 5.21, 3.64, 0.99238, 16, -18.15, -1.17999, 0.00761, 1, 15, 8.17, 6.74, 1, 1, 15, 13.87, 6.7, 1, 2, 15, -6.51, -4.89, 0.54597, 16, -5.78, 6.4, 0.45402 ],
				"hull": 19,
				"edges": [ 30, 8, 30, 28, 28, 26, 8, 10, 26, 10, 10, 38, 38, 8, 26, 24, 10, 12, 24, 12, 24, 22, 30, 32, 32, 34, 6, 8, 32, 6, 4, 6, 2, 4, 2, 0, 34, 36, 0, 36, 12, 14, 14, 16, 16, 18, 20, 22, 18, 20 ],
				"width": 50,
				"height": 13
			}
		},
		"ji1": {
			"ji1": {
				"type": "skinnedmesh",
				"uvs": [ 0.93412, 0, 0.99999, 0.11166, 0.99508, 0.21822, 0.83769, 0.29506, 0.77582, 0.38526, 0.77153, 0.45977, 0.82731, 0.52418, 0.9553, 0.5705, 0.96504, 0.75397, 0.73279, 0.97824, 1.0E-5, 0.96256, 0.08542, 0.78346, 0, 0.67059, 0, 0.63298, 0.07459, 0.54501, 0.17564, 0.48524, 0.24852, 0.38896, 0.19596, 0.27898, 0.28278, 0.17416, 0.31804, 0.06215, 0.76974, 0, 0.77413, 0, 0.4661, 0.50053, 0.49155, 0.4005, 0.55207, 0.29506, 0.61183, 0.20008, 0.46239, 0.56697 ],
				"triangles": [ 10, 11, 9, 11, 26, 9, 8, 6, 7, 8, 9, 6, 9, 26, 6, 12, 14, 11, 11, 14, 26, 12, 13, 14, 14, 15, 26, 26, 5, 6, 26, 22, 5, 26, 15, 22, 15, 16, 22, 22, 23, 5, 22, 16, 23, 5, 23, 4, 23, 24, 4, 23, 16, 24, 16, 17, 24, 4, 24, 3, 17, 18, 24, 24, 25, 3, 24, 18, 25, 3, 25, 2, 25, 21, 2, 2, 21, 1, 1, 21, 0, 25, 20, 21, 18, 19, 25, 25, 19, 20 ],
				"vertices": [ 1, 17, 42.11, -20.52, 1, 1, 17, 31.45, -25.03, 1, 1, 17, 20.86, -26.23, 1, 2, 17, 12.28, -20.09, 0.74, 7, 26.86, 12.8, 0.26, 2, 17, 2.96, -18.48, 0.49, 7, 21.48, 5.02, 0.51, 2, 17, -4.44, -19.29, 0.17, 7, 19.09, -2.03, 0.83, 1, 7, 19.62999, -8.93999, 1, 1, 7, 23.89, -15.1, 1, 1, 7, 18.89, -32.75999, 1, 1, 7, 2.06, -51.03, 1, 1, 7, -29.67, -39.57, 1, 1, 7, -20.62, -23.62, 1, 1, 7, -21.04, -11.67, 1, 1, 7, -19.93, -8.08, 1, 1, 7, -14.05, -0.69, 1, 2, 17, -10.65, 7.52, 0.17, 7, -7.84, 3.63, 0.83, 2, 17, -0.66, 5.49, 0.49, 7, -1.79, 11.84, 0.51, 2, 17, 9.89999, 9.37, 0.74, 7, -0.85, 23.06, 0.26, 1, 17, 20.83, 6.82, 1, 1, 17, 32.14, 6.72, 1, 1, 17, 41.09999, -13.03, 1, 1, 17, 41.12, -13.23, 1, 2, 17, -10.37, -5.92, 0.17, 7, 4.46, -1.77, 0.83, 2, 17, -0.3, -5.73, 0.49, 7, 8.53, 7.43, 0.51, 2, 17, 10.51, -7.07, 0.74, 7, 14.31, 16.68, 0.26, 1, 17, 20.29, -8.52, 1, 1, 7, 2.33, -8.06, 1 ],
				"hull": 22,
				"edges": [ 32, 34, 6, 8, 6, 4, 4, 2, 34, 36, 36, 38, 40, 42, 38, 40, 30, 32, 8, 10, 10, 12, 12, 14, 30, 28, 28, 26, 24, 26, 24, 22, 22, 20, 14, 16, 18, 20, 16, 18, 10, 44, 44, 30, 8, 46, 46, 32, 44, 46, 6, 48, 48, 34, 46, 48, 4, 50, 50, 36, 48, 50, 50, 42, 12, 52, 52, 28, 44, 52, 2, 0, 0, 42 ],
				"width": 46,
				"height": 100
			}
		},
		"ji2": {
			"ji2": {
				"type": "skinnedmesh",
				"uvs": [ 0.57511, 0.15996, 0.67448, 0.27302, 0.6935, 0.34222, 0.68973, 0.4059, 0.76286, 0.48984, 0.93092, 0.55959, 0.99829, 0.66281, 0.90908, 0.99999, 0.14486, 0.99137, 0, 0.67847, 0, 0.62011, 0.08314, 0.57072, 0.20039, 0.49128, 0.25755, 0.42098, 0.18485, 0.35153, 0.1471, 0.28291, 0.02937, 0.18971, 0, 0.038, 0.23186, 1.0E-5, 0.42589, 0, 0.41682, 0.56335, 0.42755, 0.48859, 0.41471, 0.4178, 0.40473, 0.34429, 0.3959, 0.2792, 0.36938, 0.17732 ],
				"triangles": [ 13, 23, 22, 13, 14, 23, 3, 22, 2, 2, 22, 23, 14, 24, 23, 14, 15, 24, 23, 1, 2, 23, 24, 1, 15, 25, 24, 15, 16, 25, 24, 0, 1, 24, 25, 0, 16, 18, 25, 16, 17, 18, 25, 19, 0, 25, 18, 19, 8, 20, 7, 7, 5, 6, 7, 20, 5, 9, 11, 8, 8, 11, 20, 9, 10, 11, 11, 12, 20, 20, 4, 5, 20, 21, 4, 20, 12, 21, 21, 13, 22, 21, 12, 13, 21, 3, 4, 21, 22, 3 ],
				"vertices": [ 1, 18, 24.32, -10.01, 1, 1, 18, 12.38, -12.49, 1, 2, 6, -8.35, -18.98, 0.14, 18, 5.41, -12.12, 0.86, 2, 6, -10.14, -12.87, 0.49, 18, -0.81, -10.81, 0.51, 2, 6, -15.92, -5.92, 0.8, 18, -9.67, -12.62, 0.2, 2, 6, -25.42, -1.65, 0.97225, 18, -17.91, -18.99, 0.02774, 2, 6, -31.54, 7.21, 0.99824, 18, -28.62, -20.19, 0.00175, 1, 6, -38, 40.55, 1, 1, 6, -4.28, 50.54, 1, 1, 6, 11.67, 22.81, 1, 1, 6, 13.46, 17.25, 1, 1, 6, 11.34, 11.38, 1, 2, 6, 8.64999, 2.16, 0.8, 18, -5.19999, 12.85, 0.2, 2, 6, 8.31, -5.33, 0.49, 18, 1.24, 9.01, 0.51, 2, 6, 13.62, -10.91, 0.14, 18, 8.67, 11.06, 0.86, 1, 18, 15.73, 11.55, 1, 1, 18, 25.87, 15.21, 1, 1, 18, 41.04, 13.84, 1, 1, 18, 42.87, 2.67, 1, 1, 18, 41.28, -6.11, 1, 1, 6, -3.03, 5.96, 1, 2, 6, -1.2, -1.29, 0.8, 18, -6.8, 2.52, 0.2, 2, 6, 1.52, -7.85, 0.49, 18, 0.26, 1.84, 0.51, 2, 6, 4.21999, -14.7, 0.14, 18, 7.58, 0.98, 0.86, 1, 18, 14.06, 0.22, 1, 1, 18, 24.3, -0.39, 1 ],
				"hull": 20,
				"edges": [ 26, 28, 4, 6, 4, 2, 2, 0, 0, 38, 30, 28, 30, 32, 32, 34, 36, 38, 34, 36, 6, 8, 24, 26, 8, 10, 22, 24, 14, 12, 10, 12, 22, 20, 18, 20, 14, 16, 18, 16, 10, 40, 40, 22, 8, 42, 42, 24, 40, 42, 6, 44, 44, 26, 42, 44, 4, 46, 46, 28, 44, 46, 2, 48, 48, 30, 46, 48, 0, 50, 50, 32, 48, 50, 50, 36 ],
				"width": 46,
				"height": 100
			}
		},
		"meimao2": {
			"meimao": {
				"type": "skinnedmesh",
				"uvs": [ 1, 1, 0.55544, 1, 0.44779, 1, 0, 1, 0, 0, 0.46582, 0, 0.55968, 0, 1, 0 ],
				"triangles": [ 5, 2, 4, 2, 3, 4, 2, 5, 1, 1, 6, 0, 6, 7, 0, 1, 5, 6 ],
				"vertices": [ 1, 13, 16.12, -10.84, 1, 1, 13, -3.67, -0.75, 1, 1, 14, -3.77, 0.92, 1, 1, 14, 16.12, 11.15, 1, 1, 14, 22.98, -2.17, 1, 1, 14, 2.27, -12.82, 1, 1, 13, 3.31, 12.51, 1, 1, 13, 22.93, 2.51, 1 ],
				"hull": 8,
				"edges": [ 6, 8, 0, 14, 12, 14, 0, 2, 12, 2, 8, 10, 10, 12, 2, 4, 4, 6, 10, 4 ],
				"width": 50,
				"height": 15
			}
		},
		"shenti2": {
			"shenti": { "x": 21.35, "y": -0.16, "rotation": -90, "width": 97, "height": 45 }
		},
		"shou1": {
			"shou1": { "x": 3.12, "y": 0.99, "rotation": -17.19, "width": 29, "height": 25 }
		},
		"shou2": {
			"shou2": { "x": 1.09, "y": -1.27, "rotation": -162.1, "width": 30, "height": 25 }
		},
		"shoukai": {
			"shou3": { "path": "shou2", "x": -1.12, "y": 3.29, "width": 30, "height": 25 },
			"shoukai": { "x": 0.76, "y": 1.25, "width": 40, "height": 27 }
		},
		"shoukai1": {
			"shou2": { "path": "shou1", "x": -1.31, "y": 0.45, "width": 29, "height": 25 },
			"shoukai1": { "x": -1.01, "y": 1.49, "width": 39, "height": 27 }
		},
		"toufa3": {
			"toufa": {
				"type": "skinnedmesh",
				"uvs": [ 0.7975, 0.07745, 0.8174, 0.19313, 0.862, 0.2925, 0.9442, 0.40025, 0.95779, 0.50894, 0.96491, 0.60312, 1, 0.70662, 0.97328, 0.82982, 0.92349, 0.89509, 0.85022, 0.93519, 0.62929, 1, 0.60249, 1, 0.41626, 1, 0.36895, 1, 0.15992, 0.93359, 0.08834, 0.90565, 0.0348, 0.83332, 0.00966, 0.73663, 0.03684, 0.61199, 0.04088, 0.50273, 0.05083, 0.41524, 0.11866, 0.32887, 0.16857, 0.23233, 0.19004, 0.14403, 0.2317, 0, 0.27878, 0, 0.36113, 0, 0.65647, 0, 0.69597, 0, 0.74212, 0, 0.44774, 0.72375, 0.54349, 0.7201, 0.57466, 0.77994, 0.50307, 0.90079, 0.43585, 0.77863, 0.62207, 0.78083, 0.53084, 0.9592, 0.67517, 0.77812, 0.70816, 0.84029, 0.71125, 0.92272, 0.67053, 0.9815, 0.472, 0.9535, 0.39471, 0.77913, 0.33793, 0.77775, 0.29534, 0.82324, 0.28955, 0.91973, 0.32636, 0.97831, 0.27739, 0.67575, 0.31182, 0.7266, 0.29543, 0.79536, 0.27029, 0.86841, 0.22494, 0.91926, 0.25718, 0.62347, 0.25456, 0.50737, 0.25153, 0.56365, 0.26693, 0.41334, 0.27614, 0.3276, 0.27323, 0.23423, 0.27716, 0.14232, 0.19594, 0.81945, 0.15789, 0.75337, 0.13923, 0.67739, 0.13892, 0.589, 0.1409, 0.5049, 0.15846, 0.4143, 0.19816, 0.32823, 0.22238, 0.23331, 0.23301, 0.14318, 0.70155, 0.69089, 0.76202, 0.91001, 0.72147, 0.84754, 0.69515, 0.76362, 0.73649, 0.64698, 0.74653, 0.52946, 0.75028, 0.58752, 0.73308, 0.42746, 0.72616, 0.30611, 0.72482, 0.20107, 0.72482, 0.11034, 0.81151, 0.83061, 0.83651, 0.75989, 0.85735, 0.67433, 0.86513, 0.59587, 0.86051, 0.51839, 0.82685, 0.41537, 0.77992, 0.30073, 0.76527, 0.1976, 0.75459, 0.09686, 0.63646, 0.8963, 0.57719, 0.86858, 0.53793, 0.84194, 0.49929, 0.72178, 0.37698, 0.88855, 0.43226, 0.86386, 0.45915, 0.82097 ],
				"triangles": [ 66, 23, 67, 87, 0, 1, 86, 87, 1, 22, 23, 66, 57, 67, 58, 66, 67, 57, 77, 78, 86, 27, 78, 77, 58, 67, 25, 23, 24, 67, 87, 29, 0, 78, 28, 87, 58, 26, 77, 31, 68, 35, 48, 30, 42, 35, 32, 31, 34, 42, 30, 94, 34, 91, 91, 34, 30, 91, 30, 52, 31, 91, 52, 32, 91, 31, 32, 90, 91, 94, 91, 90, 28, 29, 87, 27, 28, 78, 26, 27, 77, 25, 67, 24, 58, 25, 26, 77, 57, 58, 78, 87, 86, 42, 43, 48, 44, 49, 43, 94, 93, 42, 94, 42, 34, 92, 43, 42, 92, 42, 93, 44, 43, 92, 93, 94, 33, 92, 45, 44, 41, 93, 33, 92, 93, 41, 46, 45, 92, 13, 46, 92, 92, 12, 13, 51, 45, 46, 14, 46, 13, 41, 12, 92, 12, 41, 36, 45, 50, 44, 68, 37, 35, 37, 71, 38, 89, 32, 35, 90, 32, 89, 37, 38, 88, 37, 88, 35, 89, 35, 88, 33, 94, 90, 33, 90, 89, 39, 38, 70, 88, 38, 39, 36, 33, 89, 41, 33, 36, 40, 88, 39, 88, 36, 89, 10, 11, 88, 11, 36, 88, 11, 12, 36, 40, 10, 88, 40, 39, 69, 10, 40, 9, 71, 37, 68, 71, 68, 80, 79, 71, 80, 79, 80, 7, 79, 70, 71, 8, 79, 7, 69, 70, 79, 9, 79, 8, 69, 79, 9, 40, 69, 9, 70, 38, 71, 39, 70, 69, 73, 68, 31, 7, 80, 6, 68, 72, 80, 6, 80, 81, 74, 68, 73, 74, 72, 68, 80, 72, 81, 74, 73, 83, 82, 83, 4, 74, 83, 82, 82, 4, 5, 81, 74, 82, 72, 74, 81, 81, 82, 5, 6, 81, 5, 75, 56, 76, 57, 77, 76, 73, 53, 75, 85, 86, 1, 85, 1, 2, 85, 76, 77, 85, 77, 86, 84, 85, 2, 84, 2, 3, 75, 76, 85, 75, 85, 84, 83, 84, 3, 4, 83, 3, 73, 75, 84, 73, 84, 83, 48, 60, 47, 48, 59, 60, 49, 59, 48, 49, 50, 59, 16, 60, 59, 44, 50, 49, 15, 16, 59, 51, 59, 50, 14, 15, 59, 51, 50, 45, 51, 14, 59, 14, 51, 46, 49, 48, 43, 48, 47, 30, 53, 73, 54, 54, 63, 53, 62, 19, 63, 62, 63, 54, 18, 19, 62, 52, 54, 73, 62, 54, 52, 30, 47, 52, 61, 62, 52, 61, 52, 47, 18, 62, 61, 17, 18, 61, 60, 61, 47, 17, 61, 60, 16, 17, 60, 31, 52, 73, 76, 56, 57, 65, 22, 66, 56, 65, 66, 56, 66, 57, 21, 22, 65, 55, 65, 56, 64, 21, 65, 64, 65, 55, 20, 21, 64, 63, 20, 64, 19, 20, 63, 53, 64, 55, 63, 64, 53, 55, 75, 53, 75, 55, 56 ],
				"vertices": [ 2, 27, -8.33, 5.37, 0.20999, 4, 52.39, -28.6, 0.79, 2, 27, 0.41, 4.64, 0.5, 4, 43.85, -30.6, 0.5, 3, 27, 8.72, 6.57, 0.772, 31, -16.96999, 1.66, 0.028, 4, 36.53, -34.98, 0.2, 2, 27, 18.71999, 11.78, 0.8045, 31, -8.89, 9.53, 0.19549, 2, 27, 26.79, 10.63, 0.476, 31, -0.82, 10.74, 0.524, 3, 27, 33.64, 9.2, 0.167, 31, 6.14, 11.33, 0.803, 39, -16.65, 1.4, 0.03, 3, 27, 41.97, 10.14999, 0.0275, 31, 13.85, 14.63, 0.796, 39, -12.59, 8.72999, 0.1765, 2, 31, 22.93, 11.92, 0.508, 39, -3.76, 12.17, 0.492, 2, 31, 27.69, 7.02, 0.1984, 39, 3, 11.23, 0.8016, 2, 31, 30.56, -0.12, 0.04727, 39, 9.64999, 7.36, 0.95272, 2, 10, 13.14, -7.58, 0.99399, 9, -8.51, 18.61, 0.006, 2, 10, 10.77, -8.64999, 0.78743, 9, -6.21, 17.4, 0.21256, 2, 10, -5.7, -16.06, 0.28491, 9, 9.74, 8.93999, 0.71508, 2, 10, -9.88, -17.95, 0.03856, 9, 13.8, 6.8, 0.96143, 2, 30, 31.98, 0.18, 0.07103, 38, 10.10999, -7.56, 0.92895, 2, 30, 29.71, -6.69, 0.17706, 38, 4.13, -11.64, 0.82293, 2, 30, 24.21, -11.72, 0.48515, 38, -3.29, -12.3, 0.51484, 3, 26, 41.48, -7.52, 0.01308, 30, 16.98, -13.95, 0.79552, 38, -10.38, -9.68, 0.19138, 3, 26, 31.9, -7.92, 0.11025, 30, 7.84, -11.04, 0.82456, 38, -15.88, -1.82, 0.06518, 3, 26, 24.1, -10.09, 0.41121, 30, -0.22, -10.41, 0.58442, 38, -21.91, 3.57, 0.00435, 2, 26, 17.65, -11.21, 0.77247, 30, -6.66, -9.25, 0.22752, 3, 26, 9.51, -6.97, 0.74023, 30, -12.86, -2.48, 0.05976, 4, 33.27, 37.09, 0.2, 3, 26, 1.21, -4.63, 0.49966, 30, -19.85, 2.56, 3.3E-4, 4, 40.45, 32.3, 0.5, 2, 26, -5.64, -4.69999, 0.20999, 4, 47, 30.27, 0.79, 1, 4, 57.69, 26.31, 1, 1, 4, 57.73, 21.75, 1, 1, 4, 57.79, 13.76, 1, 1, 4, 58.01, -14.88, 1, 1, 4, 58.05, -18.70999, 1, 1, 4, 58.08, -23.19, 1, 5, 26, 27.21, 32.50999, 0.00906, 27, 27.13, -41.33, 0.00807, 10, -11.3, 3.83, 0.04835, 9, -2.51, -7.68, 0.15449, 4, 4.3, 4.94, 0.78, 5, 26, 24.03, 41.24, 0.00633, 27, 29.65, -32.39, 0.00923, 10, -2.94, 7.88, 0.16328, 9, -10.84, -3.58, 0.04113, 4, 4.64, -4.34, 0.78, 5, 26, 27.28, 45.5, 0.0054, 27, 34.78, -30.83, 0.01346, 10, 1.62, 5.09, 0.42915, 9, -11.44, 1.74, 0.02196, 4, 0.24, -7.4, 0.52999, 2, 10, -1.03, -5.91, 0.55333, 9, -1.12, 6.4, 0.44666, 5, 26, 31.43, 32.68999, 0.01156, 27, 30.66, -43.65, 0.00707, 10, -10.69, -0.34, 0.02418, 9, 0.4, -4.63, 0.42717, 4, 0.23, 6.06, 0.52999, 5, 26, 25.9, 49.89, 0.00534, 27, 36.22, -26.46, 0.02084, 10, 5.85, 6.91, 0.77865, 9, -15.48, 3.95, 0.01514, 4, 0.21, -12, 0.18, 2, 10, 3.19, -8.75, 0.84798, 9, -1.48, 11.48, 0.152, 4, 26, 24.09, 54.72, 0.00637, 27, 37.58, -21.49, 0.02576, 10, 10.46, 9.21, 0.95605, 9, -20.12, 6.18, 0.01179, 4, 26, 27.45, 59.2, 0.00274, 27, 42.93, -19.81, 0.01485, 10, 15.27, 6.33, 0.98005, 9, -20.79999, 11.75, 0.00233, 3, 26, 33.14, 61.4, 1.0E-4, 27, 48.84, -21.35, 7.6E-4, 10, 18.04, 0.89, 0.99912, 1, 10, 16.23, -4.69, 1, 2, 10, -2.18, -10.7, 0.27973, 9, 3.36, 8.43, 0.72026, 5, 26, 32.72, 28.92, 0.01876, 27, 29.5, -47.47, 0.00947, 10, -14.31, -2.01, 0.0477, 9, 3.95, -6.47, 0.74405, 4, 0.16, 10.05, 0.18, 4, 26, 34.34999, 23.66, 0.01692, 27, 27.75, -52.69, 0.00644, 10, -19.37999, -4.17999, 0.00424, 9, 8.77, -9.14, 0.97238, 3, 26, 38.84999, 20.79, 0.01254, 27, 29.72, -57.64, 0.00384, 9, 13.99, -8.09, 0.98361, 3, 26, 45.8, 22.51, 8.4E-4, 27, 36.37, -60.32, 2.0E-4, 9, 17.83, -2.05, 0.99895, 4, 26, 48.79, 27.26, 4.0E-5, 27, 41.57, -58.21, 0, 10, -14.31, -18.18, 0.00447, 9, 16.7, 3.45, 0.99546, 3, 26, 29.03, 15.71, 0.08374, 30, 13.25, 12.14, 0.60899, 38, 2.48, 13.31, 0.30725, 3, 26, 31.56, 20.06, 0.06586, 30, 17.11, 15.36, 0.28008, 38, 7.51, 13.53, 0.65405, 3, 26, 36.89, 20.15, 0.05561, 30, 22.15, 13.62, 0.23716, 38, 10.45, 9.08, 0.70721, 3, 26, 42.78, 19.54, 0.01236, 30, 27.48, 11.02, 0.09141, 38, 13.11, 3.78, 0.89621, 3, 26, 47.74, 16.54999, 7.0E-4, 30, 31.11, 6.51, 0.012, 38, 13.26, -1.99, 0.98729, 3, 26, 25.98, 12.63, 0.07356, 30, 9.32, 10.29, 0.83864, 38, -1.75, 14.22, 0.08778, 3, 26, 17.9, 9.68999, 0.70699, 30, 0.73, 10.29, 0.29003, 38, -8.58, 19.44, 0.00296, 3, 26, 21.95, 10.72, 0.15829, 30, 4.88, 9.87, 0.81679, 38, -5.53, 16.59, 0.02491, 3, 26, 10.92, 8.64, 0.91564, 30, -6.18, 11.7, 0.08211, 38, -13.22, 24.76, 0.00224, 3, 26, 4.62, 7.49, 0.78989, 30, -12.5, 12.78, 0.01009, 4, 33.48, 21.81, 0.2, 3, 26, -1.84, 5.05, 0.49832, 30, -19.41, 12.7, 0.00167, 4, 40.39, 22.15, 0.5, 2, 26, -8.42, 3.27, 0.20999, 4, 47.19, 21.82, 0.79, 3, 26, 41.61, 11.55, 0.01429, 30, 23.64, 3.92, 0.19678, 38, 5.75, 0.47, 0.78891, 3, 26, 38.13, 6.51, 0.02022, 30, 18.65, 0.38, 0.51427, 38, -0.36, 0.69, 0.46549, 3, 26, 33.37, 3.02, 0.01913, 30, 12.97, -1.25, 0.81756, 38, -5.86, 2.82, 0.16328, 3, 26, 27.17, 0.94, 0.17461, 30, 6.43, -1.09, 0.81255, 38, -10.96, 6.92, 0.01283, 3, 26, 21.2, -0.83, 0.50646, 30, 0.22, -0.71, 0.49187, 38, -15.67, 11, 0.00166, 2, 26, 14.3, -1.32, 0.83049, 30, -6.42, 1.17999, 0.1695, 3, 26, 7.04, 0.32, 0.79753, 30, -12.67, 5.21999, 0.00246, 4, 33.38, 29.38, 0.2, 2, 26, -0.36, 0.34, 0.5, 4, 40.41999, 27.08, 0.5, 2, 26, -7.01, -0.77, 0.20999, 4, 47.1, 26.1, 0.79, 2, 31, 12.29, -14.29, 0.508, 39, 3.94, -15.04, 0.492, 2, 31, 28.58, -8.64999, 0.02773, 39, 13.33, -0.58, 0.97226, 2, 31, 23.91, -12.52, 0.04333, 39, 12.02, -6.51, 0.95666, 2, 31, 17.66, -14.98, 0.18599, 39, 8.60999, -12.29, 0.814, 3, 27, 30.1, -12.9, 0.0275, 31, 9.09, -10.86, 0.796, 39, -0.69, -14.3, 0.1765, 2, 27, 22.09, -9.37, 0.476, 31, 0.4, -9.77, 0.524, 3, 27, 26.3, -10.31, 0.167, 31, 4.71, -9.46, 0.803, 39, -5, -15.89, 0.03, 2, 27, 14.5, -8.35, 0.8045, 31, -7.15, -10.97, 0.19549, 3, 27, 5.73, -6.3, 0.772, 31, -16.14, -11.52, 0.028, 4, 35.41999, -21.82, 0.2, 2, 27, -1.71, -4.09, 0.5, 4, 43.19, -21.62, 0.5, 3, 26, -24.33, 43.74, 0.01312, 27, -8.12, -2.08, 0.19687, 4, 49.9, -21.57, 0.79, 2, 31, 22.77, -3.77, 0.17519, 39, 5.75, -0.3, 0.8248, 2, 31, 17.57, -1.27, 0.50799, 39, 0.11, -1.52, 0.492, 3, 27, 35.55, -2.32, 0.0176, 31, 11.27, 0.83, 0.8176, 39, -6.15, -3.73, 0.1648, 3, 27, 30.23, 0.13, 0.1544, 31, 5.48, 1.66, 0.8264, 39, -11.23, -6.63, 0.0192, 2, 27, 24.63, 1.42, 0.476, 31, -0.25, 1.29, 0.524, 2, 27, 16.37, 0.58999, 0.8144, 31, -7.92, -1.86, 0.18559, 3, 27, 6.91, -1.2, 0.78208, 31, -16.46999, -6.3, 0.01792, 4, 35.86, -27.03, 0.2, 2, 27, -0.78, -0.27, 0.5, 4, 43.48, -25.55, 0.5, 2, 27, -8.21, 0.96, 0.20999, 4, 50.92, -24.45, 0.79, 4, 26, 33.57, 53.9, 0.00131, 27, 44.8, -27.69, 0.00695, 10, 10.63, -0.3, 0.98096, 9, -12.71, 12.15, 0.01077, 4, 26, 33.43, 47.8, 0.00291, 27, 41.12, -32.56, 0.00993, 10, 4.54, -0.79, 0.94506, 9, -8.59, 7.65, 0.04209, 5, 26, 32.75999, 43.57, 0.00965, 27, 38.09, -35.59999, 0.01189, 10, 0.26, -0.55, 0.68404, 9, -6.15, 4.13, 0.14439, 4, -4.37, -3.87, 0.15, 5, 26, 25.5, 37.21, 0.00509, 27, 28.49, -36.50999, 0.0061, 10, -6.8, 6.01, 0.1025, 9, -6.99, -5.47, 0.10628, 4, 4.48, -0.05, 0.78, 4, 26, 40.93999, 29.83, 0.00483, 27, 36.71, -51.53, 0.00151, 10, -12.56, -10.1, 0.04659, 9, 9.25, -0.12, 0.94705, 4, 26, 37.52, 34.34999, 0.00596, 27, 36.57, -45.87, 0.00263, 10, -8.41, -6.24, 0.0918, 9, 3.66, 0.77, 0.89959, 5, 26, 33.68999, 35.82, 0.01482, 27, 34.32, -42.43, 0.01432, 10, -7.34, -2.27, 0.2122, 9, -0.12, -0.81, 0.60865, 4, -2.88, 3.77, 0.15 ],
				"hull": 30,
				"edges": [ 62, 64, 68, 60, 64, 70, 72, 66, 72, 22, 70, 74, 74, 76, 76, 78, 78, 80, 20, 22, 80, 20, 66, 82, 84, 68, 84, 86, 22, 24, 24, 82, 86, 88, 88, 90, 90, 92, 24, 26, 92, 26, 94, 96, 96, 98, 98, 100, 100, 102, 102, 28, 28, 30, 30, 32, 32, 34, 104, 94, 36, 38, 36, 34, 106, 110, 40, 38, 40, 42, 112, 110, 112, 114, 44, 42, 44, 46, 116, 114, 116, 52, 46, 48, 96, 118, 118, 30, 102, 118, 32, 120, 120, 94, 118, 120, 34, 122, 122, 104, 120, 122, 108, 124, 124, 36, 122, 124, 106, 126, 126, 38, 124, 126, 110, 128, 128, 40, 126, 128, 42, 130, 130, 112, 128, 130, 114, 132, 132, 44, 130, 132, 46, 134, 134, 116, 132, 134, 48, 50, 50, 52, 134, 50, 14, 16, 16, 18, 18, 138, 138, 140, 140, 142, 142, 136, 14, 12, 144, 136, 10, 8, 10, 12, 146, 148, 148, 144, 146, 150, 6, 8, 6, 4, 152, 150, 152, 154, 2, 4, 2, 0, 0, 58, 154, 156, 52, 54, 156, 54, 18, 20, 26, 28, 16, 158, 158, 142, 138, 158, 14, 160, 160, 136, 158, 160, 12, 162, 162, 144, 160, 162, 10, 164, 164, 148, 162, 164, 8, 166, 166, 146, 164, 166, 6, 168, 168, 150, 166, 168, 4, 170, 170, 152, 168, 170, 2, 172, 172, 154, 170, 172, 0, 174, 174, 156, 172, 174, 54, 56, 56, 58, 174, 56, 22, 176, 176, 74, 78, 176, 70, 178, 178, 72, 176, 178, 64, 180, 180, 66, 180, 178, 60, 182, 182, 62, 180, 182, 24, 184, 184, 86, 90, 184, 82, 186, 186, 84, 184, 186, 66, 188, 188, 68, 186, 188, 188, 182 ],
				"width": 97,
				"height": 74
			}
		},
		"touguan": {
			"touguan": { "x": 7.71, "y": 0.24, "rotation": -90.45, "width": 83, "height": 40 }
		},
		"yanjing": {
			"yanjing": { "x": 42.9, "y": 0.17, "rotation": -89.54, "width": 39, "height": 8 }
		},
		"zui2": {
			"zui": {
				"type": "skinnedmesh",
				"uvs": [ 1, 0.36858, 1, 0.51952, 0.92747, 0.79189, 0.80389, 1, 0.7452, 1, 0.5802, 0.87885, 0.4122, 0.8911, 0.27445, 1, 0.1838, 1, 0.081, 0.81199, 0, 0.55298, 0, 0.36221, 0, 0, 1, 0, 0.81951, 0.47908, 0.62175, 0.5067, 0.36571, 0.50883, 0.13986, 0.45146, 0.78858, 0.64676, 0.65953, 0.56637, 0.43971, 0.56414, 0.23848, 0.62219 ],
				"triangles": [ 3, 4, 2, 2, 4, 18, 6, 7, 9, 7, 8, 9, 9, 21, 6, 6, 20, 5, 6, 21, 20, 4, 5, 18, 5, 19, 18, 5, 20, 19, 9, 10, 21, 2, 18, 1, 18, 19, 14, 21, 16, 20, 20, 15, 19, 18, 14, 1, 10, 17, 21, 21, 17, 16, 19, 15, 14, 20, 16, 15, 10, 11, 17, 14, 0, 1, 15, 16, 13, 14, 15, 13, 0, 14, 13, 16, 17, 13, 13, 17, 12, 17, 11, 12 ],
				"vertices": [ 1, 11, -0.27, -24.44, 1, 2, 11, -3.89, -24.47, 0.51, 12, -3.31, 24.52, 0.49, 1, 12, 3.13, 20.81, 1, 1, 12, 7.98, 14.64, 1, 1, 12, 7.92, 11.77, 1, 1, 12, 4.82, 3.75, 1, 1, 12, 4.92, -4.46999, 1, 1, 12, 7.37, -11.28, 1, 1, 12, 7.27, -15.72, 1, 1, 12, 2.64, -20.65, 1, 2, 11, -5.08, 24.51, 0.51, 12, -3.66, -24.47, 0.49, 1, 11, -0.5, 24.55, 1, 1, 11, 8.18, 24.62, 1, 1, 11, 8.57, -24.37, 1, 1, 11, -2.99, -15.62, 1, 1, 11, -3.73, -5.93, 1, 1, 11, -3.88, 6.6, 1, 1, 11, -2.58999, 17.68, 1, 1, 12, -0.5, 14.09, 1, 1, 12, -2.58, 7.82, 1, 1, 12, -2.89, -2.94, 1, 1, 12, -1.72, -12.83, 1 ],
				"hull": 14,
				"edges": [ 24, 26, 0, 26, 0, 28, 28, 30, 30, 32, 32, 34, 22, 24, 34, 22, 6, 4, 4, 36, 36, 38, 38, 40, 40, 42, 42, 18, 18, 16, 20, 22, 18, 20, 0, 2, 4, 2, 14, 16, 14, 12, 12, 10, 6, 8, 10, 8 ],
				"width": 49,
				"height": 24
			}
		}
	}
},
"animations": {
	"animation": {
		"slots": {
			"beizhuaqianhen": {
				"attachment": [
					{ "time": 0, "name": "jishen" },
					{ "time": 0.1333, "name": "beizhuaqianhen" },
					{ "time": 1.3, "name": null },
					{ "time": 1.7666, "name": null }
				]
			},
			"beizhuaqianhen2": {
				"attachment": [
					{ "time": 0, "name": null },
					{ "time": 0.5333, "name": "jishen" },
					{ "time": 0.6333, "name": "beizhuaqianhen" },
					{ "time": 1.3, "name": null },
					{ "time": 1.7666, "name": null }
				]
			},
			"beizhuaqianjiguan": {
				"attachment": [
					{ "time": 0, "name": "beizhuaqianjiguan" },
					{ "time": 1.3, "name": null },
					{ "time": 1.7666, "name": null }
				]
			},
			"beizhuaqianjiguan2": {
				"attachment": [
					{ "time": 0, "name": null },
					{ "time": 0.5333, "name": "beizhuaqianjiguan" },
					{ "time": 1.3, "name": null },
					{ "time": 1.7666, "name": null }
				]
			},
			"beizhuaqianjiyan": {
				"attachment": [
					{ "time": 0, "name": "beizhuaqianjiyan" },
					{ "time": 1.3, "name": null },
					{ "time": 1.7666, "name": null }
				]
			},
			"beizhuaqianjiyan2": {
				"attachment": [
					{ "time": 0, "name": null },
					{ "time": 0.5333, "name": "beizhuaqianjiyan" },
					{ "time": 1.3, "name": null },
					{ "time": 1.7666, "name": null }
				]
			},
			"beizhuaqianjizui": {
				"attachment": [
					{ "time": 0, "name": "beizhuaqianjizui" },
					{ "time": 1.3, "name": null },
					{ "time": 1.7666, "name": null }
				]
			},
			"beizhuaqianjizui2": {
				"attachment": [
					{ "time": 0, "name": null },
					{ "time": 0.5333, "name": "beizhuaqianjizui" },
					{ "time": 1.3, "name": null },
					{ "time": 1.7666, "name": null }
				]
			},
			"beizhuaqianyinmg": {
				"attachment": [
					{ "time": 0, "name": null },
					{ "time": 0.1, "name": "beizhuaqianyinmg" },
					{ "time": 0.2, "name": "beizhuaqianyinmg" },
					{ "time": 1.3, "name": null },
					{ "time": 1.7666, "name": null }
				]
			},
			"beizhuaqianyinmg2": {
				"attachment": [
					{ "time": 0, "name": null },
					{ "time": 0.5333, "name": null },
					{ "time": 0.6666, "name": "beizhuaqianyinmg" },
					{ "time": 1.3, "name": null },
					{ "time": 1.7666, "name": null }
				]
			},
			"bizi2": {
				"attachment": [
					{ "time": 0, "name": null },
					{ "time": 0.5333, "name": null },
					{ "time": 1.1, "name": "bizi" },
					{ "time": 1.3, "name": "bizi" },
					{ "time": 1.4333, "name": "bizi" },
					{ "time": 1.7666, "name": "bizi" }
				]
			},
			"bone2": {
				"attachment": [
					{ "time": 0, "name": null },
					{ "time": 0.5333, "name": null },
					{ "time": 1.1, "name": "tou" },
					{ "time": 1.3, "name": "tou" },
					{ "time": 1.4333, "name": "tou" },
					{ "time": 1.7666, "name": "tou" }
				]
			},
			"huzi2": {
				"attachment": [
					{ "time": 0, "name": null },
					{ "time": 0.5333, "name": null },
					{ "time": 1.1, "name": "huzi" },
					{ "time": 1.3, "name": "huzi" },
					{ "time": 1.4333, "name": "huzi" },
					{ "time": 1.7666, "name": "huzi" }
				]
			},
			"ji1": {
				"attachment": [
					{ "time": 0, "name": null },
					{ "time": 0.5333, "name": null },
					{ "time": 1.1, "name": null },
					{ "time": 1.2666, "name": null },
					{ "time": 1.3, "name": "ji1" },
					{ "time": 1.4333, "name": "ji1" },
					{ "time": 1.7666, "name": "ji1" }
				]
			},
			"ji2": {
				"attachment": [
					{ "time": 0, "name": null },
					{ "time": 0.5333, "name": null },
					{ "time": 1.1, "name": null },
					{ "time": 1.3, "name": "ji2" },
					{ "time": 1.4333, "name": "ji2" },
					{ "time": 1.7666, "name": "ji2" }
				]
			},
			"meimao2": {
				"attachment": [
					{ "time": 0, "name": null },
					{ "time": 0.5333, "name": null },
					{ "time": 1.1, "name": "meimao" },
					{ "time": 1.3, "name": "meimao" },
					{ "time": 1.4333, "name": "meimao" },
					{ "time": 1.7666, "name": "meimao" }
				]
			},
			"shenti2": {
				"attachment": [
					{ "time": 0, "name": null },
					{ "time": 0.5333, "name": null },
					{ "time": 1.1, "name": "shenti" },
					{ "time": 1.3, "name": "shenti" },
					{ "time": 1.4333, "name": "shenti" },
					{ "time": 1.7666, "name": "shenti" }
				]
			},
			"shou1": {
				"attachment": [
					{ "time": 0, "name": null },
					{ "time": 0.5333, "name": null },
					{ "time": 1.1, "name": null },
					{ "time": 1.2666, "name": null },
					{ "time": 1.3, "name": "shou1" },
					{ "time": 1.4333, "name": "shou1" },
					{ "time": 1.7666, "name": "shou1" }
				]
			},
			"shou2": {
				"attachment": [
					{ "time": 0, "name": null },
					{ "time": 0.5333, "name": null },
					{ "time": 1.1, "name": "shou2" },
					{ "time": 1.2666, "name": null },
					{ "time": 1.3, "name": "shou2" },
					{ "time": 1.4333, "name": "shou2" },
					{ "time": 1.7666, "name": "shou2" }
				]
			},
			"shoukai": {
				"attachment": [
					{ "time": 0, "name": null },
					{ "time": 0.0666, "name": "shoukai" },
					{ "time": 0.1, "name": "shou3" },
					{ "time": 1.3, "name": null },
					{ "time": 1.7666, "name": null }
				]
			},
			"shoukai1": {
				"attachment": [
					{ "time": 0, "name": null },
					{ "time": 0.5333, "name": null },
					{ "time": 0.6, "name": "shoukai1" },
					{ "time": 0.6333, "name": "shou2" },
					{ "time": 1.2666, "name": "shou2" },
					{ "time": 1.3, "name": null },
					{ "time": 1.7666, "name": null }
				]
			},
			"toufa3": {
				"attachment": [
					{ "time": 0, "name": null },
					{ "time": 0.5333, "name": null },
					{ "time": 1.1, "name": "toufa" },
					{ "time": 1.3, "name": "toufa" },
					{ "time": 1.4333, "name": "toufa" },
					{ "time": 1.7666, "name": "toufa" }
				]
			},
			"touguan": {
				"attachment": [
					{ "time": 0, "name": null },
					{ "time": 0.5333, "name": null },
					{ "time": 1.1, "name": "touguan" },
					{ "time": 1.3, "name": "touguan" },
					{ "time": 1.4333, "name": "touguan" },
					{ "time": 1.7666, "name": "touguan" }
				]
			},
			"yanjing": {
				"attachment": [
					{ "time": 0, "name": null },
					{ "time": 0.5333, "name": null },
					{ "time": 1.1, "name": "yanjing" },
					{ "time": 1.3, "name": "yanjing" },
					{ "time": 1.4333, "name": "yanjing" },
					{ "time": 1.7666, "name": "yanjing" }
				]
			},
			"zui2": {
				"attachment": [
					{ "time": 0, "name": null },
					{ "time": 0.5333, "name": null },
					{ "time": 1.1, "name": "zui" },
					{ "time": 1.3, "name": "zui" },
					{ "time": 1.4333, "name": "zui" },
					{ "time": 1.7666, "name": "zui" }
				]
			}
		},
		"bones": {
			"root": {
				"rotate": [
					{ "time": 0, "angle": 0, "curve": "stepped" },
					{ "time": 0.5333, "angle": 0, "curve": "stepped" },
					{ "time": 1.1, "angle": 0, "curve": "stepped" },
					{ "time": 1.4333, "angle": 0, "curve": "stepped" },
					{ "time": 1.7666, "angle": 0 }
				],
				"translate": [
					{ "time": 0, "x": 0, "y": 0, "curve": "stepped" },
					{ "time": 0.5333, "x": 0, "y": 0, "curve": "stepped" },
					{ "time": 1.1, "x": 0, "y": 0, "curve": "stepped" },
					{ "time": 1.4333, "x": 0, "y": 0, "curve": "stepped" },
					{ "time": 1.7666, "x": 0, "y": 0 }
				],
				"scale": [
					{ "time": 0, "x": 1, "y": 1, "curve": "stepped" },
					{ "time": 0.5333, "x": 1, "y": 1, "curve": "stepped" },
					{ "time": 1.1, "x": 1, "y": 1, "curve": "stepped" },
					{ "time": 1.4333, "x": 1, "y": 1, "curve": "stepped" },
					{ "time": 1.7666, "x": 1, "y": 1 }
				]
			},
			"bone": {
				"rotate": [
					{ "time": 0, "angle": 0, "curve": "stepped" },
					{ "time": 0.5333, "angle": 0, "curve": "stepped" },
					{ "time": 1.1, "angle": 0, "curve": "stepped" },
					{ "time": 1.4333, "angle": 0, "curve": "stepped" },
					{ "time": 1.7666, "angle": 0 }
				],
				"translate": [
					{ "time": 0, "x": -15.73, "y": 8, "curve": "stepped" },
					{ "time": 0.5333, "x": -15.73, "y": 8 },
					{ "time": 1.1, "x": -16.28, "y": 19.62 },
					{ "time": 1.3, "x": -4.63, "y": 0, "curve": "stepped" },
					{ "time": 1.7666, "x": -4.63, "y": 0 }
				],
				"scale": [
					{ "time": 0, "x": 0.514, "y": 0.514, "curve": "stepped" },
					{ "time": 0.5333, "x": 0.514, "y": 0.514 },
					{ "time": 1.1, "x": 0.093, "y": 0.093 },
					{ "time": 1.3, "x": 1, "y": 1, "curve": "stepped" },
					{ "time": 1.7666, "x": 1, "y": 1 }
				]
			},
			"bone2": {
				"rotate": [
					{ "time": 0, "angle": 0, "curve": "stepped" },
					{ "time": 0.5333, "angle": 0, "curve": "stepped" },
					{ "time": 1.1, "angle": 0, "curve": "stepped" },
					{ "time": 1.4333, "angle": 0, "curve": "stepped" },
					{ "time": 1.7666, "angle": 0 }
				],
				"translate": [
					{ "time": 0, "x": 0, "y": 0, "curve": "stepped" },
					{ "time": 0.5333, "x": 0, "y": 0, "curve": "stepped" },
					{ "time": 1.1, "x": 0, "y": 0 },
					{ "time": 1.2333, "x": -5.02, "y": 0 },
					{ "time": 1.4333, "x": 0, "y": 0 },
					{ "time": 1.6, "x": -5.02, "y": 0 },
					{ "time": 1.7666, "x": 0, "y": 0 }
				],
				"scale": [
					{ "time": 0, "x": 1, "y": 1, "curve": "stepped" },
					{ "time": 0.5333, "x": 1, "y": 1, "curve": "stepped" },
					{ "time": 1.1, "x": 1, "y": 1, "curve": "stepped" },
					{ "time": 1.4333, "x": 1, "y": 1, "curve": "stepped" },
					{ "time": 1.7666, "x": 1, "y": 1 }
				]
			},
			"bone10": {
				"rotate": [
					{ "time": 0, "angle": 0, "curve": "stepped" },
					{ "time": 0.5333, "angle": 0, "curve": "stepped" },
					{ "time": 1.1, "angle": 0 },
					{ "time": 1.1666, "angle": -8.93 },
					{ "time": 1.2666, "angle": 13.08 },
					{ "time": 1.4333, "angle": 0 },
					{ "time": 1.5, "angle": -8.93 },
					{ "time": 1.6333, "angle": 13.08 },
					{ "time": 1.7666, "angle": 0 }
				],
				"translate": [
					{ "time": 0, "x": 0, "y": 0, "curve": "stepped" },
					{ "time": 0.5333, "x": 0, "y": 0, "curve": "stepped" },
					{ "time": 1.1, "x": 0, "y": 0, "curve": "stepped" },
					{ "time": 1.4333, "x": 0, "y": 0, "curve": "stepped" },
					{ "time": 1.7666, "x": 0, "y": 0 }
				],
				"scale": [
					{ "time": 0, "x": 1, "y": 1, "curve": "stepped" },
					{ "time": 0.5333, "x": 1, "y": 1, "curve": "stepped" },
					{ "time": 1.1, "x": 1, "y": 1, "curve": "stepped" },
					{ "time": 1.4333, "x": 1, "y": 1, "curve": "stepped" },
					{ "time": 1.7666, "x": 1, "y": 1 }
				]
			},
			"bone11": {
				"rotate": [
					{ "time": 0, "angle": 0, "curve": "stepped" },
					{ "time": 0.5333, "angle": 0, "curve": "stepped" },
					{ "time": 1.1, "angle": 0 },
					{ "time": 1.1666, "angle": 14.09 },
					{ "time": 1.2666, "angle": -11.64 },
					{ "time": 1.4333, "angle": 0 },
					{ "time": 1.5, "angle": 14.09 },
					{ "time": 1.6333, "angle": -11.64 },
					{ "time": 1.7666, "angle": 0 }
				],
				"translate": [
					{ "time": 0, "x": 0, "y": 0, "curve": "stepped" },
					{ "time": 0.5333, "x": 0, "y": 0, "curve": "stepped" },
					{ "time": 1.1, "x": 0, "y": 0, "curve": "stepped" },
					{ "time": 1.4333, "x": 0, "y": 0, "curve": "stepped" },
					{ "time": 1.7666, "x": 0, "y": 0 }
				],
				"scale": [
					{ "time": 0, "x": 1, "y": 1, "curve": "stepped" },
					{ "time": 0.5333, "x": 1, "y": 1, "curve": "stepped" },
					{ "time": 1.1, "x": 1, "y": 1, "curve": "stepped" },
					{ "time": 1.4333, "x": 1, "y": 1, "curve": "stepped" },
					{ "time": 1.7666, "x": 1, "y": 1 }
				]
			},
			"bone12": {
				"rotate": [
					{ "time": 0, "angle": 0, "curve": "stepped" },
					{ "time": 0.5333, "angle": 0, "curve": "stepped" },
					{ "time": 1.1, "angle": 0, "curve": "stepped" },
					{ "time": 1.4333, "angle": 0, "curve": "stepped" },
					{ "time": 1.7666, "angle": 0 }
				],
				"translate": [
					{ "time": 0, "x": 0, "y": 0, "curve": "stepped" },
					{ "time": 0.5333, "x": 0, "y": 0, "curve": "stepped" },
					{ "time": 1.1, "x": 0, "y": 0 },
					{ "time": 1.1666, "x": 0.94, "y": 0 },
					{ "time": 1.2666, "x": -1.14, "y": 0 },
					{ "time": 1.4333, "x": 0, "y": 0 },
					{ "time": 1.5, "x": 0.94, "y": 0 },
					{ "time": 1.6333, "x": -1.14, "y": 0 },
					{ "time": 1.7666, "x": 0, "y": 0 }
				],
				"scale": [
					{ "time": 0, "x": 1, "y": 1, "curve": "stepped" },
					{ "time": 0.5333, "x": 1, "y": 1, "curve": "stepped" },
					{ "time": 1.1, "x": 1, "y": 1, "curve": "stepped" },
					{ "time": 1.4333, "x": 1, "y": 1, "curve": "stepped" },
					{ "time": 1.7666, "x": 1, "y": 1 }
				]
			},
			"bone13": {
				"rotate": [
					{ "time": 0, "angle": 0, "curve": "stepped" },
					{ "time": 0.5333, "angle": 0, "curve": "stepped" },
					{ "time": 1.1, "angle": 0, "curve": "stepped" },
					{ "time": 1.4333, "angle": 0, "curve": "stepped" },
					{ "time": 1.7666, "angle": 0 }
				],
				"translate": [
					{ "time": 0, "x": 0, "y": 0, "curve": "stepped" },
					{ "time": 0.5333, "x": 0, "y": 0, "curve": "stepped" },
					{ "time": 1.1, "x": 0, "y": 0 },
					{ "time": 1.1666, "x": -1.88, "y": -0.01 },
					{ "time": 1.2666, "x": 0.67, "y": 0 },
					{ "time": 1.4333, "x": 0, "y": 0 },
					{ "time": 1.5, "x": -1.88, "y": -0.01 },
					{ "time": 1.6333, "x": 0.67, "y": 0 },
					{ "time": 1.7666, "x": 0, "y": 0 }
				],
				"scale": [
					{ "time": 0, "x": 1, "y": 1, "curve": "stepped" },
					{ "time": 0.5333, "x": 1, "y": 1, "curve": "stepped" },
					{ "time": 1.1, "x": 1, "y": 1, "curve": "stepped" },
					{ "time": 1.4333, "x": 1, "y": 1, "curve": "stepped" },
					{ "time": 1.7666, "x": 1, "y": 1 }
				]
			},
			"bone14": {
				"rotate": [
					{ "time": 0, "angle": 0, "curve": "stepped" },
					{ "time": 0.5333, "angle": 0, "curve": "stepped" },
					{
						"time": 1.1,
						"angle": 0,
						"curve": [ 0.25, 0, 0.75, 1 ]
					},
					{
						"time": 1.2333,
						"angle": 13.42,
						"curve": [ 0.25, 0, 0.75, 1 ]
					},
					{
						"time": 1.4333,
						"angle": 0,
						"curve": [ 0.25, 0, 0.75, 1 ]
					},
					{
						"time": 1.6,
						"angle": 13.42,
						"curve": [ 0.25, 0, 0.75, 1 ]
					},
					{ "time": 1.7666, "angle": 0 }
				],
				"translate": [
					{ "time": 0, "x": 0, "y": 0, "curve": "stepped" },
					{ "time": 0.5333, "x": 0, "y": 0, "curve": "stepped" },
					{ "time": 1.1, "x": 0, "y": 0, "curve": "stepped" },
					{ "time": 1.4333, "x": 0, "y": 0, "curve": "stepped" },
					{ "time": 1.7666, "x": 0, "y": 0 }
				],
				"scale": [
					{ "time": 0, "x": 1, "y": 1, "curve": "stepped" },
					{ "time": 0.5333, "x": 1, "y": 1, "curve": "stepped" },
					{ "time": 1.1, "x": 1, "y": 1, "curve": "stepped" },
					{ "time": 1.4333, "x": 1, "y": 1, "curve": "stepped" },
					{ "time": 1.7666, "x": 1, "y": 1 }
				]
			},
			"bone15": {
				"rotate": [
					{ "time": 0, "angle": 0, "curve": "stepped" },
					{ "time": 0.5333, "angle": 0, "curve": "stepped" },
					{
						"time": 1.1,
						"angle": 0,
						"curve": [ 0.25, 0, 0.75, 1 ]
					},
					{
						"time": 1.2333,
						"angle": -13.58,
						"curve": [ 0.25, 0, 0.75, 1 ]
					},
					{
						"time": 1.4333,
						"angle": 0,
						"curve": [ 0.25, 0, 0.75, 1 ]
					},
					{
						"time": 1.6,
						"angle": -13.58,
						"curve": [ 0.25, 0, 0.75, 1 ]
					},
					{ "time": 1.7666, "angle": 0 }
				],
				"translate": [
					{ "time": 0, "x": 0, "y": 0, "curve": "stepped" },
					{ "time": 0.5333, "x": 0, "y": 0, "curve": "stepped" },
					{ "time": 1.1, "x": 0, "y": 0, "curve": "stepped" },
					{ "time": 1.4333, "x": 0, "y": 0, "curve": "stepped" },
					{ "time": 1.7666, "x": 0, "y": 0 }
				],
				"scale": [
					{ "time": 0, "x": 1, "y": 1, "curve": "stepped" },
					{ "time": 0.5333, "x": 1, "y": 1, "curve": "stepped" },
					{ "time": 1.1, "x": 1, "y": 1, "curve": "stepped" },
					{ "time": 1.4333, "x": 1, "y": 1, "curve": "stepped" },
					{ "time": 1.7666, "x": 1, "y": 1 }
				]
			},
			"bone16": {
				"rotate": [
					{ "time": 0, "angle": 0, "curve": "stepped" },
					{ "time": 0.5333, "angle": 0, "curve": "stepped" },
					{ "time": 1.1, "angle": 0 },
					{ "time": 1.2, "angle": 7.21 },
					{ "time": 1.3, "angle": -7.42 },
					{ "time": 1.4333, "angle": 0 },
					{ "time": 1.5666, "angle": 7.21 },
					{ "time": 1.6666, "angle": -7.42 },
					{ "time": 1.7666, "angle": 0 }
				],
				"translate": [
					{ "time": 0, "x": 0, "y": 0, "curve": "stepped" },
					{ "time": 0.5333, "x": 0, "y": 0, "curve": "stepped" },
					{ "time": 1.1, "x": 0, "y": 0, "curve": "stepped" },
					{ "time": 1.4333, "x": 0, "y": 0, "curve": "stepped" },
					{ "time": 1.7666, "x": 0, "y": 0 }
				],
				"scale": [
					{ "time": 0, "x": 1, "y": 1, "curve": "stepped" },
					{ "time": 0.5333, "x": 1, "y": 1, "curve": "stepped" },
					{ "time": 1.1, "x": 1, "y": 1, "curve": "stepped" },
					{ "time": 1.4333, "x": 1, "y": 1, "curve": "stepped" },
					{ "time": 1.7666, "x": 1, "y": 1 }
				]
			},
			"bone17": {
				"rotate": [
					{ "time": 0, "angle": 0, "curve": "stepped" },
					{ "time": 0.5333, "angle": 0, "curve": "stepped" },
					{ "time": 1.1, "angle": 0 },
					{ "time": 1.2, "angle": -9.37 },
					{ "time": 1.3, "angle": 11.77 },
					{ "time": 1.4333, "angle": 0 },
					{ "time": 1.5666, "angle": -9.37 },
					{ "time": 1.6666, "angle": 11.77 },
					{ "time": 1.7666, "angle": 0 }
				],
				"translate": [
					{ "time": 0, "x": 0, "y": 0, "curve": "stepped" },
					{ "time": 0.5333, "x": 0, "y": 0, "curve": "stepped" },
					{ "time": 1.1, "x": 0, "y": 0, "curve": "stepped" },
					{ "time": 1.4333, "x": 0, "y": 0, "curve": "stepped" },
					{ "time": 1.7666, "x": 0, "y": 0 }
				],
				"scale": [
					{ "time": 0, "x": 1, "y": 1, "curve": "stepped" },
					{ "time": 0.5333, "x": 1, "y": 1, "curve": "stepped" },
					{ "time": 1.1, "x": 1, "y": 1, "curve": "stepped" },
					{ "time": 1.4333, "x": 1, "y": 1, "curve": "stepped" },
					{ "time": 1.7666, "x": 1, "y": 1 }
				]
			},
			"bone3": {
				"rotate": [
					{ "time": 0, "angle": 0, "curve": "stepped" },
					{ "time": 0.5333, "angle": 0, "curve": "stepped" },
					{ "time": 1.1, "angle": 0 },
					{ "time": 1.1666, "angle": 1.96 },
					{ "time": 1.3, "angle": -1.65 },
					{ "time": 1.4333, "angle": 0 },
					{ "time": 1.5, "angle": 1.96 },
					{ "time": 1.6666, "angle": -1.65 },
					{ "time": 1.7666, "angle": 0 }
				],
				"translate": [
					{ "time": 0, "x": 0, "y": 0, "curve": "stepped" },
					{ "time": 0.5333, "x": 0, "y": 0, "curve": "stepped" },
					{ "time": 1.1, "x": 0, "y": 0 },
					{ "time": 1.2333, "x": 1.19, "y": 0 },
					{ "time": 1.4333, "x": 0, "y": 0 },
					{ "time": 1.6, "x": 1.19, "y": 0 },
					{ "time": 1.7666, "x": 0, "y": 0 }
				],
				"scale": [
					{ "time": 0, "x": 1, "y": 1, "curve": "stepped" },
					{ "time": 0.5333, "x": 1, "y": 1, "curve": "stepped" },
					{ "time": 1.1, "x": 1, "y": 1, "curve": "stepped" },
					{ "time": 1.4333, "x": 1, "y": 1, "curve": "stepped" },
					{ "time": 1.7666, "x": 1, "y": 1 }
				]
			},
			"bone7": {
				"rotate": [
					{ "time": 0, "angle": 0, "curve": "stepped" },
					{ "time": 0.5333, "angle": 0, "curve": "stepped" },
					{ "time": 1.1, "angle": 0 },
					{ "time": 1.2333, "angle": 6 },
					{ "time": 1.4333, "angle": 0 },
					{ "time": 1.6, "angle": 6 },
					{ "time": 1.7666, "angle": 0 }
				],
				"translate": [
					{ "time": 0, "x": 0, "y": 0, "curve": "stepped" },
					{ "time": 0.5333, "x": 0, "y": 0, "curve": "stepped" },
					{ "time": 1.1, "x": 0, "y": 0, "curve": "stepped" },
					{ "time": 1.4333, "x": 0, "y": 0, "curve": "stepped" },
					{ "time": 1.7666, "x": 0, "y": 0 }
				],
				"scale": [
					{ "time": 0, "x": 1, "y": 1, "curve": "stepped" },
					{ "time": 0.5333, "x": 1, "y": 1, "curve": "stepped" },
					{ "time": 1.1, "x": 1, "y": 1, "curve": "stepped" },
					{ "time": 1.4333, "x": 1, "y": 1, "curve": "stepped" },
					{ "time": 1.7666, "x": 1, "y": 1 }
				]
			},
			"bone4": {
				"rotate": [
					{ "time": 0, "angle": 0, "curve": "stepped" },
					{ "time": 0.5333, "angle": 0, "curve": "stepped" },
					{ "time": 1.1, "angle": 0 },
					{ "time": 1.2333, "angle": -3.12 },
					{ "time": 1.4333, "angle": 0 },
					{ "time": 1.6, "angle": -3.12 },
					{ "time": 1.7666, "angle": 0 }
				],
				"translate": [
					{ "time": 0, "x": 0, "y": 0, "curve": "stepped" },
					{ "time": 0.5333, "x": 0, "y": 0, "curve": "stepped" },
					{ "time": 1.1, "x": 0, "y": 0, "curve": "stepped" },
					{ "time": 1.4333, "x": 0, "y": 0, "curve": "stepped" },
					{ "time": 1.7666, "x": 0, "y": 0 }
				],
				"scale": [
					{ "time": 0, "x": 1, "y": 1, "curve": "stepped" },
					{ "time": 0.5333, "x": 1, "y": 1, "curve": "stepped" },
					{ "time": 1.1, "x": 1, "y": 1, "curve": "stepped" },
					{ "time": 1.4333, "x": 1, "y": 1, "curve": "stepped" },
					{ "time": 1.7666, "x": 1, "y": 1 }
				]
			},
			"bone8": {
				"rotate": [
					{ "time": 0, "angle": 0, "curve": "stepped" },
					{ "time": 0.5333, "angle": 0, "curve": "stepped" },
					{ "time": 1.1, "angle": 0, "curve": "stepped" },
					{ "time": 1.4333, "angle": 0, "curve": "stepped" },
					{ "time": 1.7666, "angle": 0 }
				],
				"translate": [
					{ "time": 0, "x": 0, "y": 0, "curve": "stepped" },
					{ "time": 0.5333, "x": 0, "y": 0, "curve": "stepped" },
					{ "time": 1.1, "x": 0, "y": 0, "curve": "stepped" },
					{ "time": 1.4333, "x": 0, "y": 0, "curve": "stepped" },
					{ "time": 1.7666, "x": 0, "y": 0 }
				],
				"scale": [
					{ "time": 0, "x": 1, "y": 1, "curve": "stepped" },
					{ "time": 0.5333, "x": 1, "y": 1, "curve": "stepped" },
					{ "time": 1.1, "x": 1, "y": 1, "curve": "stepped" },
					{ "time": 1.4333, "x": 1, "y": 1, "curve": "stepped" },
					{ "time": 1.7666, "x": 1, "y": 1 }
				]
			},
			"bone5": {
				"rotate": [
					{ "time": 0, "angle": 0, "curve": "stepped" },
					{ "time": 0.5333, "angle": 0, "curve": "stepped" },
					{ "time": 1.1, "angle": 0, "curve": "stepped" },
					{ "time": 1.4333, "angle": 0, "curve": "stepped" },
					{ "time": 1.7666, "angle": 0 }
				],
				"translate": [
					{ "time": 0, "x": 0, "y": 0, "curve": "stepped" },
					{ "time": 0.5333, "x": 0, "y": 0, "curve": "stepped" },
					{ "time": 1.1, "x": 0, "y": 0, "curve": "stepped" },
					{ "time": 1.4333, "x": 0, "y": 0, "curve": "stepped" },
					{ "time": 1.7666, "x": 0, "y": 0 }
				],
				"scale": [
					{ "time": 0, "x": 1, "y": 1, "curve": "stepped" },
					{ "time": 0.5333, "x": 1, "y": 1, "curve": "stepped" },
					{ "time": 1.1, "x": 1, "y": 1, "curve": "stepped" },
					{ "time": 1.4333, "x": 1, "y": 1, "curve": "stepped" },
					{ "time": 1.7666, "x": 1, "y": 1 }
				]
			},
			"bone9": {
				"rotate": [
					{ "time": 0, "angle": 0, "curve": "stepped" },
					{ "time": 0.5333, "angle": 0, "curve": "stepped" },
					{ "time": 1.1, "angle": 0, "curve": "stepped" },
					{ "time": 1.4333, "angle": 0, "curve": "stepped" },
					{ "time": 1.7666, "angle": 0 }
				],
				"translate": [
					{ "time": 0, "x": 0, "y": 0, "curve": "stepped" },
					{ "time": 0.5333, "x": 0, "y": 0, "curve": "stepped" },
					{ "time": 1.1, "x": 0, "y": 0, "curve": "stepped" },
					{ "time": 1.4333, "x": 0, "y": 0, "curve": "stepped" },
					{ "time": 1.7666, "x": 0, "y": 0 }
				],
				"scale": [
					{ "time": 0, "x": 1, "y": 1, "curve": "stepped" },
					{ "time": 0.5333, "x": 1, "y": 1, "curve": "stepped" },
					{ "time": 1.1, "x": 1, "y": 1, "curve": "stepped" },
					{ "time": 1.4333, "x": 1, "y": 1, "curve": "stepped" },
					{ "time": 1.7666, "x": 1, "y": 1 }
				]
			},
			"bone6": {
				"rotate": [
					{ "time": 0, "angle": 0, "curve": "stepped" },
					{ "time": 0.5333, "angle": 0, "curve": "stepped" },
					{ "time": 1.1, "angle": 0, "curve": "stepped" },
					{ "time": 1.4333, "angle": 0, "curve": "stepped" },
					{ "time": 1.7666, "angle": 0 }
				],
				"translate": [
					{ "time": 0, "x": 0, "y": 0, "curve": "stepped" },
					{ "time": 0.5333, "x": 0, "y": 0, "curve": "stepped" },
					{ "time": 1.1, "x": 0, "y": 0, "curve": "stepped" },
					{ "time": 1.4333, "x": 0, "y": 0, "curve": "stepped" },
					{ "time": 1.7666, "x": 0, "y": 0 }
				],
				"scale": [
					{ "time": 0, "x": 1, "y": 1, "curve": "stepped" },
					{ "time": 0.5333, "x": 1, "y": 1, "curve": "stepped" },
					{ "time": 1.1, "x": 1, "y": 1, "curve": "stepped" },
					{ "time": 1.4333, "x": 1, "y": 1, "curve": "stepped" },
					{ "time": 1.7666, "x": 1, "y": 1 }
				]
			},
			"bone22": {
				"rotate": [
					{ "time": 0, "angle": 0, "curve": "stepped" },
					{ "time": 0.5333, "angle": 0, "curve": "stepped" },
					{ "time": 1.1, "angle": 0, "curve": "stepped" },
					{ "time": 1.4333, "angle": 0, "curve": "stepped" },
					{ "time": 1.7666, "angle": 0 }
				],
				"translate": [
					{ "time": 0, "x": 0, "y": 0, "curve": "stepped" },
					{ "time": 0.5333, "x": 0, "y": 0, "curve": "stepped" },
					{
						"time": 1.1,
						"x": 0,
						"y": 0,
						"curve": [ 0.216, 0.26, 0.75, 1 ]
					},
					{
						"time": 1.1666,
						"x": 3.48,
						"y": 0,
						"curve": [ 0.25, 0, 0.75, 1 ]
					},
					{
						"time": 1.2666,
						"x": -4.51,
						"y": 0,
						"curve": [ 0.25, 0, 0.781, 0.73 ]
					},
					{
						"time": 1.4333,
						"x": 0,
						"y": 0,
						"curve": [ 0.216, 0.26, 0.75, 1 ]
					},
					{
						"time": 1.5,
						"x": 3.48,
						"y": 0,
						"curve": [ 0.25, 0, 0.75, 1 ]
					},
					{
						"time": 1.6333,
						"x": -4.51,
						"y": 0,
						"curve": [ 0.25, 0, 0.781, 0.73 ]
					},
					{ "time": 1.7666, "x": 0, "y": 0 }
				],
				"scale": [
					{ "time": 0, "x": 1, "y": 1, "curve": "stepped" },
					{ "time": 0.5333, "x": 1, "y": 1, "curve": "stepped" },
					{ "time": 1.1, "x": 1, "y": 1, "curve": "stepped" },
					{ "time": 1.4333, "x": 1, "y": 1, "curve": "stepped" },
					{ "time": 1.7666, "x": 1, "y": 1 }
				]
			},
			"bone23": {
				"rotate": [
					{ "time": 0, "angle": 0, "curve": "stepped" },
					{ "time": 0.5333, "angle": 0, "curve": "stepped" },
					{ "time": 1.1, "angle": 0, "curve": "stepped" },
					{ "time": 1.4333, "angle": 0, "curve": "stepped" },
					{ "time": 1.7666, "angle": 0 }
				],
				"translate": [
					{ "time": 0, "x": 0, "y": 0, "curve": "stepped" },
					{ "time": 0.5333, "x": 0, "y": 0, "curve": "stepped" },
					{
						"time": 1.1,
						"x": 0,
						"y": 0,
						"curve": [ 0.22, 0.3, 0.75, 1 ]
					},
					{
						"time": 1.1666,
						"x": 3.47,
						"y": 0,
						"curve": [ 0.25, 0, 0.75, 1 ]
					},
					{
						"time": 1.2666,
						"x": -3.95,
						"y": 0,
						"curve": [ 0.25, 0, 0.779, 0.72 ]
					},
					{
						"time": 1.4333,
						"x": 0,
						"y": 0,
						"curve": [ 0.22, 0.3, 0.75, 1 ]
					},
					{
						"time": 1.5,
						"x": 3.47,
						"y": 0,
						"curve": [ 0.25, 0, 0.75, 1 ]
					},
					{
						"time": 1.6333,
						"x": -3.95,
						"y": 0,
						"curve": [ 0.25, 0, 0.779, 0.72 ]
					},
					{ "time": 1.7666, "x": 0, "y": 0 }
				],
				"scale": [
					{ "time": 0, "x": 1, "y": 1, "curve": "stepped" },
					{ "time": 0.5333, "x": 1, "y": 1, "curve": "stepped" },
					{ "time": 1.1, "x": 1, "y": 1, "curve": "stepped" },
					{ "time": 1.4333, "x": 1, "y": 1, "curve": "stepped" },
					{ "time": 1.7666, "x": 1, "y": 1 }
				]
			},
			"bone18": {
				"rotate": [
					{ "time": 0, "angle": 0, "curve": "stepped" },
					{ "time": 0.5333, "angle": 0, "curve": "stepped" },
					{ "time": 1.1, "angle": 0 },
					{ "time": 1.2333, "angle": -10.14 },
					{ "time": 1.4333, "angle": 0 },
					{ "time": 1.6, "angle": -10.14 },
					{ "time": 1.7666, "angle": 0 }
				],
				"translate": [
					{ "time": 0, "x": 0, "y": 0, "curve": "stepped" },
					{ "time": 0.5333, "x": 0, "y": 0, "curve": "stepped" },
					{ "time": 1.1, "x": 0, "y": 0, "curve": "stepped" },
					{ "time": 1.4333, "x": 0, "y": 0, "curve": "stepped" },
					{ "time": 1.7666, "x": 0, "y": 0 }
				],
				"scale": [
					{ "time": 0, "x": 1, "y": 1, "curve": "stepped" },
					{ "time": 0.5333, "x": 1, "y": 1, "curve": "stepped" },
					{ "time": 1.1, "x": 1, "y": 1, "curve": "stepped" },
					{ "time": 1.4333, "x": 1, "y": 1, "curve": "stepped" },
					{ "time": 1.7666, "x": 1, "y": 1 }
				]
			},
			"bone19": {
				"rotate": [
					{ "time": 0, "angle": 0, "curve": "stepped" },
					{ "time": 0.5333, "angle": 0, "curve": "stepped" },
					{ "time": 1.1, "angle": 0 },
					{ "time": 1.2333, "angle": 11.11 },
					{ "time": 1.4333, "angle": 0 },
					{ "time": 1.6, "angle": 11.11 },
					{ "time": 1.7666, "angle": 0 }
				],
				"translate": [
					{ "time": 0, "x": 0, "y": 0, "curve": "stepped" },
					{ "time": 0.5333, "x": 0, "y": 0, "curve": "stepped" },
					{ "time": 1.1, "x": 0, "y": 0, "curve": "stepped" },
					{ "time": 1.4333, "x": 0, "y": 0, "curve": "stepped" },
					{ "time": 1.7666, "x": 0, "y": 0 }
				],
				"scale": [
					{ "time": 0, "x": 1, "y": 1, "curve": "stepped" },
					{ "time": 0.5333, "x": 1, "y": 1, "curve": "stepped" },
					{ "time": 1.1, "x": 1, "y": 1, "curve": "stepped" },
					{ "time": 1.4333, "x": 1, "y": 1, "curve": "stepped" },
					{ "time": 1.7666, "x": 1, "y": 1 }
				]
			},
			"bone21": {
				"rotate": [
					{ "time": 0, "angle": 0, "curve": "stepped" },
					{ "time": 0.5333, "angle": 0, "curve": "stepped" },
					{ "time": 1.1, "angle": 0, "curve": "stepped" },
					{ "time": 1.4333, "angle": 0, "curve": "stepped" },
					{ "time": 1.7666, "angle": 0 }
				],
				"translate": [
					{ "time": 0, "x": 0, "y": 0, "curve": "stepped" },
					{ "time": 0.5333, "x": 0, "y": 0, "curve": "stepped" },
					{ "time": 1.1, "x": 0, "y": 0, "curve": "stepped" },
					{ "time": 1.4333, "x": 0, "y": 0, "curve": "stepped" },
					{ "time": 1.7666, "x": 0, "y": 0 }
				],
				"scale": [
					{ "time": 0, "x": 1, "y": 1, "curve": "stepped" },
					{ "time": 0.5333, "x": 1, "y": 1, "curve": "stepped" },
					{ "time": 1.1, "x": 1, "y": 1, "curve": "stepped" },
					{ "time": 1.4333, "x": 1, "y": 1, "curve": "stepped" },
					{ "time": 1.7666, "x": 1, "y": 1 }
				]
			},
			"bone25": {
				"rotate": [
					{ "time": 0, "angle": 0 },
					{ "time": 0.2, "angle": 10.21 },
					{ "time": 0.3, "angle": -0.11 },
					{ "time": 0.4, "angle": 10.21 },
					{ "time": 0.5, "angle": -0.11 },
					{ "time": 0.6, "angle": 10.21 },
					{ "time": 0.7, "angle": -0.11 },
					{ "time": 0.8, "angle": 10.21 },
					{ "time": 0.9, "angle": -0.11 },
					{ "time": 1, "angle": 10.21 },
					{ "time": 1.0666, "angle": -0.11 },
					{ "time": 1.1666, "angle": 10.21 },
					{ "time": 1.2666, "angle": -0.11 },
					{ "time": 1.4333, "angle": 10.21, "curve": "stepped" },
					{ "time": 1.7666, "angle": 10.21 }
				],
				"translate": [
					{ "time": 0, "x": 0, "y": 0 },
					{ "time": 0.2, "x": 4.7, "y": 1.76 },
					{ "time": 0.3, "x": 4.65, "y": 0.07 },
					{ "time": 0.4, "x": 4.7, "y": 1.76 },
					{ "time": 0.5, "x": 4.65, "y": 0.07 },
					{ "time": 0.6, "x": 4.7, "y": 1.76 },
					{ "time": 0.7, "x": 4.65, "y": 0.07 },
					{ "time": 0.8, "x": 4.7, "y": 1.76 },
					{ "time": 0.9, "x": 4.65, "y": 0.07 },
					{ "time": 1, "x": 4.7, "y": 1.76 },
					{ "time": 1.0666, "x": 4.65, "y": 0.07 },
					{ "time": 1.1666, "x": 4.7, "y": 1.76 },
					{ "time": 1.2666, "x": 4.65, "y": 0.07 },
					{ "time": 1.4333, "x": 4.7, "y": 1.76, "curve": "stepped" },
					{ "time": 1.7666, "x": 4.7, "y": 1.76 }
				],
				"scale": [
					{ "time": 0, "x": 1, "y": 1, "curve": "stepped" },
					{ "time": 0.2, "x": 1, "y": 1, "curve": "stepped" },
					{ "time": 0.4, "x": 1, "y": 1, "curve": "stepped" },
					{ "time": 0.6, "x": 1, "y": 1, "curve": "stepped" },
					{ "time": 0.8, "x": 1, "y": 1, "curve": "stepped" },
					{ "time": 1, "x": 1, "y": 1, "curve": "stepped" },
					{ "time": 1.1666, "x": 1, "y": 1, "curve": "stepped" },
					{ "time": 1.4333, "x": 1, "y": 1, "curve": "stepped" },
					{ "time": 1.7666, "x": 1, "y": 1 }
				]
			},
			"bone30": {
				"rotate": [
					{ "time": 0, "angle": 0, "curve": "stepped" },
					{ "time": 0.1, "angle": 0 },
					{ "time": 0.7333, "angle": -4.44 },
					{ "time": 1.2666, "angle": 15.02, "curve": "stepped" },
					{ "time": 1.7666, "angle": 15.02 }
				],
				"translate": [
					{ "time": 0, "x": 235.42, "y": -36.61 },
					{ "time": 0.1, "x": 232.93, "y": -40.48 },
					{ "time": 0.3333, "x": 205.51, "y": -70.3 },
					{ "time": 0.5333, "x": 195.88, "y": -56.9 },
					{ "time": 0.6666, "x": 195.77, "y": -50.06 },
					{ "time": 0.8, "x": 195.15, "y": -56.9 },
					{ "time": 0.9333, "x": 195.77, "y": -50.06 },
					{ "time": 1.0333, "x": 195.15, "y": -56.9 },
					{ "time": 1.1666, "x": 194.91, "y": -50.06 },
					{ "time": 1.3, "x": 192.87, "y": -56.9 },
					{ "time": 1.5, "x": 194.77, "y": -50.06 },
					{ "time": 1.6666, "x": 194.15, "y": -56.9, "curve": "stepped" },
					{ "time": 1.7666, "x": 194.15, "y": -56.9 }
				],
				"scale": [
					{ "time": 0, "x": 1, "y": 1, "curve": "stepped" },
					{ "time": 0.1, "x": 1, "y": 1 },
					{ "time": 1.2666, "x": 0.903, "y": 0.903, "curve": "stepped" },
					{ "time": 1.7666, "x": 0.903, "y": 0.903 }
				]
			},
			"bone31": {
				"rotate": [
					{ "time": 0, "angle": 0, "curve": "stepped" },
					{ "time": 0.5333, "angle": 0 },
					{ "time": 1, "angle": 7.17 },
					{ "time": 1.2666, "angle": -15.1 },
					{ "time": 1.3666, "angle": 0, "curve": "stepped" },
					{ "time": 1.5, "angle": 0, "curve": "stepped" },
					{ "time": 1.6333, "angle": 0, "curve": "stepped" },
					{ "time": 1.7666, "angle": 0 }
				],
				"translate": [
					{ "time": 0, "x": 0, "y": 0 },
					{ "time": 0.5333, "x": 94.71, "y": -39.21 },
					{ "time": 0.6333, "x": 94.71, "y": -46.44 },
					{ "time": 0.8666, "x": 99.56, "y": -75.23 },
					{ "time": 1.1333, "x": 152.18, "y": -61.08 },
					{ "time": 1.2333, "x": 152.18, "y": -52.95 },
					{ "time": 1.3666, "x": 152.18, "y": -61.08 },
					{ "time": 1.5, "x": 155.18, "y": -52.95 },
					{ "time": 1.6333, "x": 155.18, "y": -61.08 },
					{ "time": 1.7666, "x": 155.18, "y": -52.95 }
				],
				"scale": [
					{ "time": 0, "x": 1, "y": 1, "curve": "stepped" },
					{ "time": 0.5333, "x": 1, "y": 1, "curve": "stepped" },
					{ "time": 1.1333, "x": 1, "y": 1 },
					{ "time": 1.2666, "x": 0.9, "y": 0.9 },
					{ "time": 1.3666, "x": 1, "y": 1, "curve": "stepped" },
					{ "time": 1.5, "x": 1, "y": 1, "curve": "stepped" },
					{ "time": 1.6333, "x": 1, "y": 1, "curve": "stepped" },
					{ "time": 1.7666, "x": 1, "y": 1 }
				]
			},
			"bone29": {
				"rotate": [
					{ "time": 0, "angle": 0, "curve": "stepped" },
					{ "time": 0.5333, "angle": 0, "curve": "stepped" },
					{ "time": 1.1, "angle": 0, "curve": "stepped" },
					{ "time": 1.4333, "angle": 0, "curve": "stepped" },
					{ "time": 1.7666, "angle": 0 }
				],
				"translate": [
					{ "time": 0, "x": 0, "y": 0, "curve": "stepped" },
					{ "time": 0.5333, "x": 0, "y": 0, "curve": "stepped" },
					{ "time": 1.1, "x": 0, "y": 0, "curve": "stepped" },
					{ "time": 1.4333, "x": 0, "y": 0, "curve": "stepped" },
					{ "time": 1.7666, "x": 0, "y": 0 }
				],
				"scale": [
					{ "time": 0, "x": 1, "y": 1, "curve": "stepped" },
					{ "time": 0.5333, "x": 1, "y": 1, "curve": "stepped" },
					{ "time": 1.1, "x": 1, "y": 1, "curve": "stepped" },
					{ "time": 1.4333, "x": 1, "y": 1, "curve": "stepped" },
					{ "time": 1.7666, "x": 1, "y": 1 }
				]
			},
			"bone28": {
				"rotate": [
					{ "time": 0, "angle": 0, "curve": "stepped" },
					{ "time": 0.5333, "angle": 0, "curve": "stepped" },
					{ "time": 1.1, "angle": 0, "curve": "stepped" },
					{ "time": 1.4333, "angle": 0, "curve": "stepped" },
					{ "time": 1.7666, "angle": 0 }
				],
				"translate": [
					{ "time": 0, "x": 0, "y": 0, "curve": "stepped" },
					{ "time": 0.5333, "x": 0, "y": 0, "curve": "stepped" },
					{ "time": 1.1, "x": 0, "y": 0, "curve": "stepped" },
					{ "time": 1.4333, "x": 0, "y": 0, "curve": "stepped" },
					{ "time": 1.7666, "x": 0, "y": 0 }
				],
				"scale": [
					{ "time": 0, "x": 1, "y": 1, "curve": "stepped" },
					{ "time": 0.5333, "x": 1, "y": 1, "curve": "stepped" },
					{ "time": 1.1, "x": 1, "y": 1, "curve": "stepped" },
					{ "time": 1.4333, "x": 1, "y": 1, "curve": "stepped" },
					{ "time": 1.7666, "x": 1, "y": 1 }
				]
			},
			"bone27": {
				"rotate": [
					{ "time": 0, "angle": 0, "curve": "stepped" },
					{ "time": 0.1, "angle": 0 },
					{ "time": 0.2, "angle": -78.04 },
					{ "time": 0.3, "angle": 0 },
					{ "time": 0.4, "angle": -78.04 },
					{ "time": 0.5, "angle": 0 },
					{ "time": 0.6, "angle": -78.04 },
					{ "time": 0.7, "angle": 0 },
					{ "time": 0.8, "angle": -78.04 },
					{ "time": 0.9, "angle": 0 },
					{ "time": 1, "angle": -78.04 },
					{ "time": 1.0666, "angle": 0 },
					{ "time": 1.1666, "angle": -78.04, "curve": "stepped" },
					{ "time": 1.7666, "angle": -78.04 }
				],
				"translate": [
					{ "time": 0, "x": 0, "y": 0, "curve": "stepped" },
					{ "time": 0.1, "x": 0, "y": 0, "curve": "stepped" },
					{ "time": 0.2, "x": 0, "y": 0, "curve": "stepped" },
					{ "time": 0.3, "x": 0, "y": 0, "curve": "stepped" },
					{ "time": 0.4, "x": 0, "y": 0, "curve": "stepped" },
					{ "time": 0.5, "x": 0, "y": 0, "curve": "stepped" },
					{ "time": 0.6, "x": 0, "y": 0, "curve": "stepped" },
					{ "time": 0.7, "x": 0, "y": 0, "curve": "stepped" },
					{ "time": 0.8, "x": 0, "y": 0, "curve": "stepped" },
					{ "time": 0.9, "x": 0, "y": 0, "curve": "stepped" },
					{ "time": 1, "x": 0, "y": 0, "curve": "stepped" },
					{ "time": 1.0666, "x": 0, "y": 0, "curve": "stepped" },
					{ "time": 1.1666, "x": 0, "y": 0, "curve": "stepped" },
					{ "time": 1.7666, "x": 0, "y": 0 }
				],
				"scale": [
					{ "time": 0, "x": 1, "y": 1, "curve": "stepped" },
					{ "time": 0.1, "x": 1, "y": 1, "curve": "stepped" },
					{ "time": 0.2, "x": 1, "y": 1, "curve": "stepped" },
					{ "time": 0.3, "x": 1, "y": 1, "curve": "stepped" },
					{ "time": 0.4, "x": 1, "y": 1, "curve": "stepped" },
					{ "time": 0.5, "x": 1, "y": 1, "curve": "stepped" },
					{ "time": 0.6, "x": 1, "y": 1, "curve": "stepped" },
					{ "time": 0.7, "x": 1, "y": 1, "curve": "stepped" },
					{ "time": 0.8, "x": 1, "y": 1, "curve": "stepped" },
					{ "time": 0.9, "x": 1, "y": 1, "curve": "stepped" },
					{ "time": 1, "x": 1, "y": 1, "curve": "stepped" },
					{ "time": 1.0666, "x": 1, "y": 1, "curve": "stepped" },
					{ "time": 1.1666, "x": 1, "y": 1, "curve": "stepped" },
					{ "time": 1.7666, "x": 1, "y": 1 }
				]
			},
			"bone26": {
				"rotate": [
					{ "time": 0, "angle": 0, "curve": "stepped" },
					{ "time": 0.1, "angle": 0 },
					{ "time": 0.2, "angle": 89.8 },
					{ "time": 0.3, "angle": 0 },
					{ "time": 0.4, "angle": 89.8 },
					{ "time": 0.5, "angle": 0 },
					{ "time": 0.6, "angle": 89.8 },
					{ "time": 0.7, "angle": 0 },
					{ "time": 0.8, "angle": 89.8 },
					{ "time": 0.9, "angle": 0 },
					{ "time": 1, "angle": 89.8 },
					{ "time": 1.0666, "angle": 0 },
					{ "time": 1.1666, "angle": 89.8, "curve": "stepped" },
					{ "time": 1.7666, "angle": 89.8 }
				],
				"translate": [
					{ "time": 0, "x": 0, "y": 0, "curve": "stepped" },
					{ "time": 0.1, "x": 0, "y": 0, "curve": "stepped" },
					{ "time": 0.2, "x": 0, "y": 0, "curve": "stepped" },
					{ "time": 0.3, "x": 0, "y": 0, "curve": "stepped" },
					{ "time": 0.4, "x": 0, "y": 0, "curve": "stepped" },
					{ "time": 0.5, "x": 0, "y": 0, "curve": "stepped" },
					{ "time": 0.6, "x": 0, "y": 0, "curve": "stepped" },
					{ "time": 0.7, "x": 0, "y": 0, "curve": "stepped" },
					{ "time": 0.8, "x": 0, "y": 0, "curve": "stepped" },
					{ "time": 0.9, "x": 0, "y": 0, "curve": "stepped" },
					{ "time": 1, "x": 0, "y": 0, "curve": "stepped" },
					{ "time": 1.0666, "x": 0, "y": 0, "curve": "stepped" },
					{ "time": 1.1666, "x": 0, "y": 0, "curve": "stepped" },
					{ "time": 1.7666, "x": 0, "y": 0 }
				],
				"scale": [
					{ "time": 0, "x": 1, "y": 1, "curve": "stepped" },
					{ "time": 0.1, "x": 1, "y": 1, "curve": "stepped" },
					{ "time": 0.2, "x": 1, "y": 1, "curve": "stepped" },
					{ "time": 0.3, "x": 1, "y": 1, "curve": "stepped" },
					{ "time": 0.4, "x": 1, "y": 1, "curve": "stepped" },
					{ "time": 0.5, "x": 1, "y": 1, "curve": "stepped" },
					{ "time": 0.6, "x": 1, "y": 1, "curve": "stepped" },
					{ "time": 0.7, "x": 1, "y": 1, "curve": "stepped" },
					{ "time": 0.8, "x": 1, "y": 1, "curve": "stepped" },
					{ "time": 0.9, "x": 1, "y": 1, "curve": "stepped" },
					{ "time": 1, "x": 1, "y": 1, "curve": "stepped" },
					{ "time": 1.0666, "x": 1, "y": 1, "curve": "stepped" },
					{ "time": 1.1666, "x": 1, "y": 1, "curve": "stepped" },
					{ "time": 1.7666, "x": 1, "y": 1 }
				]
			},
			"bone24": {
				"rotate": [
					{ "time": 0, "angle": 0, "curve": "stepped" },
					{ "time": 0.5333, "angle": 0, "curve": "stepped" },
					{ "time": 1.1, "angle": 0, "curve": "stepped" },
					{ "time": 1.4333, "angle": 0, "curve": "stepped" },
					{ "time": 1.7666, "angle": 0 }
				],
				"translate": [
					{ "time": 0, "x": 0, "y": 0, "curve": "stepped" },
					{ "time": 0.5333, "x": 0, "y": 0, "curve": "stepped" },
					{ "time": 1.1, "x": 0, "y": 0, "curve": "stepped" },
					{ "time": 1.4333, "x": 0, "y": 0, "curve": "stepped" },
					{ "time": 1.7666, "x": 0, "y": 0 }
				],
				"scale": [
					{ "time": 0, "x": 1, "y": 1, "curve": "stepped" },
					{ "time": 0.5333, "x": 1, "y": 1, "curve": "stepped" },
					{ "time": 1.1, "x": 1, "y": 1, "curve": "stepped" },
					{ "time": 1.4333, "x": 1, "y": 1, "curve": "stepped" },
					{ "time": 1.7666, "x": 1, "y": 1 }
				]
			},
			"bone20": {
				"rotate": [
					{ "time": 0, "angle": -4.84, "curve": "stepped" },
					{ "time": 0.0666, "angle": -4.84, "curve": "stepped" },
					{ "time": 0.5333, "angle": -4.84, "curve": "stepped" },
					{ "time": 1.1, "angle": -4.84, "curve": "stepped" },
					{ "time": 1.7666, "angle": -4.84 }
				],
				"translate": [
					{ "time": 0, "x": 42.7, "y": 44.68, "curve": "stepped" },
					{ "time": 0.0666, "x": 42.7, "y": 44.68, "curve": "stepped" },
					{ "time": 0.5333, "x": 42.7, "y": 44.68, "curve": "stepped" },
					{ "time": 1.1, "x": 42.7, "y": 44.68, "curve": "stepped" },
					{ "time": 1.7666, "x": 42.7, "y": 44.68 }
				],
				"scale": [
					{ "time": 0, "x": 1, "y": 1, "curve": "stepped" },
					{ "time": 0.0666, "x": 1, "y": 1, "curve": "stepped" },
					{ "time": 0.5333, "x": 1, "y": 1, "curve": "stepped" },
					{ "time": 1.1, "x": 1, "y": 1, "curve": "stepped" },
					{ "time": 1.7666, "x": 1, "y": 1 }
				]
			},
			"bone33": {
				"rotate": [
					{ "time": 0, "angle": 0, "curve": "stepped" },
					{ "time": 0.5333, "angle": 0, "curve": "stepped" },
					{ "time": 1.1, "angle": 0, "curve": "stepped" },
					{ "time": 1.7666, "angle": 0 }
				],
				"translate": [
					{ "time": 0, "x": 0, "y": 0, "curve": "stepped" },
					{ "time": 0.5333, "x": 0, "y": 0, "curve": "stepped" },
					{ "time": 1.1, "x": 0, "y": 0, "curve": "stepped" },
					{ "time": 1.7666, "x": 0, "y": 0 }
				],
				"scale": [
					{ "time": 0, "x": 1, "y": 1, "curve": "stepped" },
					{ "time": 0.5333, "x": 1, "y": 1, "curve": "stepped" },
					{ "time": 1.1, "x": 1, "y": 1, "curve": "stepped" },
					{ "time": 1.7666, "x": 1, "y": 1 }
				]
			},
			"bone35": {
				"rotate": [
					{ "time": 0, "angle": 0, "curve": "stepped" },
					{ "time": 0.5333, "angle": 0 },
					{ "time": 0.7, "angle": -4.49, "curve": "stepped" },
					{ "time": 0.8, "angle": -4.49 },
					{ "time": 0.9, "angle": 5.59 },
					{ "time": 1, "angle": -4.49 },
					{ "time": 1.0666, "angle": 5.59 },
					{ "time": 1.1666, "angle": -4.49 },
					{ "time": 1.2666, "angle": 5.59 },
					{ "time": 1.4333, "angle": -4.49 },
					{ "time": 1.5666, "angle": 5.59, "curve": "stepped" },
					{ "time": 1.7666, "angle": 5.59 }
				],
				"translate": [
					{ "time": 0, "x": 0, "y": 0, "curve": "stepped" },
					{ "time": 0.5333, "x": 0, "y": 0 },
					{ "time": 0.7, "x": 2.18, "y": -1.15 },
					{ "time": 0.8, "x": 1.85, "y": -1.11 },
					{ "time": 0.9, "x": 2.16, "y": -0.59 },
					{ "time": 1, "x": 2.18, "y": -1.15 },
					{ "time": 1.0666, "x": 2.16, "y": -0.59 },
					{ "time": 1.1666, "x": 2.29, "y": -1.16 },
					{ "time": 1.2666, "x": 2.65, "y": -0.65 },
					{ "time": 1.4333, "x": 2.18, "y": -1.15 },
					{ "time": 1.5666, "x": 2.16, "y": -0.59, "curve": "stepped" },
					{ "time": 1.7666, "x": 2.16, "y": -0.59 }
				],
				"scale": [
					{ "time": 0, "x": 1, "y": 1, "curve": "stepped" },
					{ "time": 0.5333, "x": 1, "y": 1, "curve": "stepped" },
					{ "time": 1.7666, "x": 1, "y": 1 }
				]
			},
			"bone39": {
				"rotate": [
					{ "time": 0, "angle": 0, "curve": "stepped" },
					{ "time": 0.5333, "angle": 0, "curve": "stepped" },
					{ "time": 1.1, "angle": 0, "curve": "stepped" },
					{ "time": 1.7666, "angle": 0 }
				],
				"translate": [
					{ "time": 0, "x": 0, "y": 0, "curve": "stepped" },
					{ "time": 0.5333, "x": 0, "y": 0, "curve": "stepped" },
					{ "time": 1.1, "x": 0, "y": 0, "curve": "stepped" },
					{ "time": 1.7666, "x": 0, "y": 0 }
				],
				"scale": [
					{ "time": 0, "x": 1, "y": 1, "curve": "stepped" },
					{ "time": 0.5333, "x": 1, "y": 1, "curve": "stepped" },
					{ "time": 1.1, "x": 1, "y": 1, "curve": "stepped" },
					{ "time": 1.7666, "x": 1, "y": 1 }
				]
			},
			"bone38": {
				"rotate": [
					{ "time": 0, "angle": 0, "curve": "stepped" },
					{ "time": 0.5333, "angle": 0, "curve": "stepped" },
					{ "time": 1.1, "angle": 0, "curve": "stepped" },
					{ "time": 1.7666, "angle": 0 }
				],
				"translate": [
					{ "time": 0, "x": 0, "y": 0, "curve": "stepped" },
					{ "time": 0.5333, "x": 0, "y": 0, "curve": "stepped" },
					{ "time": 1.1, "x": 0, "y": 0, "curve": "stepped" },
					{ "time": 1.7666, "x": 0, "y": 0 }
				],
				"scale": [
					{ "time": 0, "x": 1, "y": 1, "curve": "stepped" },
					{ "time": 0.5333, "x": 1, "y": 1, "curve": "stepped" },
					{ "time": 1.1, "x": 1, "y": 1, "curve": "stepped" },
					{ "time": 1.7666, "x": 1, "y": 1 }
				]
			},
			"bone37": {
				"rotate": [
					{ "time": 0, "angle": 0, "curve": "stepped" },
					{ "time": 0.5333, "angle": 0 },
					{ "time": 0.6, "angle": -93.3 },
					{ "time": 0.7, "angle": 0 },
					{ "time": 0.8, "angle": -93.3 },
					{ "time": 0.9, "angle": 0 },
					{ "time": 1, "angle": -93.3 },
					{ "time": 1.0666, "angle": 0 },
					{ "time": 1.1666, "angle": -93.3 },
					{ "time": 1.2666, "angle": 0, "curve": "stepped" },
					{ "time": 1.7666, "angle": 0 }
				],
				"translate": [
					{ "time": 0, "x": 0, "y": 0, "curve": "stepped" },
					{ "time": 0.5333, "x": 0, "y": 0, "curve": "stepped" },
					{ "time": 0.6, "x": 0, "y": 0, "curve": "stepped" },
					{ "time": 0.7, "x": 0, "y": 0, "curve": "stepped" },
					{ "time": 0.8, "x": 0, "y": 0, "curve": "stepped" },
					{ "time": 0.9, "x": 0, "y": 0, "curve": "stepped" },
					{ "time": 1, "x": 0, "y": 0, "curve": "stepped" },
					{ "time": 1.0666, "x": 0, "y": 0, "curve": "stepped" },
					{ "time": 1.1666, "x": 0, "y": 0, "curve": "stepped" },
					{ "time": 1.2666, "x": 0, "y": 0, "curve": "stepped" },
					{ "time": 1.7666, "x": 0, "y": 0 }
				],
				"scale": [
					{ "time": 0, "x": 1, "y": 1, "curve": "stepped" },
					{ "time": 0.5333, "x": 1, "y": 1, "curve": "stepped" },
					{ "time": 0.6, "x": 1, "y": 1, "curve": "stepped" },
					{ "time": 0.7, "x": 1, "y": 1, "curve": "stepped" },
					{ "time": 0.8, "x": 1, "y": 1, "curve": "stepped" },
					{ "time": 0.9, "x": 1, "y": 1, "curve": "stepped" },
					{ "time": 1, "x": 1, "y": 1, "curve": "stepped" },
					{ "time": 1.0666, "x": 1, "y": 1, "curve": "stepped" },
					{ "time": 1.1666, "x": 1, "y": 1, "curve": "stepped" },
					{ "time": 1.2666, "x": 1, "y": 1, "curve": "stepped" },
					{ "time": 1.7666, "x": 1, "y": 1 }
				]
			},
			"bone36": {
				"rotate": [
					{ "time": 0, "angle": 0, "curve": "stepped" },
					{ "time": 0.5333, "angle": 0 },
					{ "time": 0.6, "angle": 106.08 },
					{ "time": 0.7, "angle": 0 },
					{ "time": 0.8, "angle": 106.08 },
					{ "time": 0.9, "angle": 0 },
					{ "time": 1, "angle": 106.08 },
					{ "time": 1.0666, "angle": 0 },
					{ "time": 1.1666, "angle": 106.08 },
					{ "time": 1.2666, "angle": 0, "curve": "stepped" },
					{ "time": 1.7666, "angle": 0 }
				],
				"translate": [
					{ "time": 0, "x": 0, "y": 0, "curve": "stepped" },
					{ "time": 0.5333, "x": 0, "y": 0, "curve": "stepped" },
					{ "time": 0.6, "x": 0, "y": 0, "curve": "stepped" },
					{ "time": 0.7, "x": 0, "y": 0, "curve": "stepped" },
					{ "time": 0.8, "x": 0, "y": 0, "curve": "stepped" },
					{ "time": 0.9, "x": 0, "y": 0, "curve": "stepped" },
					{ "time": 1, "x": 0, "y": 0, "curve": "stepped" },
					{ "time": 1.0666, "x": 0, "y": 0, "curve": "stepped" },
					{ "time": 1.1666, "x": 0, "y": 0, "curve": "stepped" },
					{ "time": 1.2666, "x": 0, "y": 0, "curve": "stepped" },
					{ "time": 1.7666, "x": 0, "y": 0 }
				],
				"scale": [
					{ "time": 0, "x": 1, "y": 1, "curve": "stepped" },
					{ "time": 0.5333, "x": 1, "y": 1, "curve": "stepped" },
					{ "time": 0.6, "x": 1, "y": 1, "curve": "stepped" },
					{ "time": 0.7, "x": 1, "y": 1, "curve": "stepped" },
					{ "time": 0.8, "x": 1, "y": 1, "curve": "stepped" },
					{ "time": 0.9, "x": 1, "y": 1, "curve": "stepped" },
					{ "time": 1, "x": 1, "y": 1, "curve": "stepped" },
					{ "time": 1.0666, "x": 1, "y": 1, "curve": "stepped" },
					{ "time": 1.1666, "x": 1, "y": 1, "curve": "stepped" },
					{ "time": 1.2666, "x": 1, "y": 1, "curve": "stepped" },
					{ "time": 1.7666, "x": 1, "y": 1 }
				]
			},
			"bone34": {
				"rotate": [
					{ "time": 0, "angle": 0, "curve": "stepped" },
					{ "time": 0.5333, "angle": 0, "curve": "stepped" },
					{ "time": 1.1, "angle": 0, "curve": "stepped" },
					{ "time": 1.7666, "angle": 0 }
				],
				"translate": [
					{ "time": 0, "x": 0, "y": 0, "curve": "stepped" },
					{ "time": 0.5333, "x": 0, "y": 0, "curve": "stepped" },
					{ "time": 1.1, "x": 0, "y": 0, "curve": "stepped" },
					{ "time": 1.7666, "x": 0, "y": 0 }
				],
				"scale": [
					{ "time": 0, "x": 1, "y": 1, "curve": "stepped" },
					{ "time": 0.5333, "x": 1, "y": 1, "curve": "stepped" },
					{ "time": 1.1, "x": 1, "y": 1, "curve": "stepped" },
					{ "time": 1.7666, "x": 1, "y": 1 }
				]
			},
			"bone32": {
				"rotate": [
					{ "time": 0, "angle": 0, "curve": "stepped" },
					{ "time": 0.5333, "angle": 0, "curve": "stepped" },
					{ "time": 1.7666, "angle": 0 }
				],
				"translate": [
					{ "time": 0, "x": 0, "y": 0 },
					{ "time": 0.5333, "x": -3.83, "y": 7.23, "curve": "stepped" },
					{ "time": 0.6333, "x": -3.83, "y": 7.23, "curve": "stepped" },
					{ "time": 1.7666, "x": -3.83, "y": 7.23 }
				],
				"scale": [
					{ "time": 0, "x": 1, "y": 1, "curve": "stepped" },
					{ "time": 0.5333, "x": 1, "y": 1, "curve": "stepped" },
					{ "time": 1.1, "x": 1, "y": 1, "curve": "stepped" },
					{ "time": 1.7666, "x": 1, "y": 1 }
				]
			}
		},
		"ffd": {
			"default": {
				"beizhuaqianhen": {
					"beizhuaqianhen": [
						{ "time": 0, "curve": "stepped" },
						{ "time": 0.5333, "curve": "stepped" },
						{ "time": 1.1, "curve": "stepped" },
						{ "time": 1.3, "curve": "stepped" },
						{ "time": 1.4333, "curve": "stepped" },
						{ "time": 1.7666 }
					]
				},
				"beizhuaqianhen2": {
					"beizhuaqianhen": [
						{ "time": 0, "curve": "stepped" },
						{ "time": 0.5333, "curve": "stepped" },
						{ "time": 1.1, "curve": "stepped" },
						{ "time": 1.3, "curve": "stepped" },
						{ "time": 1.7666 }
					]
				},
				"bone2": {
					"tou": [
						{ "time": 0, "curve": "stepped" },
						{ "time": 0.5333, "curve": "stepped" },
						{ "time": 1.1, "curve": "stepped" },
						{ "time": 1.3, "curve": "stepped" },
						{ "time": 1.4333, "curve": "stepped" },
						{ "time": 1.7666 }
					]
				},
				"huzi2": {
					"huzi": [
						{ "time": 0, "curve": "stepped" },
						{ "time": 0.5333, "curve": "stepped" },
						{ "time": 1.1, "curve": "stepped" },
						{ "time": 1.3, "curve": "stepped" },
						{ "time": 1.4333, "curve": "stepped" },
						{ "time": 1.7666 }
					]
				},
				"ji1": {
					"ji1": [
						{ "time": 0, "curve": "stepped" },
						{ "time": 0.5333, "curve": "stepped" },
						{ "time": 1.1 },
						{
							"time": 1.3,
							"vertices": [ -0.08818, 5.81574, 0.4205, 4.76349, 0.59639, 3.7014, -0.01219, 2.84763, -2.47238, 1.41292, 0, 0, 0, 0, 0, 0, 0, 0, 0, 0, 0, 0, 0, 0, 0, 0, 0, 0, 0, 0, 0, 0, 0, 0, 0, 0, 0, 0, 0, 0, 0, 0, 0, 0, -2.96082, 2.39014, -3.55013, -1.36953, -2.73852, 3.52898, -2.78599, 4.67128, -0.83886, 5.675, -0.81882, 5.67877, 0, 0, 0, 0, 0, 0, 0, 0, -1.3096, 2.57334, -2.88336, 0.15214, -1.1876, 3.55342 ]
						},
						{ "time": 1.4333, "curve": "stepped" },
						{ "time": 1.7666 }
					]
				},
				"ji2": {
					"ji2": [
						{ "time": 0, "curve": "stepped" },
						{ "time": 0.5333, "curve": "stepped" },
						{ "time": 1.1 },
						{
							"time": 1.3,
							"vertices": [ -2.05709, -1.90798, -2.30446, 0.16038, 0.91497, 2.17358, -1.29972, 1.9679, 0, 0, 0, 0, 0, 0, 0, 0, 0, 0, 0, 0, 0, 0, 0, 0, 0, 0, 0, 0, 0, 0, 0, 0, 0, 0, 0, 0, 0, 0, 0, 0, 0, 0, 1.80199, -0.01749, 1.01506, 1.48901, 2.11683, 0.56977, 2.21451, -2.54149, 1.75795, -5.10295, -0.1704, -5.25177, -1.64182, -4.85232, 0, 0, 0, 0, 0, 0, 0, 0, 0, 0, 1.388, 0.91869, 0.00659, 1.66454, -0.16426, -0.31146, -0.41929, -2.04545 ]
						},
						{ "time": 1.4333, "curve": "stepped" },
						{ "time": 1.7666 }
					]
				},
				"meimao2": {
					"meimao": [
						{ "time": 0, "curve": "stepped" },
						{ "time": 0.5333, "curve": "stepped" },
						{ "time": 1.1, "curve": "stepped" },
						{ "time": 1.3, "curve": "stepped" },
						{ "time": 1.4333, "curve": "stepped" },
						{ "time": 1.7666 }
					]
				},
				"toufa3": {
					"toufa": [
						{ "time": 0, "curve": "stepped" },
						{ "time": 0.5333, "curve": "stepped" },
						{ "time": 1.1, "curve": "stepped" },
						{ "time": 1.3, "curve": "stepped" },
						{ "time": 1.4333, "curve": "stepped" },
						{ "time": 1.7666 }
					]
				},
				"zui2": {
					"zui": [
						{ "time": 0, "curve": "stepped" },
						{ "time": 0.5333, "curve": "stepped" },
						{ "time": 1.1, "curve": "stepped" },
						{ "time": 1.3, "curve": "stepped" },
						{ "time": 1.4333, "curve": "stepped" },
						{ "time": 1.7666 }
					]
				}
			}
		},
		"drawOrder": [
			{ "time": 0 },
			{
				"time": 0.0666,
				"offsets": [
					{ "slot": "shoukai", "offset": -20 }
				]
			},
			{
				"time": 0.1,
				"offsets": [
					{ "slot": "shoukai", "offset": -6 }
				]
			},
			{
				"time": 0.6,
				"offsets": [
					{ "slot": "shoukai", "offset": -5 },
					{ "slot": "shoukai1", "offset": -11 }
				]
			},
			{
				"time": 0.6333,
				"offsets": [
					{ "slot": "shoukai", "offset": -6 },
					{ "slot": "shoukai1", "offset": -4 }
				]
			},
			{ "time": 1.4 },
			{ "time": 1.7666 }
		]
	}
}
}