{
"skeleton": { "hash": "7SZE0pSU9p+tJWHa+2T6IHHj0mk", "spine": "2.1.27", "width": 120, "height": 126.99, "images": "" },
"bones": [
	{ "name": "root" },
	{ "name": "bone", "parent": "root", "length": 38.91, "x": 0.84, "y": 0.7, "rotation": 90 },
	{ "name": "bone2", "parent": "bone", "length": 56.05, "x": 38.91, "y": -0.1, "rotation": 0.45 },
	{ "name": "bone12", "parent": "bone2", "length": 14.88, "x": -6.37, "y": 5.28, "rotation": 121.22 },
	{ "name": "bone13", "parent": "bone2", "length": 17.98, "x": -5.55, "y": -2.31, "rotation": -119.89 },
	{ "name": "bone14", "parent": "bone2", "length": 17.72, "x": 24.53, "y": -6.8, "rotation": -91.8 },
	{ "name": "bone15", "parent": "bone2", "length": 17.67, "x": 24.42, "y": 7.19, "rotation": 93.17 },
	{ "name": "bone16", "parent": "bone2", "x": 38.33, "y": 12.98 },
	{ "name": "bone17", "parent": "bone2", "x": 38.07, "y": -13.26 },
	{ "name": "bone3", "parent": "bone2", "length": 27.13, "x": 56.05, "y": 0.17, "rotation": -2.27 },
	{ "name": "bone4", "parent": "bone2", "length": 20.9, "x": 46.63, "y": -6.53, "rotation": -60.44 },
	{ "name": "bone5", "parent": "bone2", "length": 23.34, "x": 47.24, "y": 5.61, "rotation": 62.89 },
	{ "name": "bone6", "parent": "bone2", "length": 27.89, "x": 45.82, "y": 26.13, "rotation": 164.47 },
	{ "name": "bone9", "parent": "bone2", "length": 24.75, "x": 44.86, "y": -24.78, "rotation": -162.51 },
	{ "name": "bone10", "parent": "bone9", "length": 20.47, "x": 24.75, "y": 0.11, "rotation": -10.26 },
	{ "name": "bone7", "parent": "bone6", "length": 21.55, "x": 27.91, "y": -0.16, "rotation": 13.29 },
	{ "name": "bone11", "parent": "bone10", "length": 14.56, "x": 20.22, "y": -0.22, "rotation": -37.3 },
	{ "name": "bone8", "parent": "bone7", "length": 11.18, "x": 21.55, "y": 0.15, "rotation": 39.53 }
],
"slots": [
	{ "name": "shenti2", "bone": "bone", "attachment": "shenti" },
	{ "name": "tou", "bone": "bone2", "attachment": "tou" },
	{ "name": "zui2", "bone": "bone2", "attachment": "zui" },
	{ "name": "toufa2", "bone": "bone9", "attachment": "toufa" },
	{ "name": "touguan2", "bone": "bone3", "attachment": "touguan" },
	{ "name": "huzi2", "bone": "bone14", "attachment": "huzi" },
	{ "name": "bone4", "bone": "bone2", "attachment": "bizi" },
	{ "name": "bone3", "bone": "bone2", "attachment": "zuoyankuang" },
	{ "name": "zuoyanzhu2", "bone": "bone17", "attachment": "zuoyanzhu" },
	{ "name": "bone2", "bone": "bone2", "attachment": "youyankuang" },
	{ "name": "youyanzhu2", "bone": "bone16", "attachment": "youyanzhu" },
	{ "name": "meimao2", "bone": "bone4", "attachment": "meimao" },
	{ "name": "bowen", "bone": "root", "attachment": "bowen" }
],
"skins": {
	"default": {
		"bone2": {
			"youyankuang": {
				"type": "mesh",
				"uvs": [ 1, 1, 0, 1, 0, 0, 1, 0 ],
				"triangles": [ 1, 2, 3, 1, 3, 0 ],
				"vertices": [ 27.65, 3.04, 27.8, 24.04, 48.8, 23.88, 48.64, 2.88 ],
				"hull": 4,
				"edges": [ 0, 2, 2, 4, 4, 6, 0, 6 ],
				"width": 21,
				"height": 21
			}
		},
		"bone3": {
			"zuoyankuang": {
				"type": "mesh",
				"uvs": [ 1, 1, 0, 1, 0, 0, 1, 0 ],
				"triangles": [ 1, 2, 3, 1, 3, 0 ],
				"vertices": [ 27.43, -23.95, 27.59, -2.95, 48.59, -3.11, 48.43, -24.1 ],
				"hull": 4,
				"edges": [ 0, 2, 2, 4, 4, 6, 0, 6 ],
				"width": 21,
				"height": 21
			}
		},
		"bone4": {
			"bizi": { "x": 27.62, "y": 0.05, "rotation": -90.45, "width": 18, "height": 14 }
		},
		"bowen": {
			"bowen": {
				"type": "mesh",
				"uvs": [ 0.86035, 0.03587, 0.85252, 0.10637, 0.88777, 0.1539, 0.94853, 0.43616, 0.95103, 0.48454, 0.94172, 0.52558, 0.97003, 0.55461, 0.97934, 0.59907, 1, 0.93762, 1, 0.96171, 0.97831, 1, 0.95464, 1, 0.02552, 0.98043, 0.00755, 0.96679, 0, 0.73076, 0, 0.67069, 0.01058, 0.45896, 0.04771, 0.29509, 0.1254, 0, 0.15573, 0, 0.89795, 0.23989, 0.89129, 0.28422, 0.63083, 0.04815, 0.86145, 0.26953, 0.84245, 0.22134, 0.84545, 0.17953, 0.81745, 0.14589, 0.81679, 0.08316, 0.83412, 0.03708, 0.91484, 0.3443, 0.92416, 0.39268, 0.96358, 0.71634, 0.93348, 0.70706, 0.92739, 0.66992, 0.93706, 0.59419, 0.90732, 0.55558, 0.90194, 0.5077, 0.91377, 0.45151, 0.90087, 0.41242, 0.88833, 0.35818, 0.97235, 0.65107, 0.95831, 0.79171, 0.97497, 0.83308, 0.98997, 0.87126, 0.98797, 0.91581, 0.93531, 0.80899, 0.95164, 0.85444, 0.95497, 0.88808, 0.95132, 0.93853, 0.05155, 0.82088, 0.06288, 0.89452, 0.0612, 0.93543, 0.00855, 0.92225, 0.02621, 0.89997, 0.01554, 0.84998, 0.03188, 0.82225, 0.03958, 0.4583, 0.04103, 0.49521, 0.06906, 0.56046, 0.05891, 0.61187, 0.06519, 0.65471, 0.03958, 0.68634, 0.04068, 0.72615, 0.04745, 0.78019, 0.02328, 0.7914, 0.02231, 0.62587, 0.0286, 0.55864, 0.00975, 0.50591, 0.12522, 0.18536, 0.11871, 0.22571, 0.10628, 0.23861, 0.10569, 0.28138, 0.098, 0.33462, 0.07433, 0.38949, 0.04771, 0.36609, 0.06546, 0.32656, 0.07433, 0.25717, 0.0767, 0.2128, 0.10924, 0.18052, 0.16173, 0.05427, 0.1554, 0.11337, 0.12506, 0.10518 ],
				"triangles": [ 28, 19, 0, 22, 19, 28, 79, 19, 22, 27, 22, 28, 18, 19, 79, 81, 18, 79, 0, 27, 28, 1, 27, 0, 80, 81, 79, 26, 27, 1, 26, 1, 2, 25, 26, 2, 18, 81, 77, 68, 78, 81, 80, 68, 81, 78, 77, 81, 24, 26, 25, 69, 78, 68, 77, 78, 69, 70, 77, 69, 3, 20, 2, 25, 2, 20, 24, 25, 20, 18, 77, 17, 76, 77, 70, 23, 24, 20, 71, 76, 70, 21, 23, 20, 76, 17, 77, 17, 76, 71, 75, 17, 71, 72, 75, 71, 3, 29, 20, 21, 20, 29, 39, 23, 21, 39, 21, 29, 74, 17, 75, 72, 74, 75, 73, 74, 72, 3, 30, 29, 39, 29, 30, 38, 39, 30, 38, 30, 3, 37, 38, 3, 17, 74, 16, 56, 74, 73, 56, 16, 74, 37, 3, 4, 57, 56, 73, 16, 56, 57, 67, 16, 57, 36, 38, 37, 36, 37, 4, 5, 36, 4, 35, 36, 5, 66, 67, 57, 58, 57, 73, 66, 57, 58, 6, 34, 35, 6, 35, 5, 34, 6, 7, 59, 66, 58, 65, 67, 66, 65, 66, 59, 40, 34, 7, 60, 59, 58, 65, 59, 60, 33, 35, 34, 33, 34, 40, 67, 15, 16, 15, 67, 65, 61, 15, 65, 60, 61, 65, 31, 32, 33, 40, 31, 33, 62, 61, 60, 14, 15, 61, 14, 61, 62, 63, 62, 60, 63, 64, 14, 63, 14, 62, 41, 32, 31, 45, 32, 41, 49, 63, 60, 64, 63, 49, 55, 64, 49, 40, 43, 31, 42, 31, 43, 41, 31, 42, 45, 41, 42, 54, 14, 64, 54, 64, 55, 46, 45, 42, 8, 43, 7, 43, 40, 7, 46, 42, 43, 47, 46, 43, 35, 50, 49, 50, 53, 54, 54, 55, 49, 49, 50, 54, 44, 47, 43, 52, 14, 54, 52, 54, 53, 51, 53, 50, 52, 53, 51, 44, 43, 8, 47, 48, 45, 47, 45, 46, 48, 47, 44, 48, 44, 8, 48, 8, 9, 13, 14, 52, 13, 52, 51, 12, 13, 51, 10, 11, 48, 12, 45, 48, 51, 33, 32, 51, 35, 33, 35, 26, 36, 22, 26, 35, 39, 38, 36, 23, 39, 36, 24, 23, 36, 26, 24, 36, 51, 32, 45, 22, 27, 26, 80, 79, 22, 80, 69, 68, 80, 22, 69, 22, 71, 69, 71, 70, 69, 71, 22, 72, 22, 35, 72, 58, 73, 72, 72, 35, 58, 35, 60, 58, 60, 35, 49, 35, 51, 50, 45, 12, 51, 48, 11, 12, 9, 10, 48 ],
				"vertices": [ 44.92, 90.08, 43.98, 83.87999, 48.21, 79.69, 55.5, 54.85, 55.8, 50.6, 54.68, 46.99, 58.08, 44.43, 59.2, 40.52, 61.68, 10.73, 61.68, 8.60999, 59.08, 5.23999, 56.24, 5.23999, -55.25, 6.96, -57.41, 8.16, -58.31, 28.93, -58.31, 34.22, -57.04, 52.85, -52.59, 67.26999, -43.26, 93.24, -39.62, 93.24, 49.43, 72.12999, 48.63, 68.23, 17.37999, 89, 45.05, 69.51999, 42.77, 73.76, 43.13, 77.44, 39.77, 80.4, 39.68999, 85.92, 41.77, 89.97, 51.46, 62.94, 52.58, 58.68, 57.31, 30.2, 53.7, 31.02, 52.97, 34.28, 54.13, 40.95, 50.56, 44.35, 49.91, 48.56, 51.33, 53.5, 49.78, 56.94, 48.28, 61.72, 58.36, 35.93999, 56.68, 23.57, 58.68, 19.93, 60.48, 16.57, 60.24, 12.65, 53.92, 22.05, 55.88, 18.04999, 56.28, 15.09, 55.84, 10.65, -52.13, 21, -50.77, 14.52, -50.97, 10.92, -57.29, 12.08, -55.17, 14.04, -56.45, 18.44, -54.49, 20.87999, -53.56, 52.91, -53.39, 49.66, -50.02, 43.92, -51.24, 39.39, -50.49, 35.62, -53.56, 32.84, -53.43, 29.34, -52.62, 24.58, -55.52, 23.59, -55.63, 38.16, -54.88, 44.08, -57.14, 48.72, -43.29, 76.92, -44.07, 73.37, -45.56, 72.24, -45.63, 68.48, -46.55, 63.79, -49.39, 58.96, -52.59, 61.02, -50.46, 64.5, -49.39, 70.61, -49.11, 74.51, -45.2, 77.35, -38.9, 88.46, -39.66, 83.26, -43.3, 83.98 ],
				"hull": 20,
				"edges": [ 0, 2, 2, 4, 4, 40, 40, 42, 42, 46, 46, 48, 48, 50, 50, 52, 52, 54, 54, 56, 56, 0, 58, 60, 60, 6, 6, 8, 8, 10, 10, 12, 12, 14, 62, 64, 64, 66, 66, 68, 68, 70, 70, 72, 72, 74, 74, 76, 76, 78, 78, 58, 14, 80, 80, 62, 82, 84, 84, 86, 86, 88, 88, 16, 82, 90, 90, 92, 92, 94, 94, 96, 96, 22, 16, 18, 20, 22, 18, 20, 98, 100, 100, 102, 102, 24, 24, 26, 26, 104, 104, 106, 106, 108, 108, 110, 110, 98, 32, 112, 112, 114, 114, 116, 116, 118, 118, 120, 120, 122, 122, 124, 124, 126, 126, 128, 128, 28, 28, 30, 30, 130, 130, 132, 132, 134, 134, 32, 136, 138, 138, 140, 140, 142, 142, 144, 144, 146, 146, 148, 148, 150, 150, 34, 34, 152, 152, 154, 154, 156, 156, 136, 38, 158, 158, 160, 160, 162, 36, 38, 162, 36, 30, 32, 32, 34, 34, 36, 22, 24, 26, 28, 38, 0, 14, 16, 4, 6 ],
				"width": 120,
				"height": 88
			}
		},
		"huzi2": {
			"huzi": {
				"type": "skinnedmesh",
				"uvs": [ 1, 0.19327, 1, 0.6966, 0.88724, 1, 0.66222, 1, 0.49743, 0.8852, 0.33342, 1, 0.13533, 1, 0, 0.67244, 0, 0.21443, 0.07252, 0, 0.15339, 0, 0.3099, 0, 0.49829, 0.25186, 0.65155, 0.04546, 0.79293, 0, 0.90173, 0 ],
				"triangles": [ 10, 7, 8, 11, 6, 10, 10, 8, 9, 10, 6, 7, 5, 6, 11, 5, 11, 12, 4, 5, 12, 14, 15, 0, 14, 2, 13, 13, 3, 12, 2, 3, 13, 3, 4, 12, 14, 1, 2, 14, 0, 1 ],
				"vertices": [ 2, 5, 18.03, 4.13, 0.99999, 6, -32.29, -1.9, 0, 2, 5, 18.17, -1.89, 0.99999, 6, -31.91, 4.12, 0, 2, 5, 12.62, -5.67, 0.99654, 6, -26.06, 7.4, 0.00345, 2, 5, 1.37, -5.93, 0.8693, 6, -14.83, 6.69, 0.13068, 2, 5, -6.89, -4.75, 0.50001, 6, -6.69, 4.79, 0.49998, 2, 5, -15.06, -6.32, 0.12772, 6, 1.57, 5.65, 0.87227, 2, 5, -24.96, -6.55, 0.00313, 6, 11.45, 5.03, 0.99686, 1, 6, 17.95999, 0.68, 1, 1, 6, 17.61, -4.8, 1, 1, 6, 13.83, -7.14, 1, 1, 6, 9.8, -6.88, 1, 2, 5, -16.51, 5.64, 0.12887, 6, 1.99, -6.39, 0.87112, 2, 5, -7.03, 2.84, 0.49849, 6, -7.21, -2.78, 0.5015, 2, 5, 0.57, 5.5, 0.87044, 6, -15.02, -4.77, 0.12954, 2, 5, 7.62, 6.21, 0.99815, 6, -22.11, -4.87, 0.00184, 2, 5, 13.06, 6.34, 0.99998, 6, -27.54, -4.52, 1.0E-5 ],
				"hull": 16,
				"edges": [ 24, 8, 8, 6, 8, 10, 24, 26, 26, 28, 28, 30, 30, 0, 0, 2, 4, 6, 2, 4, 10, 12, 14, 12, 14, 16, 16, 18, 24, 22, 22, 10, 26, 6, 18, 20, 20, 22, 12, 20, 4, 28 ],
				"width": 50,
				"height": 12
			}
		},
		"meimao2": {
			"meimao": {
				"type": "skinnedmesh",
				"uvs": [ 1, 1, 0.54977, 1, 0.46654, 1, 0, 1, 0, 0, 0.46225, 0, 0.56592, 0, 1, 0 ],
				"triangles": [ 1, 2, 5, 3, 5, 2, 3, 4, 5, 1, 6, 0, 6, 7, 0, 6, 1, 5 ],
				"vertices": [ 1, 10, 15.04, -11.06, 1, 1, 10, -4.44, 0.18, 1, 1, 11, -4.77, 0.48, 1, 1, 11, 16.07, 10.94, 1, 1, 11, 22.8, -2.45, 1, 1, 11, 2.14, -12.82, 1, 1, 10, 3.74, 12.77, 1, 1, 10, 22.54, 1.92, 1 ],
				"hull": 8,
				"edges": [ 6, 8, 0, 14, 12, 14, 0, 2, 12, 2, 2, 4, 4, 6, 8, 10, 10, 12, 4, 10 ],
				"width": 50,
				"height": 15
			}
		},
		"shenti2": {
			"shenti": {
				"type": "mesh",
				"uvs": [ 0.91024, 0.16058, 1, 0.57239, 1, 1, 0.75111, 1, 0.31668, 1, 0, 1, 0, 0.64537, 0.09694, 0.14494, 0.25354, 0, 0.3091, 0, 0.74101, 0 ],
				"triangles": [ 4, 5, 6, 10, 4, 9, 7, 8, 9, 9, 4, 6, 6, 7, 9, 3, 10, 1, 3, 4, 10, 10, 0, 1, 3, 1, 2 ],
				"vertices": [ 35.98, -39.13, 16.62999, -47.84, -3.46, -47.84, -3.46, -23.69, -3.46, 18.44, -3.46, 49.15, 13.2, 49.15, 36.72, 39.75, 43.53, 24.56, 43.53, 19.17, 43.53, -22.71 ],
				"hull": 11,
				"edges": [ 8, 10, 18, 8, 18, 20, 4, 6, 6, 8, 20, 6, 10, 12, 12, 14, 16, 18, 14, 16, 20, 0, 4, 2, 0, 2 ],
				"width": 97,
				"height": 47
			}
		},
		"tou": {
			"tou": { "x": 25.12, "y": 0.57, "rotation": -90.45, "width": 53, "height": 63 }
		},
		"toufa2": {
			"toufa": {
				"type": "skinnedmesh",
				"uvs": [ 0.80989, 0.1264, 0.83698, 0.23834, 0.89927, 0.33705, 0.95308, 0.43753, 0.98789, 0.7308, 0.97071, 0.84417, 0.89417, 0.92363, 0.67361, 1, 0.5732, 1, 0.49938, 0.93083, 0.42392, 1, 0.35208, 1, 0.12384, 0.9397, 0.09093, 0.90308, 0.02956, 0.83482, 0, 0.72086, 0.04373, 0.59502, 0.04159, 0.49201, 0.07211, 0.37749, 0.16234, 0.23904, 0.19208, 0.11788, 0.23669, 0, 0.27926, 0, 0.34466, 0, 0.65958, 0, 0.72696, 0, 0.77973, 0, 0.2585, 0.49256, 0.27582, 0.3731, 0.27677, 0.24076, 0.28194, 0.11874, 0.30697, 0.73276, 0.26521, 0.65547, 0.25403, 0.57718, 0.29292, 0.82201, 0.23876, 0.9183, 0.4593, 0.71989, 0.54418, 0.72493, 0.57596, 0.7892, 0.64993, 0.77912, 0.70064, 0.81347, 0.71535, 0.91366, 0.42548, 0.78921, 0.33806, 0.77113, 0.29723, 0.83743, 0.28486, 0.9399, 0.73783, 0.46403, 0.72762, 0.36294, 0.72239, 0.25622, 0.72406, 0.13872, 0.69623, 0.7115, 0.74524, 0.59571, 0.96066, 0.58767, 0.78954, 0.94508, 0.72137, 0.85848, 0.7022, 0.78955, 0.83409, 0.81638, 0.85099, 0.72174, 0.85731, 0.59153, 0.84736, 0.45054, 0.81747, 0.34939, 0.78354, 0.24668, 0.762, 0.13327, 0.61272, 0.88623, 0.54657, 0.84356, 0.50327, 0.7303, 0.38708, 0.90181, 0.4587, 0.85288, 0.19557, 0.86109, 0.16392, 0.78539, 0.1397, 0.68641, 0.13219, 0.58752, 0.14281, 0.49226, 0.17612, 0.37525, 0.21377, 0.23982, 0.23314, 0.11827 ],
				"triangles": [ 42, 43, 36, 51, 36, 32, 65, 67, 42, 65, 42, 36, 51, 37, 36, 65, 36, 37, 38, 65, 37, 43, 31, 36, 39, 37, 50, 64, 65, 38, 67, 65, 64, 38, 37, 39, 44, 34, 43, 66, 43, 42, 66, 42, 67, 44, 43, 66, 66, 67, 9, 45, 44, 66, 11, 45, 66, 11, 12, 45, 10, 66, 9, 11, 66, 10, 45, 35, 44, 40, 39, 55, 63, 38, 39, 63, 39, 40, 41, 63, 40, 64, 38, 63, 54, 41, 40, 9, 67, 64, 9, 64, 63, 8, 9, 63, 7, 63, 41, 8, 63, 7, 7, 41, 53, 55, 50, 57, 56, 55, 57, 54, 40, 55, 5, 57, 4, 56, 57, 5, 56, 54, 55, 6, 56, 5, 53, 54, 56, 53, 56, 6, 41, 54, 53, 7, 53, 6, 39, 50, 55, 4, 52, 3, 59, 3, 52, 58, 59, 52, 46, 59, 58, 51, 46, 58, 51, 27, 46, 57, 51, 58, 50, 51, 57, 50, 37, 51, 57, 58, 52, 4, 57, 52, 62, 25, 26, 62, 26, 0, 49, 24, 25, 49, 25, 62, 61, 62, 0, 61, 0, 1, 49, 23, 24, 49, 62, 61, 48, 49, 61, 60, 61, 1, 60, 1, 2, 47, 48, 61, 47, 61, 60, 59, 60, 2, 59, 2, 3, 46, 47, 60, 46, 60, 59, 48, 29, 49, 46, 28, 47, 48, 47, 28, 34, 31, 43, 35, 68, 34, 13, 14, 69, 13, 69, 68, 12, 13, 68, 12, 68, 35, 12, 35, 45, 68, 69, 34, 44, 35, 34, 34, 69, 31, 31, 32, 36, 69, 32, 31, 33, 72, 27, 71, 17, 72, 71, 72, 33, 16, 17, 71, 32, 33, 51, 32, 70, 71, 32, 71, 33, 16, 71, 70, 15, 16, 70, 69, 70, 32, 15, 70, 69, 14, 15, 69, 27, 51, 33, 75, 20, 21, 75, 21, 22, 30, 22, 23, 75, 22, 30, 74, 19, 20, 75, 74, 20, 75, 29, 74, 30, 29, 75, 28, 74, 29, 73, 19, 74, 73, 74, 28, 18, 19, 73, 72, 18, 73, 17, 18, 72, 27, 73, 28, 72, 73, 27, 49, 30, 23, 49, 29, 30, 48, 28, 29, 46, 27, 28 ],
				"vertices": [ 1, 13, 1.17999, 4.73, 1, 2, 13, 9.76, 4.71, 0.97043, 14, -15.56, 1.85, 0.02956, 2, 13, 18.48, 8.24, 0.79813, 14, -7.61, 6.88, 0.20186, 3, 13, 27.07, 10.94, 0.33863, 14, 0.34, 11.07, 0.54599, 16, -22.66, -3.04, 0.11536, 3, 13, 48.48, 7.56, 0.06254, 14, 22.01, 11.57, 0.59899, 16, -5.72, 10.47, 0.33845, 2, 14, 29.99, 8.81, 0.21831, 16, 2.29, 13.11, 0.78168, 2, 14, 34.75, 0.68, 0.10058, 16, 11, 9.52, 0.89941, 6, 12, 50.74, 57.73, 0, 13, 57.78, -27.49, 3.0E-5, 14, 37.41999, -21.26, 0.00994, 16, 26.42, -6.32, 0.27421, 4, 18.25, -4.44, 0.71042, 3, -11.85, 21.36, 0.00537, 6, 12, 53.27, 48.32, 0, 13, 54.78, -36.75999, 1.1E-4, 14, 36.13, -30.91, 9.0E-4, 16, 31.23, -14.79, 0.0013, 4, 9.76, -9.22999, 0.88206, 3, -3.56, 16.25, 0.1156, 3, 17, 28.86, 20.12999, 0, 4, 1.04999, -8.35, 0.51156, 3, -0.12, 8.18999, 0.48843, 2, 4, -2.84, -16.34, 0.15045, 3, 8.76, 8.64999, 0.84954, 3, 12, 58.84, 27.61, 0, 4, -8.91, -19.76, 0.01626, 3, 14.69, 4.98999, 0.98373, 3, 12, 60.34, 5.09, 0, 15, 32.77, -2.32, 0.10574, 17, 7.07, -9.06, 0.89425, 3, 12, 58.59, 1.30999, 1.0E-5, 15, 30.2, -5.6, 0.23643, 17, 3, -9.93999, 0.76355, 3, 12, 55.33, -5.72, 1.0E-5, 15, 25.41, -11.7, 0.56102, 17, -4.57, -11.6, 0.43895, 3, 12, 48.04, -10.65, 0.01592, 15, 17.18, -14.83, 0.85913, 17, -12.91, -8.77, 0.12494, 3, 12, 38.07, -8.93999, 0.10811, 15, 7.87, -10.88, 0.8598, 17, -17.57, 0.2, 0.03207, 3, 12, 30.86, -11.1, 0.43637, 15, 0.36, -11.32, 0.56322, 17, -23.64, 4.64, 3.9E-4, 2, 12, 22.02, -10.41, 0.79546, 15, -8.08, -8.62, 0.20453, 2, 12, 9.97999, -4.58, 0.95322, 15, -18.45999, -0.19, 0.04677, 2, 12, 0.69, -4.1, 0.99999, 15, -27.39, 2.41, 0, 2, 12, -8.72999, -2.16, 0.99999, 15, -36.12, 6.46, 0, 2, 12, -9.81, 1.82, 1, 15, -36.25, 10.59, 0, 1, 12, -11.45, 7.95, 1, 2, 13, -12.08, -6.29, 0.99988, 14, -35.09999, -12.88, 1.1E-4, 1, 13, -10.07, -0.07, 1, 1, 13, -8.49, 4.79, 1, 3, 12, 25.43, 9.22, 0.58718, 15, -0.25, 9.7, 0.40003, 17, -10.73, 21.25, 0.01276, 3, 12, 16.57, 8.58, 0.90782, 15, -9.02, 11.11, 0.09183, 17, -16.59, 27.92, 3.3E-4, 2, 12, 7.22, 6.16, 0.98911, 15, -18.68, 10.9, 0.01088, 1, 12, -1.5, 4.33, 1, 2, 15, 17.12, 14.95, 0.47, 17, 6, 14.23, 0.52999, 3, 12, 36.74, 12.94, 0.08179, 15, 11.61, 10.72, 0.79586, 17, -0.93, 14.48, 0.12233, 3, 12, 31.51, 10.41, 0.22557, 15, 5.93, 9.46, 0.73248, 17, -6.11, 17.12, 0.04193, 2, 15, 23.67, 13.79, 0.16, 17, 10.32, 9.16, 0.84, 3, 12, 55.94, 15.45, 5.0E-4, 15, 30.86, 8.76, 0.03248, 17, 12.66, 0.7, 0.967, 1, 2, 2.09999, 4.69, 1, 1, 2, 1.67, -3.53, 1, 8, 12, 38.34, 44.58, 0.00533, 15, 20.42, 41.16, 0.00157, 13, 40.22, -31.76, 0.00708, 14, 20.91, -28.6, 0.01108, 16, 17.71999, -22.16, 0.0094, 4, 2.44, 4.3, 0.39232, 3, -11.86, 3.29, 0.01318, 2, -3.04, -6.57, 0.56, 6, 12, 35.75999, 51.32, 0.00145, 15, 19.45999, 48.31, 2.0E-5, 13, 41.73, -24.71, 0.00412, 14, 21.14, -21.38, 0.02206, 16, 13.54, -16.28, 0.08468, 4, 8.33, 8.47, 0.88762, 5, 12, 36.91, 56.72, 0.00127, 13, 45.64, -20.79999, 0.004, 14, 24.28, -16.84, 0.02561, 16, 13.29, -10.77, 0.15374, 4, 13.85, 8.7, 0.81534, 5, 12, 43.6, 60, 1.7E-4, 13, 53.03, -21.7, 7.5E-4, 14, 31.72, -16.41, 0.00879, 16, 18.94, -5.91, 0.09799, 4, 18.68, 3.03, 0.89227, 6, 12, 42.13, 30.49, 0.00976, 13, 35.73, -45.65, 0.00486, 14, 18.96999, -43.06, 0.00171, 4, -10.27, -2.86, 0.05355, 3, 0.55, -4.36, 0.3701, 2, -2.92, 8.01, 0.56, 4, 12, 43.06, 21.96, 0.01592, 13, 31.86, -53.31, 0.00583, 14, 16.53, -51.29, 7.6E-4, 3, 7.07, -9.93999, 0.97747, 4, 12, 48.76, 19.39, 0.0147, 13, 35.24, -58.57, 0.00488, 14, 20.79999, -55.86, 3.3E-4, 3, 12.98, -7.9, 0.98008, 4, 12, 56.3, 20.18, 5.3E-4, 13, 41.99, -62.02, 2.9E-4, 4, -16.75, -19.14, 1.4E-4, 3, 17.93, -2.16, 0.99902, 3, 13, 22.48, -9.51, 0.518, 14, -0.51, -9.87, 0.46141, 16, -10.66, -20.23, 0.02057, 2, 13, 15.15, -8.18, 0.85622, 14, -7.96, -9.87, 0.14376, 2, 13, 7.58, -6.26, 0.97882, 14, -15.75, -9.33, 0.02117, 2, 13, -0.52, -3.46, 0.99717, 14, -24.23, -8.03, 0.00282, 3, 13, 38.41999, -18.91, 0.06516, 14, 16.84, -16.28, 0.62206, 16, 7.03, -14.82, 0.31277, 3, 13, 31.84, -11.79, 0.18553, 14, 9.1, -10.43999, 0.75194, 16, -2.66, -14.86, 0.06251, 3, 13, 37.72, 8.27, 0.07785, 14, 11.3, 10.34, 0.77792, 16, -13.5, 3.01, 0.14421, 3, 13, 57.43, -15.56, 7.4E-4, 14, 34.95, -9.58, 0.02023, 16, 17.37999, 1.47, 0.97901, 3, 13, 49.38, -19.9, 0.01065, 14, 27.8, -15.29, 0.10261, 16, 15.15, -7.39, 0.88672, 3, 13, 44.02, -20.12, 0.04136, 14, 22.57, -16.45999, 0.22053, 16, 11.69, -11.5, 0.7381, 3, 13, 49.83, -8.55, 0.00361, 14, 26.21, -4.04, 0.23036, 16, 7.08, 0.58, 0.76602, 3, 13, 43.76, -4.86, 0.01657, 14, 19.59, -1.5, 0.55496, 16, 0.26, -1.39, 0.42845, 3, 13, 34.9, -1.35, 0.12339, 14, 10.25, 0.37, 0.75173, 16, -8.3, -5.56, 0.12487, 2, 13, 24.81, 0.89, 0.4584, 14, -0.07, 0.78, 0.54158, 2, 13, 16.89, 0.41, 0.85977, 14, -7.78, -1.1, 0.14022, 2, 13, 8.74, -0.4, 0.99792, 14, -15.65, -3.36, 0.00207, 2, 13, 0.22, 0.15, 0.99993, 14, -24.13, -4.33, 6.0E-5, 6, 12, 44.25, 49.87, 6.4E-4, 13, 48.06, -30.55, 0.00201, 14, 28.41, -26, 0.01027, 16, 22.12, -15.56, 0.04278, 4, 9.02, -0.11, 0.93556, 3, -11.18, 11.19, 0.00871, 9, 12, 42.91, 42.86, 0.00585, 15, 24.48, 38.43, 0.00414, 17, 26.63, 27.65, 5.5E-4, 13, 43.12, -35.7, 0.00477, 14, 24.46, -31.95, 0.00455, 16, 22.58, -22.67, 0.00211, 4, 1.9, -0.55, 0.70911, 3, -7.36, 5.17, 0.16886, 2, -6.98, -3.69, 0.1, 1, 2, 1.30999, 0.43, 1, 5, 12, 51.04, 29.03, 0.006, 13, 42.4, -51.73, 0.00191, 14, 26.62, -47.85, 1.4E-4, 4, -9.47, -11.85, 0.00982, 3, 8.03, 0.67, 0.9821, 6, 12, 45.78, 34.81, 0.00982, 13, 41.14, -44.01, 0.00574, 14, 24, -40.49, 0.00243, 4, -5.17999, -5.33, 0.18264, 3, 0.25, 1.28, 0.69935, 2, -7.6, 4.83, 0.1, 3, 12, 52.99, 10.32, 3.9E-4, 15, 26.82, 4.44, 0.17588, 17, 6.79, -0.04, 0.82372, 3, 12, 48.46, 5.92, 0.00803, 15, 21.39, 1.2, 0.5342, 17, 0.54, 0.9, 0.45776, 3, 12, 42.09, 1.77, 0.00806, 15, 14.24, -1.36, 0.8418, 17, -6.6, 3.47, 0.15013, 3, 12, 35.31, -0.8, 0.15805, 15, 7.05, -2.32, 0.83264, 17, -12.75, 7.32, 0.0093, 3, 12, 28.32, -1.61, 0.49998, 15, 0.07, -1.5, 0.49975, 17, -17.62, 12.39, 2.5E-4, 2, 12, 19.24, -0.71, 0.84911, 15, -8.56, 1.45, 0.15087, 1, 12, 8.74, 0.24, 1, 2, 12, -0.31, -0.24, 0.99999, 15, -27.48, 6.39, 0 ],
				"hull": 27,
				"edges": [ 34, 36, 56, 54, 56, 58, 38, 36, 38, 40, 60, 58, 60, 46, 40, 42, 28, 30, 64, 62, 64, 66, 32, 34, 32, 30, 54, 66, 62, 68, 68, 70, 70, 24, 28, 26, 26, 24, 74, 76, 76, 78, 78, 80, 80, 82, 82, 14, 72, 84, 84, 86, 86, 88, 88, 90, 90, 22, 20, 22, 18, 20, 14, 16, 18, 16, 6, 4, 94, 92, 94, 96, 2, 4, 2, 0, 98, 96, 46, 48, 98, 48, 0, 52, 100, 102, 104, 6, 104, 8, 102, 92, 8, 10, 10, 12, 12, 106, 106, 108, 108, 110, 110, 100, 10, 112, 112, 110, 106, 112, 8, 114, 114, 100, 112, 114, 102, 116, 116, 104, 114, 116, 92, 118, 118, 6, 116, 118, 4, 120, 120, 94, 118, 120, 96, 122, 122, 2, 120, 122, 0, 124, 124, 98, 122, 124, 48, 50, 50, 52, 124, 50, 6, 8, 12, 14, 22, 24, 16, 126, 126, 78, 82, 126, 18, 128, 128, 76, 126, 128, 72, 130, 130, 74, 128, 130, 20, 132, 132, 86, 90, 132, 18, 134, 134, 84, 132, 134, 130, 134, 26, 136, 136, 68, 70, 136, 28, 138, 138, 62, 136, 138, 30, 140, 140, 64, 138, 140, 32, 142, 142, 66, 140, 142, 34, 144, 144, 54, 142, 144, 36, 146, 146, 56, 144, 146, 38, 148, 148, 58, 146, 148, 40, 150, 150, 60, 148, 150, 42, 44, 44, 46, 150, 44 ],
				"width": 97,
				"height": 73
			}
		},
		"touguan2": {
			"touguan": { "x": 8.56, "y": 0.42, "rotation": -88.17, "width": 83, "height": 40 }
		},
		"youyanzhu2": {
			"youyanzhu": { "x": -0.11, "y": -0.01, "rotation": -90.45, "width": 6, "height": 5 }
		},
		"zui2": {
			"zui": {
				"type": "mesh",
				"uvs": [ 1, 0.45421, 0.98745, 0.53028, 0.92166, 0.81287, 0.81146, 1, 0.75059, 1, 0.57059, 0.87767, 0.40529, 0.88247, 0.26447, 1, 0.17556, 1, 0.06903, 0.78647, 0, 0.53214, 0, 0.44968, 0, 0, 0.11937, 0, 0.34416, 0.07641, 0.64781, 0.08027, 0.89034, 0, 1, 0 ],
				"triangles": [ 11, 12, 13, 11, 13, 14, 16, 17, 0, 15, 16, 0, 11, 14, 15, 0, 11, 15, 1, 11, 0, 10, 11, 1, 10, 6, 9, 10, 1, 5, 2, 5, 1, 5, 6, 10, 7, 8, 9, 6, 7, 9, 4, 5, 2, 3, 4, 2 ],
				"vertices": [ 10.07, -23.81, 8.18, -23.18, 1.14, -19.9, -3.49, -14.46, -3.46, -11.48, -0.34, -2.68, -0.39, 5.41, -3.28, 12.33, -3.24, 16.69, 2.13, 21.86, 8.51, 25.2, 10.57, 25.18, 21.81, 25.09, 21.77, 19.24, 19.77, 8.24, 19.56, -6.62, 21.47, -18.52, 21.43, -23.9 ],
				"hull": 18,
				"edges": [ 0, 34, 22, 24, 0, 22, 20, 22, 2, 20, 2, 4, 4, 6, 20, 18, 18, 16, 14, 16, 14, 12, 12, 10, 6, 8, 10, 8, 24, 26, 26, 28, 28, 30, 32, 34, 30, 32, 0, 2 ],
				"width": 49,
				"height": 25
			}
		},
		"zuoyanzhu2": {
			"zuoyanzhu": { "x": -0.05, "y": 0.23, "rotation": -90.45, "width": 6, "height": 5 }
		}
	}
},
"animations": {
	"animation": {
		"slots": {
			"bone2": {
				"attachment": [
					{ "time": 0, "name": "youyankuang" },
					{ "time": 0.4, "name": "youyankuang" }
				]
			},
			"bone3": {
				"attachment": [
					{ "time": 0, "name": "zuoyankuang" },
					{ "time": 0.4, "name": "zuoyankuang" }
				]
			},
			"bone4": {
				"attachment": [
					{ "time": 0, "name": "bizi" },
					{ "time": 0.4, "name": "bizi" }
				]
			},
			"bowen": {
				"attachment": [
					{ "time": 0, "name": "bowen" },
					{ "time": 0.4, "name": "bowen" }
				]
			},
			"huzi2": {
				"attachment": [
					{ "time": 0, "name": "huzi" },
					{ "time": 0.4, "name": "huzi" }
				]
			},
			"meimao2": {
				"attachment": [
					{ "time": 0, "name": "meimao" },
					{ "time": 0.4, "name": "meimao" }
				]
			},
			"shenti2": {
				"attachment": [
					{ "time": 0, "name": "shenti" },
					{ "time": 0.4, "name": "shenti" }
				]
			},
			"tou": {
				"attachment": [
					{ "time": 0, "name": "tou" },
					{ "time": 0.4, "name": "tou" }
				]
			},
			"toufa2": {
				"attachment": [
					{ "time": 0, "name": "toufa" },
					{ "time": 0.4, "name": "toufa" }
				]
			},
			"touguan2": {
				"attachment": [
					{ "time": 0, "name": "touguan" },
					{ "time": 0.4, "name": "touguan" }
				]
			},
			"youyanzhu2": {
				"attachment": [
					{ "time": 0, "name": "youyanzhu" },
					{ "time": 0.4, "name": "youyanzhu" }
				]
			},
			"zui2": {
				"attachment": [
					{ "time": 0, "name": "zui" },
					{ "time": 0.4, "name": "zui" }
				]
			},
			"zuoyanzhu2": {
				"attachment": [
					{ "time": 0, "name": "zuoyanzhu" },
					{ "time": 0.4, "name": "zuoyanzhu" }
				]
			}
		},
		"bones": {
			"root": {
				"rotate": [
					{ "time": 0, "angle": 0, "curve": "stepped" },
					{ "time": 0.4, "angle": 0 }
				],
				"translate": [
					{ "time": 0, "x": 0, "y": 0, "curve": "stepped" },
					{ "time": 0.4, "x": 0, "y": 0 }
				],
				"scale": [
					{ "time": 0, "x": 1, "y": 1, "curve": "stepped" },
					{ "time": 0.4, "x": 1, "y": 1 }
				]
			},
			"bone": {
				"rotate": [
					{ "time": 0, "angle": 0, "curve": "stepped" },
					{ "time": 0.4, "angle": 0 }
				],
				"translate": [
					{ "time": 0, "x": 0, "y": 0, "curve": "stepped" },
					{ "time": 0.4, "x": 0, "y": 0 }
				],
				"scale": [
					{ "time": 0, "x": 1, "y": 1, "curve": "stepped" },
					{ "time": 0.4, "x": 1, "y": 1 }
				]
			},
			"bone2": {
				"rotate": [
					{ "time": 0, "angle": 0, "curve": "stepped" },
					{ "time": 0.4, "angle": 0 }
				],
				"translate": [
					{ "time": 0, "x": 0, "y": 0 },
					{ "time": 0.0666, "x": -1.3, "y": 0 },
					{ "time": 0.1333, "x": 0, "y": 0 },
					{ "time": 0.2, "x": -1.3, "y": 0 },
					{ "time": 0.2666, "x": 0, "y": 0 },
					{ "time": 0.3333, "x": -1.3, "y": 0 },
					{ "time": 0.4, "x": 0, "y": 0 }
				],
				"scale": [
					{ "time": 0, "x": 1, "y": 1, "curve": "stepped" },
					{ "time": 0.4, "x": 1, "y": 1 }
				]
			},
			"bone12": {
				"rotate": [
					{ "time": 0, "angle": 0 },
					{ "time": 0.0666, "angle": -22.08 },
					{ "time": 0.1333, "angle": 0 },
					{ "time": 0.2, "angle": -22.08 },
					{ "time": 0.2666, "angle": 0 },
					{ "time": 0.3333, "angle": -22.08 },
					{ "time": 0.4, "angle": 0 }
				],
				"translate": [
					{ "time": 0, "x": 0, "y": 0, "curve": "stepped" },
					{ "time": 0.4, "x": 0, "y": 0 }
				],
				"scale": [
					{ "time": 0, "x": 1, "y": 1, "curve": "stepped" },
					{ "time": 0.4, "x": 1, "y": 1 }
				]
			},
			"bone13": {
				"rotate": [
					{ "time": 0, "angle": 0 },
					{ "time": 0.0666, "angle": 17.95 },
					{ "time": 0.1333, "angle": 0 },
					{ "time": 0.2, "angle": 17.95 },
					{ "time": 0.2666, "angle": 0 },
					{ "time": 0.3333, "angle": 17.95 },
					{ "time": 0.4, "angle": 0 }
				],
				"translate": [
					{ "time": 0, "x": 0, "y": 0, "curve": "stepped" },
					{ "time": 0.4, "x": 0, "y": 0 }
				],
				"scale": [
					{ "time": 0, "x": 1, "y": 1, "curve": "stepped" },
					{ "time": 0.4, "x": 1, "y": 1 }
				]
			},
			"bone14": {
				"rotate": [
					{ "time": 0, "angle": 0 },
					{ "time": 0.0666, "angle": -8.35 },
					{ "time": 0.1333, "angle": 0 },
					{ "time": 0.2, "angle": -8.35 },
					{ "time": 0.2666, "angle": 0 },
					{ "time": 0.3333, "angle": -8.35 },
					{ "time": 0.4, "angle": 0 }
				],
				"translate": [
					{ "time": 0, "x": 0, "y": 0, "curve": "stepped" },
					{ "time": 0.4, "x": 0, "y": 0 }
				],
				"scale": [
					{ "time": 0, "x": 1, "y": 1, "curve": "stepped" },
					{ "time": 0.4, "x": 1, "y": 1 }
				]
			},
			"bone15": {
				"rotate": [
					{ "time": 0, "angle": 0 },
					{ "time": 0.0666, "angle": 8.41 },
					{ "time": 0.1333, "angle": 0 },
					{ "time": 0.2, "angle": 8.41 },
					{ "time": 0.2666, "angle": 0 },
					{ "time": 0.3333, "angle": 8.41 },
					{ "time": 0.4, "angle": 0 }
				],
				"translate": [
					{ "time": 0, "x": 0, "y": 0, "curve": "stepped" },
					{ "time": 0.4, "x": 0, "y": 0 }
				],
				"scale": [
					{ "time": 0, "x": 1, "y": 1, "curve": "stepped" },
					{ "time": 0.4, "x": 1, "y": 1 }
				]
			},
			"bone16": {
				"rotate": [
					{ "time": 0, "angle": 0, "curve": "stepped" },
					{ "time": 0.4, "angle": 0 }
				],
				"translate": [
					{ "time": 0, "x": 0, "y": 0, "curve": "stepped" },
					{ "time": 0.4, "x": 0, "y": 0 }
				],
				"scale": [
					{ "time": 0, "x": 1, "y": 1 },
					{ "time": 0.0666, "x": 1.197, "y": 1.197 },
					{ "time": 0.1333, "x": 1, "y": 1 },
					{ "time": 0.2, "x": 1.197, "y": 1.197 },
					{ "time": 0.2666, "x": 1, "y": 1 },
					{ "time": 0.3333, "x": 1.197, "y": 1.197 },
					{ "time": 0.4, "x": 1, "y": 1 }
				]
			},
			"bone17": {
				"rotate": [
					{ "time": 0, "angle": 0, "curve": "stepped" },
					{ "time": 0.4, "angle": 0 }
				],
				"translate": [
					{ "time": 0, "x": 0, "y": 0, "curve": "stepped" },
					{ "time": 0.4, "x": 0, "y": 0 }
				],
				"scale": [
					{ "time": 0, "x": 1, "y": 1 },
					{ "time": 0.0666, "x": 1.333, "y": 1.333 },
					{ "time": 0.1333, "x": 1, "y": 1 },
					{ "time": 0.2, "x": 1.333, "y": 1.333 },
					{ "time": 0.2666, "x": 1, "y": 1 },
					{ "time": 0.3333, "x": 1.333, "y": 1.333 },
					{ "time": 0.4, "x": 1, "y": 1 }
				]
			},
			"bone3": {
				"rotate": [
					{ "time": 0, "angle": 0 },
					{ "time": 0.0666, "angle": -1.15 },
					{ "time": 0.1333, "angle": 0 },
					{ "time": 0.2, "angle": -1.15 },
					{ "time": 0.2666, "angle": 0 },
					{ "time": 0.3333, "angle": -1.15 },
					{ "time": 0.4, "angle": 0 }
				],
				"translate": [
					{ "time": 0, "x": 0, "y": 0 },
					{ "time": 0.0333, "x": 1.16, "y": 0 },
					{ "time": 0.1, "x": 0, "y": 0 },
					{ "time": 0.1666, "x": 1.16, "y": 0 },
					{ "time": 0.2333, "x": 0, "y": 0 },
					{ "time": 0.3, "x": 1.16, "y": 0 },
					{ "time": 0.3666, "x": 0, "y": 0, "curve": "stepped" },
					{ "time": 0.4, "x": 0, "y": 0 }
				],
				"scale": [
					{ "time": 0, "x": 1, "y": 1, "curve": "stepped" },
					{ "time": 0.4, "x": 1, "y": 1 }
				]
			},
			"bone4": {
				"rotate": [
					{ "time": 0, "angle": 0 },
					{ "time": 0.0666, "angle": 8.7 },
					{ "time": 0.1333, "angle": 0 },
					{ "time": 0.2, "angle": 8.7 },
					{ "time": 0.2666, "angle": 0 },
					{ "time": 0.3333, "angle": 8.7 },
					{ "time": 0.4, "angle": 0 }
				],
				"translate": [
					{ "time": 0, "x": 0, "y": 0, "curve": "stepped" },
					{ "time": 0.4, "x": 0, "y": 0 }
				],
				"scale": [
					{ "time": 0, "x": 1, "y": 1, "curve": "stepped" },
					{ "time": 0.4, "x": 1, "y": 1 }
				]
			},
			"bone5": {
				"rotate": [
					{ "time": 0, "angle": 0 },
					{ "time": 0.0666, "angle": -8.35 },
					{ "time": 0.1333, "angle": 0 },
					{ "time": 0.2, "angle": -8.35 },
					{ "time": 0.2666, "angle": 0 },
					{ "time": 0.3333, "angle": -8.35 },
					{ "time": 0.4, "angle": 0 }
				],
				"translate": [
					{ "time": 0, "x": 0, "y": 0, "curve": "stepped" },
					{ "time": 0.4, "x": 0, "y": 0 }
				],
				"scale": [
					{ "time": 0, "x": 1, "y": 1, "curve": "stepped" },
					{ "time": 0.4, "x": 1, "y": 1 }
				]
			},
			"bone6": {
				"rotate": [
					{
						"time": 0,
						"angle": 0,
						"curve": [ 0.25, 0, 0.75, 1 ]
					},
					{
						"time": 0.2,
						"angle": -2.79,
						"curve": [ 0.25, 0, 0.75, 1 ]
					},
					{ "time": 0.4, "angle": 0 }
				],
				"translate": [
					{ "time": 0, "x": 0, "y": 0, "curve": "stepped" },
					{ "time": 0.4, "x": 0, "y": 0 }
				],
				"scale": [
					{ "time": 0, "x": 1, "y": 1, "curve": "stepped" },
					{ "time": 0.4, "x": 1, "y": 1 }
				]
			},
			"bone9": {
				"rotate": [
					{ "time": 0, "angle": 0 },
					{ "time": 0.2, "angle": 3.65 },
					{ "time": 0.4, "angle": 0 }
				],
				"translate": [
					{ "time": 0, "x": 0, "y": 0, "curve": "stepped" },
					{ "time": 0.4, "x": 0, "y": 0 }
				],
				"scale": [
					{ "time": 0, "x": 1, "y": 1, "curve": "stepped" },
					{ "time": 0.4, "x": 1, "y": 1 }
				]
			},
			"bone10": {
				"rotate": [
					{ "time": 0, "angle": 0 },
					{ "time": 0.1, "angle": -6.14 },
					{ "time": 0.2666, "angle": 5.32 },
					{ "time": 0.4, "angle": 0 }
				],
				"translate": [
					{ "time": 0, "x": 0, "y": 0, "curve": "stepped" },
					{ "time": 0.4, "x": 0, "y": 0 }
				],
				"scale": [
					{ "time": 0, "x": 1, "y": 1, "curve": "stepped" },
					{ "time": 0.4, "x": 1, "y": 1 }
				]
			},
			"bone7": {
				"rotate": [
					{ "time": 0, "angle": 0 },
					{ "time": 0.1, "angle": 6.27 },
					{ "time": 0.2666, "angle": -4.09 },
					{ "time": 0.4, "angle": 0 }
				],
				"translate": [
					{ "time": 0, "x": 0, "y": 0, "curve": "stepped" },
					{ "time": 0.4, "x": 0, "y": 0 }
				],
				"scale": [
					{ "time": 0, "x": 1, "y": 1, "curve": "stepped" },
					{ "time": 0.4, "x": 1, "y": 1 }
				]
			},
			"bone11": {
				"rotate": [
					{ "time": 0, "angle": 0, "curve": "stepped" },
					{ "time": 0.4, "angle": 0 }
				],
				"translate": [
					{ "time": 0, "x": 0, "y": 0, "curve": "stepped" },
					{ "time": 0.4, "x": 0, "y": 0 }
				],
				"scale": [
					{ "time": 0, "x": 1, "y": 1, "curve": "stepped" },
					{ "time": 0.4, "x": 1, "y": 1 }
				]
			},
			"bone8": {
				"rotate": [
					{ "time": 0, "angle": 0, "curve": "stepped" },
					{ "time": 0.4, "angle": 0 }
				],
				"translate": [
					{ "time": 0, "x": 0, "y": 0, "curve": "stepped" },
					{ "time": 0.4, "x": 0, "y": 0 }
				],
				"scale": [
					{ "time": 0, "x": 1, "y": 1, "curve": "stepped" },
					{ "time": 0.4, "x": 1, "y": 1 }
				]
			}
		},
		"ffd": {
			"default": {
				"bone2": {
					"youyankuang": [
						{ "time": 0 },
						{
							"time": 0.0666,
							"vertices": [ 1.59343, 1.56979, 1.56977, -1.59344, -1.59344, -1.56978, -1.56977, 1.59344 ]
						},
						{ "time": 0.1333 },
						{
							"time": 0.2,
							"vertices": [ 1.59343, 1.56979, 1.56977, -1.59344, -1.59344, -1.56978, -1.56977, 1.59344 ]
						},
						{ "time": 0.2666 },
						{
							"time": 0.3333,
							"vertices": [ 1.59343, 1.56979, 1.56977, -1.59344, -1.59344, -1.56978, -1.56977, 1.59344 ]
						},
						{ "time": 0.4 }
					]
				},
				"bone3": {
					"zuoyankuang": [
						{ "time": 0 },
						{
							"time": 0.0666,
							"vertices": [ 1.33087, 1.31108, 1.31109, -1.33084, -1.33088, -1.31108, -1.31109, 1.33084 ]
						},
						{ "time": 0.1333 },
						{
							"time": 0.2,
							"vertices": [ 1.33087, 1.31108, 1.31109, -1.33084, -1.33088, -1.31108, -1.31109, 1.33084 ]
						},
						{ "time": 0.2666 },
						{
							"time": 0.3333,
							"vertices": [ 1.33087, 1.31108, 1.31109, -1.33084, -1.33088, -1.31108, -1.31109, 1.33084 ]
						},
						{ "time": 0.4 }
					]
				},
				"bowen": {
					"bowen": [
						{ "time": 0 },
						{
							"time": 0.0666,
							"vertices": [ 2.16199, -0.235, 1.77696, 0.57299, 0.26498, -0.57398, -0.315, 0.06299, 0.819, 0.31499, 3.02398, 0.75599, 1.29, 0.04199, 0, 0, -0.858, 0.87999, 0.97798, -0.03799, 0.97798, -0.03799, 0.97798, -0.03799, 2.31199, 0, 2.31199, 0, 0, 0, -1.72799, 0.43199, 0, 0, 2.95597, -0.25199, -1.21728, 0.45859, -1.23171, 0.13799, -5.14294, 0.36898, -5.32792, 0.99198, 0, 0, -6.12793, 1.07198, -2.79298, 0.13298, -0.26201, 0.79499, 1.38696, 1.93798, 2.20998, 1.10499, 2.16199, -0.235, -4.29098, -2.50599, -3.66098, -1.62399, 5.08596, 1.64499, 5.08596, 1.64499, 5.08596, 1.64499, 0, 0, 3.02398, 0.75599, 3.02398, 0.75599, -0.189, -0.31499, -4.29098, -2.50599, -4.29098, -2.50599, 5.08596, 1.64499, 3.01998, -0.16399, -0.03798, 0.77799, -3.58397, 0.88599, -1.01799, 0.78, 0.98001, 0.44799, -3.53797, 1.07399, -4.10397, 0.88599, -0.858, 0.87999, -2.17599, -0.13599, 0, 0, 0, 0, 1.597, -0.32999, -0.68, 0.136, -2.17599, -0.13599, -2.17599, -0.13599, 0, 0, 1.72798, 0.144, -0.71999, 0.57599, -1.72799, 0.43199, -1.72799, 0.43199, -1.72799, 0.43199, 0, 0, -2.80797, 0.35999, -2.80797, 0.35999, -1.72799, 0.43199, -0.71999, 0.57599, 1.72798, 0.144, -0.95317, 0.67173, -0.32851, 0.5902, 1.53598, -0.51198, 2.95597, -0.25199, 3.02046, 0.46364, 1.02255, -0.01168, 0.67932, -0.68202, 2.95713, -0.32016, 2.95597, -0.25199, 0.68399, -0.22799, -0.99794, 0.33433, -1.65528, 0.09346, -2.11029, 0.18102, -2.03246, 0.4988 ]
						},
						{ "time": 0.1333 },
						{
							"time": 0.2,
							"vertices": [ 2.16199, -0.235, 1.77696, 0.57299, 0.26498, -0.57398, -0.315, 0.06299, 0.819, 0.31499, 3.02398, 0.75599, 1.29, 0.04199, 0, 0, -0.858, 0.87999, 0.97798, -0.03799, 0.97798, -0.03799, 0.97798, -0.03799, 2.31199, 0, 2.31199, 0, 0, 0, -1.72799, 0.43199, 0, 0, 2.95597, -0.25199, -1.21728, 0.45859, -1.23171, 0.13799, -5.14294, 0.36898, -5.32792, 0.99198, 0, 0, -6.12793, 1.07198, -2.79298, 0.13298, -0.26201, 0.79499, 1.38696, 1.93798, 2.20998, 1.10499, 2.16199, -0.235, -4.29098, -2.50599, -3.66098, -1.62399, 5.08596, 1.64499, 5.08596, 1.64499, 5.08596, 1.64499, 0, 0, 3.02398, 0.75599, 3.02398, 0.75599, -0.189, -0.31499, -4.29098, -2.50599, -4.29098, -2.50599, 5.08596, 1.64499, 3.01998, -0.16399, -0.03798, 0.77799, -3.58397, 0.88599, -1.01799, 0.78, 0.98001, 0.44799, -3.53797, 1.07399, -4.10397, 0.88599, -0.858, 0.87999, -2.17599, -0.13599, 0, 0, 0, 0, 1.597, -0.32999, -0.68, 0.136, -2.17599, -0.13599, -2.17599, -0.13599, 0, 0, 1.72798, 0.144, -0.71999, 0.57599, -1.72799, 0.43199, -1.72799, 0.43199, -1.72799, 0.43199, 0, 0, -2.80797, 0.35999, -2.80797, 0.35999, -1.72799, 0.43199, -0.71999, 0.57599, 1.72798, 0.144, -0.95317, 0.67173, -0.32851, 0.5902, 1.53598, -0.51198, 2.95597, -0.25199, 3.02046, 0.46364, 1.02255, -0.01168, 0.67932, -0.68202, 2.95713, -0.32016, 2.95597, -0.25199, 0.68399, -0.22799, -0.99794, 0.33433, -1.65528, 0.09346, -2.11029, 0.18102, -2.03246, 0.4988 ]
						},
						{ "time": 0.2666 },
						{
							"time": 0.3333,
							"vertices": [ 2.16199, -0.235, 1.77696, 0.57299, 0.26498, -0.57398, -0.315, 0.06299, 0.819, 0.31499, 3.02398, 0.75599, 1.29, 0.04199, 0, 0, -0.858, 0.87999, 0.97798, -0.03799, 0.97798, -0.03799, 0.97798, -0.03799, 2.31199, 0, 2.31199, 0, 0, 0, -1.72799, 0.43199, 0, 0, 2.95597, -0.25199, -1.21728, 0.45859, -1.23171, 0.13799, -5.14294, 0.36898, -5.32792, 0.99198, 0, 0, -6.12793, 1.07198, -2.79298, 0.13298, -0.26201, 0.79499, 1.38696, 1.93798, 2.20998, 1.10499, 2.16199, -0.235, -4.29098, -2.50599, -3.66098, -1.62399, 5.08596, 1.64499, 5.08596, 1.64499, 5.08596, 1.64499, 0, 0, 3.02398, 0.75599, 3.02398, 0.75599, -0.189, -0.31499, -4.29098, -2.50599, -4.29098, -2.50599, 5.08596, 1.64499, 3.01998, -0.16399, -0.03798, 0.77799, -3.58397, 0.88599, -1.01799, 0.78, 0.98001, 0.44799, -3.53797, 1.07399, -4.10397, 0.88599, -0.858, 0.87999, -2.17599, -0.13599, 0, 0, 0, 0, 1.597, -0.32999, -0.68, 0.136, -2.17599, -0.13599, -2.17599, -0.13599, 0, 0, 1.72798, 0.144, -0.71999, 0.57599, -1.72799, 0.43199, -1.72799, 0.43199, -1.72799, 0.43199, 0, 0, -2.80797, 0.35999, -2.80797, 0.35999, -1.72799, 0.43199, -0.71999, 0.57599, 1.72798, 0.144, -0.95317, 0.67173, -0.32851, 0.5902, 1.53598, -0.51198, 2.95597, -0.25199, 3.02046, 0.46364, 1.02255, -0.01168, 0.67932, -0.68202, 2.95713, -0.32016, 2.95597, -0.25199, 0.68399, -0.22799, -0.99794, 0.33433, -1.65528, 0.09346, -2.11029, 0.18102, -2.03246, 0.4988 ]
						},
						{ "time": 0.4 }
					]
				},
				"huzi2": {
					"huzi": [
						{ "time": 0, "curve": "stepped" },
						{ "time": 0.4 }
					]
				},
				"meimao2": {
					"meimao": [
						{ "time": 0, "curve": "stepped" },
						{ "time": 0.4 }
					]
				},
				"shenti2": {
					"shenti": [
						{ "time": 0 },
						{
							"time": 0.1,
							"offset": 7,
							"vertices": [ -4.01398, 0, 2.45298, 0, 0, 0, 0, 0, 0, 0, 2.67599, 0, 2.45298, 0, -4.01398 ]
						},
						{ "time": 0.2 },
						{
							"time": 0.3,
							"offset": 7,
							"vertices": [ -4.01398, 0, 2.45298, 0, 0, 0, 0, 0, 0, 0, 2.67599, 0, 2.45298, 0, -4.01398 ]
						},
						{ "time": 0.4 }
					]
				},
				"toufa2": {
					"toufa": [
						{ "time": 0, "curve": "stepped" },
						{ "time": 0.4 }
					]
				},
				"zui2": {
					"zui": [
						{ "time": 0 },
						{
							"time": 0.0666,
							"vertices": [ -0.34375, 0.28271, 1.61781, -0.18469, 1.56188, -0.01227, 1.56188, -0.01227, 1.56188, -0.01227, 1.56188, -0.01227, 1.56188, -0.01227, 1.56188, -0.01227, 1.56188, -0.01227, 1.56188, -0.01227, 1.4819, -0.01165, -0.66597, 0.00523, -0.66597, 0.00523, -0.66597, 0.00523, -0.66597, 0.00523, -0.66597, 0.00523, -0.66597, 0.00523, -0.66597 ]
						},
						{ "time": 0.1333 },
						{
							"time": 0.2,
							"vertices": [ -0.34375, 0.28271, 1.61781, -0.18469, 1.56188, -0.01227, 1.56188, -0.01227, 1.56188, -0.01227, 1.56188, -0.01227, 1.56188, -0.01227, 1.56188, -0.01227, 1.56188, -0.01227, 1.56188, -0.01227, 1.4819, -0.01165, -0.66597, 0.00523, -0.66597, 0.00523, -0.66597, 0.00523, -0.66597, 0.00523, -0.66597, 0.00523, -0.66597, 0.00523, -0.66597 ]
						},
						{ "time": 0.2666 },
						{
							"time": 0.3333,
							"vertices": [ -0.34375, 0.28271, 1.61781, -0.18469, 1.56188, -0.01227, 1.56188, -0.01227, 1.56188, -0.01227, 1.56188, -0.01227, 1.56188, -0.01227, 1.56188, -0.01227, 1.56188, -0.01227, 1.56188, -0.01227, 1.4819, -0.01165, -0.66597, 0.00523, -0.66597, 0.00523, -0.66597, 0.00523, -0.66597, 0.00523, -0.66597, 0.00523, -0.66597, 0.00523, -0.66597 ]
						},
						{ "time": 0.4 }
					]
				}
			}
		},
		"drawOrder": [
			{ "time": 0 },
			{ "time": 0.4 }
		]
	}
}
}