{
"skeleton": { "hash": "EORisrJpGHQwF+1xerq3QVSk74U", "spine": "2.1.27", "width": 97, "height": 125.31, "images": "" },
"bones": [
	{ "name": "root" },
	{ "name": "bone", "parent": "root", "length": 38.94, "x": -0.5, "y": 0.01, "rotation": 88.19 },
	{ "name": "bone2", "parent": "bone", "length": 57.69, "x": 38.91, "y": 0.67, "rotation": 0.45 },
	{ "name": "bone12", "parent": "bone2", "length": 12.64, "x": -6.09, "y": 3.23, "rotation": 131.4 },
	{ "name": "bone13", "parent": "bone2", "length": 12.02, "x": -6.23, "y": -3.41, "rotation": -127.37 },
	{ "name": "bone14", "parent": "bone2", "x": 38.8, "y": 12.33, "rotation": 0.33 },
	{ "name": "bone15", "parent": "bone2", "x": 39.36, "y": -11.36 },
	{ "name": "bone16", "parent": "bone2", "length": 22.6, "x": 28.68, "y": -0.08, "rotation": 88.64 },
	{ "name": "bone3", "parent": "bone2", "length": 26.6, "x": 57.69, "y": 0.24, "rotation": 2.25 },
	{ "name": "bone4", "parent": "bone2", "length": 17.37, "x": 22.87, "y": 5.14, "rotation": 86.84 },
	{ "name": "bone5", "parent": "bone2", "length": 16.51, "x": 23.11, "y": -4.91, "rotation": -81.42 },
	{ "name": "bone6", "parent": "bone2", "length": 19.7, "x": 33.08, "y": 29.02, "rotation": 165.85 },
	{ "name": "bone9", "parent": "bone2", "length": 20.66, "x": 35.37, "y": -28.73, "rotation": -162.92 },
	{ "name": "bone10", "parent": "bone9", "length": 15.65, "x": 20.66, "y": 0.01, "rotation": -24.91 },
	{ "name": "bone7", "parent": "bone6", "length": 15.85, "x": 19.7, "y": -0.12, "rotation": 23.79 },
	{ "name": "bone11", "parent": "bone10", "length": 10.31, "x": 15.65, "y": -0.07, "rotation": -23.79 },
	{ "name": "bone8", "parent": "bone7", "length": 10.25, "x": 15.85, "y": 0.05, "rotation": 26.38 }
],
"slots": [
	{ "name": "shenti2", "bone": "bone", "attachment": "shenti" },
	{ "name": "bone3", "bone": "bone2", "attachment": "tou" },
	{ "name": "bone5", "bone": "bone2", "attachment": "zui" },
	{ "name": "toufa2", "bone": "bone6", "attachment": "toufa" },
	{ "name": "touguan2", "bone": "bone3", "attachment": "touguan" },
	{ "name": "huzi2", "bone": "bone4", "attachment": "huzi" },
	{ "name": "bone4", "bone": "bone2", "attachment": "bizi" },
	{ "name": "bone2", "bone": "bone2", "attachment": "zuoyuankuang" },
	{ "name": "zuoyanzhu2", "bone": "bone15", "attachment": "zuoyanzhu" },
	{ "name": "youyankuang2", "bone": "bone2", "attachment": "youyankuang" },
	{ "name": "youyanzhu2", "bone": "bone14", "attachment": "youyanzhu" },
	{ "name": "2", "bone": "bone16" }
],
"skins": {
	"default": {
		"2": {
			"1": { "x": -1.75, "y": 29.33, "rotation": -177.29, "width": 80, "height": 77 },
			"2": { "x": -1.75, "y": 29.33, "rotation": -177.29, "width": 90, "height": 78 },
			"3": { "x": -1.75, "y": 29.33, "rotation": -177.29, "width": 104, "height": 78 },
			"4": { "x": -1.75, "y": 29.33, "rotation": -177.29, "width": 107, "height": 77 }
		},
		"bone2": {
			"zuoyuankuang": {
				"type": "mesh",
				"uvs": [ 1, 1, 0, 1, 0, 0, 1, 0 ],
				"triangles": [ 1, 2, 3, 1, 3, 0 ],
				"vertices": [ 28.48, -22.35, 28.06, -4.35, 47.05, -3.91, 47.48, -21.9 ],
				"hull": 4,
				"edges": [ 0, 2, 2, 4, 4, 6, 0, 6 ],
				"width": 18,
				"height": 19
			}
		},
		"bone3": {
			"tou": { "x": 26.45, "y": 0.1, "rotation": -88.64, "width": 53, "height": 63 }
		},
		"bone4": {
			"bizi": { "x": 27.96, "y": -0.35, "rotation": -88.64, "width": 18, "height": 14 }
		},
		"bone5": {
			"zui": {
				"type": "mesh",
				"uvs": [ 0.85146, 0.13451, 1, 0.45451, 1, 0.76308, 0.90519, 1, 0.66318, 1, 0.46718, 0.77769, 0.35918, 0.93769, 0.15718, 1, 0, 0.65737, 0, 0.39165, 0.13345, 0.15451, 0.36746, 0, 0.65546, 0, 0.16945, 0.54308, 0.43146, 0.30308, 0.57946, 0.32022, 0.78746, 0.56022, 0.42318, 0.3834, 0.56518, 0.39197, 0.66318, 0.66055, 0.87519, 0.70912, 0.29318, 0.6234, 0.10318, 0.77198 ],
				"triangles": [ 14, 11, 12, 10, 11, 14, 15, 14, 12, 15, 12, 0, 14, 13, 10, 18, 17, 14, 13, 9, 10, 15, 18, 14, 16, 15, 0, 16, 18, 15, 14, 17, 13, 0, 1, 16, 21, 13, 17, 8, 9, 13, 19, 18, 16, 2, 20, 16, 19, 16, 20, 2, 16, 1, 22, 8, 13, 22, 13, 21, 21, 18, 19, 18, 21, 17, 5, 21, 19, 6, 21, 5, 22, 21, 6, 7, 22, 6, 8, 22, 7, 4, 5, 19, 4, 19, 20, 3, 20, 2, 4, 20, 3 ],
				"vertices": [ 16.25, -7.66, 11.84, -10.74, 7.52, -10.84, 4.16, -9.02, 4.05, -4.17999, 7.07, -0.19, 4.78, 1.91, 3.81, 5.92, 8.53, 9.18, 12.25, 9.27, 15.63, 6.68, 17.91, 2.05, 18.04, -3.7, 10.21, 5.83, 13.69, 0.67, 13.52, -2.28, 10.26, -6.52, 12.57, 0.81, 12.51, -2.02, 8.8, -4.07, 8.22, -8.33, 9.14, 3.33, 6.98, 7.08 ],
				"hull": 13,
				"edges": [ 18, 20, 20, 22, 2, 0, 22, 24, 0, 24, 16, 18, 16, 26, 26, 28, 28, 30, 30, 32, 2, 4, 32, 4, 34, 36, 36, 38, 38, 40, 40, 6, 34, 42, 42, 44, 44, 14, 14, 12, 12, 10, 6, 8, 10, 8, 14, 16, 4, 6 ],
				"width": 20,
				"height": 14
			}
		},
		"huzi2": {
			"huzi": {
				"type": "skinnedmesh",
				"uvs": [ 1, 1, 0.66, 1, 0.58417, 0.86775, 0.49009, 0.8836, 0.39975, 0.89453, 0.33264, 1, 0, 1, 0, 0, 0.32142, 0, 0.39694, 0.09053, 0.49975, 0.27962, 0.58136, 0.09575, 0.65864, 0, 1, 0, 0.32647, 0.44982, 0.39835, 0.49529, 0.49538, 0.55309, 0.58282, 0.49573, 0.65922, 0.42962 ],
				"triangles": [ 0, 18, 13, 2, 18, 1, 0, 1, 18, 16, 17, 2, 2, 17, 18, 11, 18, 17, 11, 12, 18, 18, 12, 13, 4, 5, 14, 4, 14, 15, 14, 5, 6, 14, 7, 8, 14, 6, 7, 16, 4, 15, 15, 14, 9, 14, 8, 9, 3, 4, 16, 3, 16, 2, 17, 16, 10, 10, 16, 15, 10, 15, 9, 17, 10, 11 ],
				"vertices": [ 2, 9, -30.84, 1.6, 0, 10, 19.89, -6.58, 1, 2, 9, -13.9, 2.95, 0, 10, 3.02, -4.44999, 1, 2, 2, 20.65, -4.73999, 0.077, 10, -0.52999, -2.4, 0.92299, 2, 2, 20.35, -0.04, 0.99799, 10, -5.21999, -2, 0.002, 2, 2, 20.11, 4.46, 0.11793, 9, -0.82, 2.71, 0.88206, 1, 9, 2.41, 4.23999, 1, 1, 9, 18.99, 5.56, 1, 2, 9, 19.94, -6.4, 0.99999, 10, -28.2, 11.58, 0, 3, 2, 30.75, 8.64, 0.1268, 9, 3.92, -7.67, 0.87088, 10, -12.26, 9.57, 0.0023, 3, 2, 29.75, 4.83, 0.4488, 9, 0.07, -6.88, 0.54766, 10, -8.64999, 8.02, 0.00352, 2, 2, 27.61, -0.35, 0.99558, 10, -3.83, 5.12, 0.00441, 3, 2, 29.91, -4.38, 0.35894, 9, -9.12, -7.55, 0.00296, 10, 0.48, 6.8, 0.63809, 3, 2, 31.15, -8.21, 0.09761, 9, -12.88, -9, 0.00182, 10, 4.46, 7.46, 0.90056, 1, 10, 21.39, 5.32, 1, 3, 2, 25.36, 8.25, 0.01833, 9, 3.24, -2.31, 0.98114, 10, -12.69, 4.17999, 5.1E-4, 3, 2, 24.9, 4.65, 0.35391, 9, -0.37, -2.05, 0.64522, 10, -9.18999, 3.19, 8.5E-4, 2, 2, 24.32, -0.21, 0.87751, 10, -4.46, 1.9, 0.12248, 3, 2, 25.12, -4.56, 0.30335, 9, -9.57, -2.77, 7.9E-4, 10, -0.04, 2.03, 0.69584, 3, 2, 26, -8.35999, 0.04359, 9, -13.31, -3.86, 8.4E-4, 10, 3.84, 2.33999, 0.95555 ],
				"hull": 14,
				"edges": [ 12, 14, 0, 26, 8, 6, 6, 4, 0, 2, 4, 2, 10, 12, 8, 10, 18, 20, 20, 22, 14, 16, 16, 18, 24, 26, 22, 24, 10, 28, 28, 16, 8, 30, 30, 18, 6, 32, 32, 20, 4, 34, 34, 22, 2, 36, 36, 24 ],
				"width": 50,
				"height": 12
			}
		},
		"shenti2": {
			"shenti": {
				"type": "mesh",
				"uvs": [ 0.91352, 0.17546, 1, 0.66664, 0.99999, 0.95863, 0.74303, 0.96362, 0.51506, 0.95845, 0.28974, 0.9638, 1.0E-5, 0.9638, 0, 0.77004, 0.04673, 0.38744, 0.13441, 0.0979, 0.29975, 0, 0.51019, 0, 0.73065, 0, 0.28222, 0.34091, 0.28222, 0.63561, 0.50267, 0.3254, 0.5152, 0.64078, 0.73816, 0.31506, 0.74067, 0.6201, 0.86843, 0.4288 ],
				"triangles": [ 17, 12, 0, 15, 10, 11, 11, 12, 17, 15, 11, 17, 13, 9, 10, 13, 10, 15, 8, 9, 13, 19, 17, 0, 18, 17, 19, 15, 17, 18, 14, 8, 13, 16, 15, 18, 13, 15, 16, 14, 13, 16, 19, 0, 1, 18, 19, 1, 7, 8, 14, 16, 5, 14, 1, 3, 18, 2, 3, 1, 16, 18, 3, 4, 16, 3, 4, 5, 16, 7, 14, 5, 6, 7, 5 ],
				"vertices": [ 37.91, -40.00999, 15.1, -49.12, 1.38, -49.55, 0.36, -24.65, -0.09, -2.54, -1.03, 19.29, -1.92, 47.38, 7.17, 47.67, 25.29, 43.7, 39.16, 35.63, 44.27, 19.75, 44.91, -0.64, 45.59, -22.02, 28.2, 20.94, 14.35, 20.5, 29.6, -0.4, 14.82, -2.08, 30.81, -23.21, 16.49, -23.91, 25.87, -36.00999 ],
				"hull": 13,
				"edges": [ 20, 26, 26, 28, 10, 12, 28, 10, 20, 22, 22, 30, 30, 32, 8, 10, 32, 8, 22, 24, 24, 34, 34, 36, 4, 6, 6, 8, 36, 6, 24, 0, 4, 2, 0, 2, 20, 18, 18, 16, 12, 14, 16, 14 ],
				"width": 97,
				"height": 47
			}
		},
		"toufa2": {
			"toufa": {
				"type": "skinnedmesh",
				"uvs": [ 0.79908, 0.06589, 0.82273, 0.16745, 0.85731, 0.24725, 0.9552, 0.40469, 0.95013, 0.55195, 1, 0.73331, 0.95195, 0.87357, 0.88279, 0.92919, 0.61153, 0.99999, 0.38707, 1, 0.08871, 0.91468, 0.03181, 0.83294, 0, 0.7188, 0.04503, 0.5592, 0.04321, 0.40444, 0.14149, 0.26176, 0.17606, 0.16503, 0.19972, 0.06831, 0.25614, 0, 0.30281, 0, 0.34349, 0, 0.65713, 0, 0.70283, 0, 0.7554, 0, 0.2525, 0.5592, 0.30274, 0.71174, 0.2564, 0.642, 0.27252, 0.43346, 0.27798, 0.30771, 0.28162, 0.19647, 0.2889, 0.09974, 0.29811, 0.7973, 0.19215, 0.93771, 0.26299, 0.88324, 0.1999, 0.85607, 0.16509, 0.77416, 0.14417, 0.6728, 0.14695, 0.5592, 0.16937, 0.4204, 0.20228, 0.28223, 0.22461, 0.17949, 0.24615, 0.08467, 0.71536, 0.29804, 0.74994, 0.56404, 0.69716, 0.69704, 0.7372, 0.64142, 0.69716, 0.79135, 0.75176, 0.92193, 0.73538, 0.43587, 0.71718, 0.19889, 0.71536, 0.10458, 0.75595, 0.08582, 0.77093, 0.18288, 0.79414, 0.26985, 0.84051, 0.42609, 0.85024, 0.55798, 0.85903, 0.68402, 0.83656, 0.79362, 0.78469, 0.85635, 0.46867, 0.84601, 0.53014, 0.84185, 0.50166, 0.74836, 0.50166, 0.91103, 0.56238, 0.77178, 0.43017, 0.7913, 0.40078, 0.79061, 0.45269, 0.9754, 0.35573, 0.788, 0.3086, 0.81446, 0.28538, 0.91038, 0.32891, 0.98035, 0.3714, 0.89396, 0.42667, 0.88275, 0.4571, 0.72531, 0.53339, 0.71983, 0.57566, 0.88148, 0.63648, 0.90202, 0.71277, 0.9212, 0.54164, 0.96778, 0.60143, 0.79381, 0.66328, 0.78422, 0.70396, 0.84692, 0.66726, 0.97896 ],
				"triangles": [ 39, 40, 29, 40, 15, 16, 48, 27, 28, 42, 28, 29, 49, 52, 53, 16, 17, 41, 30, 20, 21, 50, 51, 52, 51, 0, 1, 60, 61, 63, 67, 25, 73, 44, 74, 24, 64, 73, 61, 61, 74, 63, 73, 26, 24, 26, 73, 25, 61, 73, 74, 74, 73, 24, 63, 74, 44, 50, 30, 21, 50, 49, 30, 21, 22, 50, 50, 22, 51, 22, 23, 51, 51, 23, 0, 40, 41, 30, 30, 41, 19, 41, 18, 19, 41, 17, 18, 49, 29, 30, 30, 19, 20, 42, 29, 49, 53, 52, 1, 52, 51, 1, 49, 50, 52, 42, 49, 53, 53, 1, 2, 28, 42, 48, 29, 40, 30, 28, 39, 29, 39, 15, 40, 40, 16, 41, 33, 31, 68, 34, 35, 31, 10, 11, 35, 31, 35, 25, 32, 34, 33, 32, 10, 34, 33, 34, 31, 34, 10, 35, 10, 32, 70, 32, 33, 69, 11, 12, 35, 35, 36, 26, 12, 36, 35, 12, 13, 36, 26, 36, 37, 36, 13, 37, 35, 26, 25, 27, 43, 24, 26, 37, 24, 27, 24, 38, 24, 37, 38, 38, 37, 14, 37, 13, 14, 27, 38, 28, 14, 15, 38, 38, 39, 28, 38, 15, 39, 59, 64, 61, 66, 72, 62, 72, 59, 62, 72, 64, 59, 66, 9, 71, 64, 65, 73, 68, 31, 67, 68, 67, 71, 71, 67, 65, 10, 70, 9, 70, 71, 9, 66, 71, 72, 69, 33, 68, 71, 65, 72, 72, 65, 64, 70, 32, 69, 31, 25, 67, 65, 67, 73, 70, 69, 71, 71, 69, 68, 8, 9, 66, 62, 59, 60, 66, 62, 78, 60, 59, 61, 78, 62, 75, 62, 60, 75, 60, 63, 79, 8, 66, 78, 80, 46, 81, 80, 79, 44, 8, 78, 76, 76, 78, 75, 76, 81, 77, 75, 79, 76, 82, 77, 47, 8, 76, 82, 82, 76, 77, 47, 77, 81, 76, 80, 81, 76, 79, 80, 8, 82, 7, 75, 60, 79, 44, 79, 63, 7, 57, 6, 46, 44, 57, 47, 58, 7, 46, 58, 47, 46, 80, 44, 46, 47, 81, 82, 47, 7, 57, 58, 46, 58, 57, 7, 57, 44, 56, 56, 44, 45, 56, 45, 55, 56, 55, 4, 57, 56, 5, 56, 4, 5, 45, 44, 43, 6, 57, 5, 43, 44, 24, 48, 43, 27, 45, 43, 55, 55, 43, 54, 43, 48, 54, 55, 54, 4, 4, 54, 3, 48, 42, 54, 42, 53, 54, 54, 2, 3, 54, 53, 2 ],
				"vertices": [ 1, 2, 51.82, -28.31, 1, 6, 12, -8.08, 4.62, 0.24993, 13, -28.02, -7.92, 6.0E-5, 15, -36.8, -24.79, 0, 3, -58.94, -15.43, 0, 16, -0.76, 77.26999, 0, 2, 44.46, -30.78, 0.75, 5, 12, -1.56, 6.27, 0.29977, 13, -22.8, -3.68, 2.2E-4, 15, -33.74, -18.81, 0, 16, 5.92, 76.71, 0, 2, 38.72, -34.27, 0.7, 3, 12, 12.06, 12.3, 0.94084, 13, -12.97, 7.52, 0.05877, 2, 27.45, -44.03, 3.7E-4, 2, 12, 22.28, 8.91, 0.49053, 13, -2.28, 8.75, 0.50945, 3, 12, 36.33, 9.97999, 0.01505, 13, 10.01, 15.63, 0.78506, 15, -11.5, 12.1, 0.19988, 2, 13, 20.86, 12.67, 0.43695, 15, -0.37, 13.76, 0.56304, 2, 13, 25.94, 6.69, 0.15457, 15, 6.67, 10.34, 0.84542, 2, 4, 13, -3.32, 0.99996, 16, 37.54, 25.84, 3.0E-5, 1, 3, 12.5, 3.9, 1, 3, 15, 47.7, -54.84, 0, 14, 24.52, -9.39, 0.32595, 16, 3.56, -12.31, 0.67404, 4, 15, 45.7, -62.72, 0, 4, -38.5, -28.98, 0, 14, 17.82, -13.99, 0.61267, 16, -4.46999, -13.45, 0.38732, 6, 12, 9.03, -83.1, 0, 15, 40.39, -69.83999, 0, 4, -46.12, -24.41, 0, 11, 34.45, -10.93, 0.04985, 14, 9.13, -15.84, 0.78167, 16, -13.08, -11.25, 0.16846, 8, 12, -1, -75.74, 0, 15, 28.24, -72.51999, 0, 4, -50, -12.58, 0, 3, 17.19, -42.07, 0, 11, 22.05, -9.83, 0.4552, 14, -1.76, -9.84, 0.54139, 16, -20.18, -1.03, 0.00338, 2, 14.09, 43.95, 2.0E-5, 6, 15, 18.86, -78.82, 0, 4, -57.2, -3.88, 0, 3, 10.06, -50.83, 1.0E-5, 11, 11.21, -13.02, 0.93458, 14, -12.97, -8.38, 0.0651, 2, 25.38, 44.4, 2.9E-4, 4, 12, -19.36, -60.85, 0, 11, -1.36, -6.62, 0.36999, 16, -32.71, 19.01, 0, 2, 36.02, 35.11, 0.63, 5, 12, -25.25, -55.7, 0, 15, -2.81, -77.51999, 0, 11, -9.06, -5.28, 0.22999, 16, -36.59999, 25.79, 0, 2, 43.16, 31.92, 0.77, 1, 2, 50.27, 29.8, 1, 1, 2, 55.39, 24.44, 1, 1, 2, 55.49, 19.92, 1, 1, 2, 55.59, 15.97, 1, 1, 2, 56.3, -14.43, 1, 1, 2, 56.41, -18.86, 1, 1, 2, 56.53, -23.96, 1, 8, 12, 4.44999, -56.37, 0, 15, 17.29, -55.64, 0, 4, -34.29, 0, 1.0E-5, 3, 1.79, -29.12, 0.04106, 11, 16.67, 9.55, 0.4541, 14, 1.13, 10.07, 0.17256, 16, -8.72, 15.51, 0.01565, 2, 14.57, 23.83, 0.31659, 7, 12, 16.49, -54.69, 0, 15, 23.98, -45.49, 0, 4, -23.52, -5.64, 1.2E-4, 11, 26.1, 17.21999, 0.06207, 14, 12.85, 13.28, 0.2529, 16, 3.2, 13.18, 0.28295, 2, 3.55, 18.7, 0.40194, 7, 12, 10.37, -57.64, 0, 15, 22.15, -52.03, 0, 4, -30.22, -4.48, 5.0E-5, 11, 22.4, 11.53, 0.20137, 14, 7.17, 9.57, 0.35789, 16, -3.54, 12.38, 0.10937, 2, 8.54, 23.31, 0.33129, 6, 15, 8.53, -59, 0, 4, -38.52, 8.37, 0, 3, -5.59, -34.9, 0.01031, 11, 7.31, 8.97, 0.7175, 14, -7.66, 13.31, 0.03893, 2, 23.79, 22.11, 0.23323, 3, 12, -12.55, -49.01, 0, 11, -1.67, 7.02, 0.36999, 2, 32.98, 21.8, 0.63, 4, 12, -20.27, -46.47, 0, 11, -9.59, 5.19, 0.22999, 16, -28.89, 32.9, 0, 2, 41.11, 21.63, 0.77, 1, 2, 48.18, 21.1, 1, 7, 12, 22.38, -56.82, 0, 15, 29.46, -42.47, 0, 4, -19.96999, -10.79, 3.3E-4, 11, 32.24, 18.45999, 0.01466, 14, 18.96999, 11.94, 0.09305, 16, 8.08, 9.26, 0.49809, 2, -2.69, 19, 0.39385, 5, 12, 29.46, -69.49, 0, 15, 43.65, -45.51, 0, 4, -21.58, -25.22, 1.0E-5, 14, 27.63, 0.29, 0.06192, 16, 10.66, -5.02, 0.93806, 5, 12, 27.5, -61.8, 0, 15, 36.58, -41.91, 0, 4, -18.7, -17.82, 9.9E-4, 16, 11.3, 2.89, 0.9614, 2, -9.05, 22.26, 0.03759, 1, 16, 6.18, -1.01, 1, 2, 14, 15.44, -0.58, 0.5, 16, -0.64999, -0.38, 0.5, 1, 14, 7.82, -1.52, 1, 2, 11, 19.41, -0.31, 0.5, 14, -0.34, -0.05, 0.5, 1, 11, 9.06, -0.92, 1, 2, 11, -1.5, -0.54, 0.37, 2, 34.66999, 29.18, 0.63, 5, 12, -22.96, -51.46, 0, 15, -4.48999, -72.99, 0, 11, -9.3, -0.46, 0.22999, 16, -33.06, 29.06, 0, 2, 42.22, 27.19, 0.77, 1, 2, 49.18, 25.27, 1, 4, 12, -1.73, -7.98, 0.29989, 13, -16.95, -16.68, 1.0E-4, 16, 1.14, 63.28, 0, 2, 34.68999, -20.59, 0.7, 5, 12, 17.87, -10.01, 0.66025, 13, 1.68, -10.27, 0.31837, 15, -8.67, -14.96, 0.02136, 3, -34.91, 2.18, 0, 16, 19.01, 54.99, 0, 5, 12, 25.82, -17.57, 0.11955, 13, 12.08, -13.78, 0.33426, 15, 2.26, -13.97, 0.54612, 3, -24.75, 6.32, 5.0E-5, 16, 24.08, 45.25, 0, 5, 12, 22.97, -12.73, 0.23019, 13, 7.45, -10.59, 0.54631, 15, -3.25, -12.93, 0.22346, 3, -30.33, 5.71, 1.0E-5, 16, 22.96, 50.76, 0, 5, 12, 32.45, -19.44, 0.03179, 13, 18.87999, -12.68, 0.13409, 15, 8.03, -10.22999, 0.83401, 3, -20.32, 11.59, 9.0E-5, 16, 29.75, 41.33, 0, 3, 15, 13.15, -0.6, 0.99991, 3, -18.24, 22.3, 8.0E-5, 16, 40.59999, 40.27, 0, 7, 12, 8.47999, -8.83, 0.60379, 13, -7.32, -13.16, 0.06259, 15, -15.75, -21.24, 0.00102, 4, -3.37, 36.32, 0.01079, 3, -39.84999, -5.88, 0, 16, 10.52, 59.15, 0, 2, 24.67, -22.77, 0.32179, 2, 12, -8.64999, -5.84, 0.25, 2, 41.93, -20.6, 0.75, 1, 2, 48.81, -20.26, 1, 1, 2, 50.27, -24.16, 1, 4, 12, -8.35999, -0.51, 0.25, 15, -33.12, -28.4, 0, 3, -54.37, -17.79999, 0, 2, 43.22, -25.78, 0.75, 2, 12, -1.64, -0.06, 0.3, 2, 36.91999, -28.18, 0.7, 1, 12, 10.55, 1.16999, 1, 2, 12, 20.08, -0.52, 0.5, 13, -0.3, -0.74, 0.5, 1, 13, 8.64, 1.56, 1, 2, 13, 16.87999, 0.69, 0.5, 15, 0.81, 1.2, 0.5, 1, 15, 7.39, -0.52, 1, 1, 3, -0.78, 0.39, 1, 1, 4, -0.37, 0.74, 1, 1, 2, 1.33, -0.64, 1, 2, 4, 0.63, -4.92, 0.51, 3, -0.18, 6.08, 0.49, 2, 4, -1.13, 6.69, 0.46425, 2, -0.23, -6.57, 0.53574, 4, 3, -0.49, -5.06, 0.5679, 11, 28.39, 30.68, 0.00685, 14, 20.37999, 24.68, 0.02089, 2, -1.95, 6.21, 0.40435, 1, 3, 1.65, -6.94, 1, 1, 3, 6.47, 6.62, 1, 4, 12, 23.24, -51.25, 0, 15, 25.85, -38.15, 0, 4, -16.03, -6.77, 2.9E-4, 3, 4.87, -9.89, 0.9997, 4, 12, 23.86, -56.18, 0, 15, 29.96, -40.93, 0, 4, -18.39, -11.13, 2.9E-4, 3, 9.60999, -11.36, 0.9997, 1, 3, 15.84, -7.45, 1, 2, 12, 36.05, -57.56, 0, 3, 15.89, -0.82, 1, 1, 3, 8.68, -2.99, 1, 1, 3, 4.05, -0.17, 1, 5, 3, -5.59, -7.07, 0.06877, 11, 23.05, 31.91, 0.00393, 14, 15.99, 27.96, 0.00856, 16, 12.53, 24.93, 0.01225, 2, 2.91, 3.71, 0.90645, 2, 4, -5.69, 7.89, 0.08737, 2, 3.49, -3.67, 0.91262, 1, 4, 4.88, 1.24, 1, 2, 4, 10.42, 3.76, 0.9579, 2, -9.56, -13.98, 0.04209, 2, 4, 17.07, 7.3, 0.99999, 16, 38.4, 37.18999, 0, 2, 4, 6.24, -5.73, 0.99922, 16, 31.75, 21.6, 7.7E-4, 1, 4, 2.82, 7.8, 1, 1, 4, 7.07, 12.1, 1, 1, 4, 13.01, 11, 1, 1, 4, 16.26, 1.25, 1 ],
				"hull": 24,
				"edges": [ 60, 58, 60, 40, 34, 36, 34, 32, 32, 30, 30, 28, 28, 26, 26, 24, 24, 22, 58, 56, 56, 54, 54, 48, 48, 52, 52, 50, 50, 62, 20, 64, 64, 66, 66, 62, 20, 68, 68, 62, 50, 70, 70, 22, 24, 72, 72, 52, 26, 74, 74, 48, 28, 76, 76, 54, 30, 78, 78, 56, 32, 80, 80, 58, 34, 82, 82, 60, 94, 92, 94, 14, 14, 12, 12, 10, 92, 88, 88, 90, 90, 86, 6, 8, 8, 10, 86, 96, 96, 84, 40, 42, 42, 100, 100, 98, 46, 0, 0, 2, 2, 4, 4, 6, 100, 102, 102, 0, 98, 104, 104, 2, 84, 106, 106, 4, 96, 108, 108, 6, 86, 110, 110, 8, 10, 112, 112, 90, 88, 114, 114, 12, 92, 116, 116, 14, 124, 120, 124, 118, 118, 122, 122, 120, 120, 126, 118, 128, 18, 132, 132, 124, 136, 134, 136, 138, 138, 140, 140, 18, 18, 142, 142, 134, 130, 144, 144, 132, 138, 142, 142, 144, 144, 118, 128, 146, 146, 122, 122, 148, 148, 126, 156, 150, 150, 158, 16, 18, 16, 152, 152, 160, 126, 158, 158, 160, 160, 162, 162, 154, 154, 164, 164, 16, 124, 156, 156, 16, 120, 150, 150, 152, 152, 154, 64, 68, 68, 70, 70, 72, 72, 74, 74, 76, 76, 78, 78, 80, 80, 82, 36, 38, 38, 40, 82, 38, 94, 116, 116, 114, 114, 112, 112, 110, 110, 108, 108, 106, 106, 104, 104, 102, 42, 44, 44, 46, 102, 44, 14, 16, 18, 20, 20, 22 ],
				"width": 97,
				"height": 73
			}
		},
		"touguan2": {
			"touguan": { "x": 8.28, "y": 0.46, "rotation": -90.9, "width": 83, "height": 40 }
		},
		"youyankuang2": {
			"youyankuang": {
				"type": "mesh",
				"uvs": [ 1, 1, 0, 1, 0, 0, 1, 0 ],
				"triangles": [ 1, 2, 3, 1, 3, 0 ],
				"vertices": [ 27.85, 4.63, 27.42, 22.63, 46.42, 23.08, 46.84, 5.08 ],
				"hull": 4,
				"edges": [ 0, 2, 2, 4, 4, 6, 0, 6 ],
				"width": 18,
				"height": 19
			}
		},
		"youyanzhu2": {
			"youyanzhu": { "x": -0.63, "y": 0.04, "rotation": -88.64, "width": 9, "height": 9 }
		},
		"zuoyanzhu2": {
			"zuoyanzhu": { "x": -0.62, "y": -0.23, "rotation": -88.64, "width": 9, "height": 9 }
		}
	}
},
"animations": {
	"animation": {
		"slots": {
			"2": {
				"attachment": [
					{ "time": 0, "name": "1" },
					{ "time": 0.0666, "name": "2" },
					{ "time": 0.1333, "name": "3" },
					{ "time": 0.2, "name": "4" },
					{ "time": 0.2666, "name": "1" },
					{ "time": 0.3333, "name": "2" },
					{ "time": 0.4, "name": "3" },
					{ "time": 0.4666, "name": "4" },
					{ "time": 0.5666, "name": "3" }
				]
			},
			"bone2": {
				"attachment": [
					{ "time": 0, "name": "zuoyuankuang" },
					{ "time": 0.5666, "name": "zuoyuankuang" }
				]
			},
			"bone3": {
				"attachment": [
					{ "time": 0, "name": "tou" },
					{ "time": 0.5666, "name": "tou" }
				]
			},
			"bone4": {
				"attachment": [
					{ "time": 0, "name": "bizi" },
					{ "time": 0.5666, "name": "bizi" }
				]
			},
			"bone5": {
				"attachment": [
					{ "time": 0, "name": "zui" },
					{ "time": 0.5666, "name": "zui" }
				]
			},
			"huzi2": {
				"attachment": [
					{ "time": 0, "name": "huzi" },
					{ "time": 0.5666, "name": "huzi" }
				]
			},
			"shenti2": {
				"attachment": [
					{ "time": 0, "name": "shenti" },
					{ "time": 0.5666, "name": "shenti" }
				]
			},
			"toufa2": {
				"attachment": [
					{ "time": 0, "name": "toufa" },
					{ "time": 0.5666, "name": "toufa" }
				]
			},
			"touguan2": {
				"attachment": [
					{ "time": 0, "name": "touguan" },
					{ "time": 0.5666, "name": "touguan" }
				]
			},
			"youyankuang2": {
				"attachment": [
					{ "time": 0, "name": "youyankuang" },
					{ "time": 0.5666, "name": "youyankuang" }
				]
			},
			"youyanzhu2": {
				"attachment": [
					{ "time": 0, "name": "youyanzhu" },
					{ "time": 0.5666, "name": "youyanzhu" }
				]
			},
			"zuoyanzhu2": {
				"attachment": [
					{ "time": 0, "name": "zuoyanzhu" },
					{ "time": 0.5666, "name": "zuoyanzhu" }
				]
			}
		},
		"bones": {
			"root": {
				"rotate": [
					{ "time": 0, "angle": 0, "curve": "stepped" },
					{ "time": 0.5666, "angle": 0 }
				],
				"translate": [
					{ "time": 0, "x": 0, "y": 0, "curve": "stepped" },
					{ "time": 0.5666, "x": 0, "y": 0 }
				],
				"scale": [
					{ "time": 0, "x": 1, "y": 1, "curve": "stepped" },
					{ "time": 0.5666, "x": 1, "y": 1 }
				]
			},
			"bone": {
				"rotate": [
					{ "time": 0, "angle": 0, "curve": "stepped" },
					{ "time": 0.5666, "angle": 0 }
				],
				"translate": [
					{ "time": 0, "x": 0, "y": 0, "curve": "stepped" },
					{ "time": 0.5666, "x": 0, "y": 0 }
				],
				"scale": [
					{ "time": 0, "x": 1, "y": 1, "curve": "stepped" },
					{ "time": 0.5666, "x": 1, "y": 1 }
				]
			},
			"bone2": {
				"rotate": [
					{ "time": 0, "angle": 0, "curve": "stepped" },
					{ "time": 0.5666, "angle": 0 }
				],
				"translate": [
					{ "time": 0, "x": 0, "y": 0, "curve": "stepped" },
					{ "time": 0.5666, "x": 0, "y": 0 }
				],
				"scale": [
					{ "time": 0, "x": 1, "y": 1, "curve": "stepped" },
					{ "time": 0.1, "x": 1, "y": 1 },
					{ "time": 0.2, "x": 1.033, "y": 1 },
					{ "time": 0.3, "x": 1, "y": 1 },
					{ "time": 0.4333, "x": 1.033, "y": 1 },
					{ "time": 0.5666, "x": 1, "y": 1 }
				]
			},
			"bone12": {
				"rotate": [
					{ "time": 0, "angle": 0, "curve": "stepped" },
					{ "time": 0.5666, "angle": 0 }
				],
				"translate": [
					{ "time": 0, "x": 0, "y": 0, "curve": "stepped" },
					{ "time": 0.5666, "x": 0, "y": 0 }
				],
				"scale": [
					{ "time": 0, "x": 1, "y": 1, "curve": "stepped" },
					{ "time": 0.5666, "x": 1, "y": 1 }
				]
			},
			"bone13": {
				"rotate": [
					{ "time": 0, "angle": 0, "curve": "stepped" },
					{ "time": 0.5666, "angle": 0 }
				],
				"translate": [
					{ "time": 0, "x": 0, "y": 0, "curve": "stepped" },
					{ "time": 0.5666, "x": 0, "y": 0 }
				],
				"scale": [
					{ "time": 0, "x": 1, "y": 1, "curve": "stepped" },
					{ "time": 0.5666, "x": 1, "y": 1 }
				]
			},
			"bone14": {
				"rotate": [
					{ "time": 0, "angle": 0, "curve": "stepped" },
					{ "time": 0.5666, "angle": 0 }
				],
				"translate": [
					{ "time": 0, "x": 0, "y": 0, "curve": "stepped" },
					{ "time": 0.5666, "x": 0, "y": 0 }
				],
				"scale": [
					{ "time": 0, "x": 1, "y": 1 },
					{ "time": 0.0666, "x": 1.244, "y": 1.244 },
					{ "time": 0.1666, "x": 0.968, "y": 0.968 },
					{ "time": 0.2333, "x": 1.145, "y": 1.145 },
					{ "time": 0.3666, "x": 0.804, "y": 0.804 },
					{ "time": 0.5666, "x": 1, "y": 1 }
				]
			},
			"bone15": {
				"rotate": [
					{ "time": 0, "angle": 0, "curve": "stepped" },
					{ "time": 0.5666, "angle": 0 }
				],
				"translate": [
					{ "time": 0, "x": 0, "y": 0, "curve": "stepped" },
					{ "time": 0.5666, "x": 0, "y": 0 }
				],
				"scale": [
					{ "time": 0, "x": 1, "y": 1 },
					{ "time": 0.0666, "x": 1.293, "y": 1.293 },
					{ "time": 0.1666, "x": 1, "y": 1 },
					{ "time": 0.2333, "x": 1.293, "y": 1.293 },
					{ "time": 0.4, "x": 0.806, "y": 0.806 },
					{ "time": 0.5666, "x": 1, "y": 1 }
				]
			},
			"bone3": {
				"rotate": [
					{ "time": 0, "angle": 0, "curve": "stepped" },
					{ "time": 0.5666, "angle": 0 }
				],
				"translate": [
					{ "time": 0, "x": 0, "y": 0, "curve": "stepped" },
					{ "time": 0.5666, "x": 0, "y": 0 }
				],
				"scale": [
					{ "time": 0, "x": 1, "y": 1, "curve": "stepped" },
					{ "time": 0.5666, "x": 1, "y": 1 }
				]
			},
			"bone4": {
				"rotate": [
					{ "time": 0, "angle": 0 },
					{ "time": 0.1333, "angle": -1.5 },
					{ "time": 0.3666, "angle": 9.51 },
					{ "time": 0.5666, "angle": 0 }
				],
				"translate": [
					{ "time": 0, "x": 0, "y": 0, "curve": "stepped" },
					{ "time": 0.5666, "x": 0, "y": 0 }
				],
				"scale": [
					{ "time": 0, "x": 1, "y": 1, "curve": "stepped" },
					{ "time": 0.5666, "x": 1, "y": 1 }
				]
			},
			"bone5": {
				"rotate": [
					{ "time": 0, "angle": 0 },
					{ "time": 0.1333, "angle": 6.51 },
					{ "time": 0.4333, "angle": -5.03 },
					{ "time": 0.5666, "angle": 0 }
				],
				"translate": [
					{ "time": 0, "x": 0, "y": 0, "curve": "stepped" },
					{ "time": 0.5666, "x": 0, "y": 0 }
				],
				"scale": [
					{ "time": 0, "x": 1, "y": 1, "curve": "stepped" },
					{ "time": 0.5666, "x": 1, "y": 1 }
				]
			},
			"bone6": {
				"rotate": [
					{
						"time": 0,
						"angle": 0,
						"curve": [ 0.25, 0, 0.75, 1 ]
					},
					{
						"time": 0.1333,
						"angle": -9.85,
						"curve": [ 0.25, 0, 0.75, 1 ]
					},
					{
						"time": 0.2666,
						"angle": -0.16,
						"curve": [ 0.25, 0, 0.75, 1 ]
					},
					{
						"time": 0.4666,
						"angle": -9.85,
						"curve": [ 0.25, 0, 0.75, 1 ]
					},
					{ "time": 0.5666, "angle": 0 }
				],
				"translate": [
					{ "time": 0, "x": 0, "y": 0, "curve": "stepped" },
					{ "time": 0.5666, "x": 0, "y": 0 }
				],
				"scale": [
					{ "time": 0, "x": 1, "y": 1, "curve": "stepped" },
					{ "time": 0.5666, "x": 1, "y": 1 }
				]
			},
			"bone9": {
				"rotate": [
					{
						"time": 0,
						"angle": 0,
						"curve": [ 0.25, 0, 0.75, 1 ]
					},
					{
						"time": 0.1333,
						"angle": 5.86,
						"curve": [ 0.25, 0, 0.75, 1 ]
					},
					{
						"time": 0.3,
						"angle": -5.17,
						"curve": [ 0.25, 0, 0.75, 1 ]
					},
					{
						"time": 0.5,
						"angle": 5.86,
						"curve": [ 0.25, 0, 0.75, 1 ]
					},
					{ "time": 0.5666, "angle": 0 }
				],
				"translate": [
					{ "time": 0, "x": 0, "y": 0, "curve": "stepped" },
					{ "time": 0.5666, "x": 0, "y": 0 }
				],
				"scale": [
					{ "time": 0, "x": 1, "y": 1, "curve": "stepped" },
					{ "time": 0.5666, "x": 1, "y": 1 }
				]
			},
			"bone10": {
				"rotate": [
					{
						"time": 0,
						"angle": 0,
						"curve": [ 0.25, 0, 0.75, 1 ]
					},
					{
						"time": 0.0666,
						"angle": -20.72,
						"curve": [ 0.25, 0, 0.75, 1 ]
					},
					{
						"time": 0.2333,
						"angle": 21.46,
						"curve": [ 0.25, 0, 0.75, 1 ]
					},
					{
						"time": 0.4333,
						"angle": -20.72,
						"curve": [ 0.25, 0, 0.75, 1 ]
					},
					{ "time": 0.5666, "angle": 0 }
				],
				"translate": [
					{ "time": 0, "x": 0, "y": 0, "curve": "stepped" },
					{ "time": 0.5666, "x": 0, "y": 0 }
				],
				"scale": [
					{ "time": 0, "x": 1, "y": 1, "curve": "stepped" },
					{ "time": 0.5666, "x": 1, "y": 1 }
				]
			},
			"bone7": {
				"rotate": [
					{
						"time": 0,
						"angle": 0,
						"curve": [ 0.25, 0, 0.75, 1 ]
					},
					{
						"time": 0.0666,
						"angle": 24.01,
						"curve": [ 0.25, 0, 0.75, 1 ]
					},
					{
						"time": 0.2,
						"angle": -4.71,
						"curve": [ 0.25, 0, 0.75, 1 ]
					},
					{
						"time": 0.4,
						"angle": 24.01,
						"curve": [ 0.25, 0, 0.75, 1 ]
					},
					{ "time": 0.5666, "angle": 0 }
				],
				"translate": [
					{ "time": 0, "x": 0, "y": 0, "curve": "stepped" },
					{ "time": 0.5666, "x": 0, "y": 0 }
				],
				"scale": [
					{ "time": 0, "x": 1, "y": 1, "curve": "stepped" },
					{ "time": 0.5666, "x": 1, "y": 1 }
				]
			},
			"bone11": {
				"rotate": [
					{
						"time": 0,
						"angle": 0,
						"curve": [ 0.25, 0, 0.75, 1 ]
					},
					{
						"time": 0.1333,
						"angle": -20.49,
						"curve": [ 0.25, 0, 0.75, 1 ]
					},
					{
						"time": 0.3,
						"angle": 19.45,
						"curve": [ 0.25, 0, 0.75, 1 ]
					},
					{
						"time": 0.5,
						"angle": -20.49,
						"curve": [ 0.25, 0, 0.75, 1 ]
					},
					{ "time": 0.5666, "angle": 0 }
				],
				"translate": [
					{ "time": 0, "x": 0, "y": 0, "curve": "stepped" },
					{ "time": 0.5666, "x": 0, "y": 0 }
				],
				"scale": [
					{ "time": 0, "x": 1, "y": 1, "curve": "stepped" },
					{ "time": 0.5666, "x": 1, "y": 1 }
				]
			},
			"bone8": {
				"rotate": [
					{
						"time": 0,
						"angle": 0,
						"curve": [ 0.25, 0, 0.75, 1 ]
					},
					{
						"time": 0.1333,
						"angle": 26.25,
						"curve": [ 0.25, 0, 0.75, 1 ]
					},
					{
						"time": 0.2666,
						"angle": -19.04,
						"curve": [ 0.25, 0, 0.75, 1 ]
					},
					{
						"time": 0.4666,
						"angle": 26.25,
						"curve": [ 0.25, 0, 0.75, 1 ]
					},
					{ "time": 0.5666, "angle": 0 }
				],
				"translate": [
					{ "time": 0, "x": 0, "y": 0, "curve": "stepped" },
					{ "time": 0.5666, "x": 0, "y": 0 }
				],
				"scale": [
					{ "time": 0, "x": 1, "y": 1, "curve": "stepped" },
					{ "time": 0.5666, "x": 1, "y": 1 }
				]
			},
			"bone16": {
				"rotate": [
					{ "time": 0, "angle": 0, "curve": "stepped" },
					{ "time": 0.5666, "angle": 0 }
				],
				"translate": [
					{ "time": 0, "x": 0, "y": 0, "curve": "stepped" },
					{ "time": 0.5666, "x": 0, "y": 0 }
				],
				"scale": [
					{ "time": 0, "x": 1, "y": 1, "curve": "stepped" },
					{ "time": 0.5666, "x": 1, "y": 1 }
				]
			}
		},
		"ffd": {
			"default": {
				"bone2": {
					"zuoyuankuang": [
						{ "time": 0, "curve": "stepped" },
						{ "time": 0.5666 }
					]
				},
				"bone5": {
					"zui": [
						{ "time": 0 },
						{
							"time": 0.1,
							"vertices": [ 2.40431, 0.05671, 2.40431, 0.05671, 2.40431, 0.05671, 5.24442, 0.82529, 3.6859, -0.14302, 0.69688, 1.09298, 2.39912, 2.0413, 4.97836, 1.82763, 2.40431, 0.05671, 2.40431, 0.05671, 2.40431, 0.05671, 2.40431, 0.05671, 2.40431, 0.05671, 2.40431, 0.05671, 2.40431, 0.05671, 2.40431, 0.05671, 2.40431, 0.05671, 0.71886, 0.05696, 1.87366, 1.54585, 3.24411, 1.74869, 4.79533, 2.11061, 2.38806, -0.8352, 5.04365, -0.28159 ]
						},
						{ "time": 0.2 },
						{
							"time": 0.3,
							"vertices": [ 2.15911, 0.25181, 1.17424, 2.04149, 1.52676, 3.85349, 5.5223, -0.64562, 3.42939, -0.84122, 1.09862, -0.54802, 2.00263, 1.36413, 4.01393, 1.34405, 1.8783, -2.23591, 1.7896, -1.51137, 2.23027, -0.80107, 2.15911, 0.25181, 2.15911, 0.25181, 2.50024, -1.84345, 2.15911, 0.25181, 2.15911, 0.25181, 3.07791, 2.31543, 0, 0, 0, 0, 2.1809, 1.06083, 4.53124, 1.40418, 2.15641, -0.86611, 4.18352, -0.28716 ]
						},
						{ "time": 0.5666 }
					]
				},
				"huzi2": {
					"huzi": [
						{ "time": 0, "curve": "stepped" },
						{ "time": 0.5666 }
					]
				},
				"shenti2": {
					"shenti": [
						{ "time": 0 },
						{
							"time": 0.1,
							"offset": 6,
							"vertices": [ 0.07022, -2.21888, 0, 0, -0.05899, 1.86406, 0, 0, 0, 0, 0, 0, 0, 0, -0.05899, 1.86406, 0, 0, 0.07022, -2.21888, -0.05899, 1.86406, -0.05899, 1.86406, 0, 0, 0, 0, 0.07022, -2.21888, 0.07022, -2.21888, 0.1357, -4.28784 ]
						},
						{ "time": 0.2 },
						{
							"time": 0.3,
							"offset": 6,
							"vertices": [ 0.07022, -2.21888, 0, 0, -0.05899, 1.86406, 0, 0, 0, 0, 0, 0, 0, 0, -0.05899, 1.86406, 0, 0, 0.07022, -2.21888, -0.05899, 1.86406, -0.05899, 1.86406, 0, 0, 0, 0, 0.07022, -2.21888, 0.07022, -2.21888, 0.1357, -4.28784 ]
						},
						{ "time": 0.5666 }
					]
				},
				"toufa2": {
					"toufa": [
						{ "time": 0, "curve": "stepped" },
						{ "time": 0.5666 }
					]
				},
				"youyankuang2": {
					"youyankuang": [
						{ "time": 0, "curve": "stepped" },
						{ "time": 0.5666 }
					]
				}
			}
		},
		"drawOrder": [
			{ "time": 0 },
			{ "time": 0.5666 }
		]
	}
}
}